PlayerId,Name,count,EPA,SoloTackle,AssistedTackle,SoloSack,AssistedSack,Pressure,PassBreakup,Interception,ForcedFumble,DL,LB,LeftSide,RightSide,Tech0,Tech1,Tech2,Tech2i,Tech3,Tech4,Tech4i,Tech5,Tech6,Tech7,Tech9,TechOff,TechOutside,DT,DE,RosterLB,team
26,Bud Dupree,478,-0.228819077,19,19,7,1,30,1,0,3,0,478,15,455,0,0,0,0,0,0,0,0,0,0,0,8,470,0,0,478,Steelers
27,Cameron Heyward,476,-0.212083763,22,25,4,1,34,5,0,0,440,36,48,401,17,25,46,67,132,37,54,20,17,9,16,10,26,0,476,0,Steelers
68,Chandler Jones,498,0.040738221,21,11,10,1,38,4,0,4,55,443,247,245,0,0,0,0,2,0,1,2,2,8,40,6,437,0,0,498,Cardinals
69,Jamie Collins,106,0.042196934,1,9,0,0,2,1,0,0,0,106,20,86,0,0,0,0,0,0,0,0,0,0,0,0,106,0,0,106,Patriots
71,Dont'a Hightower,86,-0.055113209,4,2,1,0,8,0,0,0,1,85,58,28,0,0,0,1,0,0,0,0,0,0,0,0,85,0,0,86,Patriots
73,Patrick Chung,19,0.571189632,1,0,0,0,0,0,0,0,0,19,12,7,0,0,0,0,0,0,0,0,0,0,0,0,19,0,0,0,Patriots
75,Devin McCourty,12,-0.240289667,0,0,0,0,0,0,0,0,0,12,2,10,0,0,0,0,0,0,0,0,0,0,0,0,12,0,0,0,Patriots
97,Steve McLendon,224,-0.103390397,13,8,1,1,8,0,0,0,224,0,164,26,34,45,32,38,41,8,25,1,0,0,0,0,0,224,0,0,Jets
132,Jerry Hughes,344,-0.072260227,3,3,2,0,21,0,0,0,294,50,8,332,0,0,0,0,2,4,2,43,66,56,121,4,46,0,344,0,Bills
133,Nigel Bradham,20,-0.4561519,1,2,0,0,0,0,0,0,0,20,10,10,0,0,0,0,0,0,0,0,0,0,0,0,20,0,0,20,Eagles
136,Stephon Gilmore,7,-0.454590857,0,2,0,0,0,0,0,0,0,7,6,1,0,0,0,0,0,0,0,0,0,0,0,0,7,0,0,0,Patriots
162,Aaron Lynch,139,0.178410842,2,0,1,0,11,2,0,0,59,80,86,45,0,2,1,1,26,6,6,1,2,7,7,8,72,0,0,139,Bears
168,Tramaine Brock Sr,1,-0.852252,0,0,0,0,0,1,0,0,0,1,1,0,0,0,0,0,0,0,0,0,0,0,0,0,1,0,0,0,Cardinals
170,Antoine Bethea,2,0.3542105,1,0,0,0,0,0,0,0,0,2,1,1,0,0,0,0,0,0,0,0,0,0,0,0,2,0,0,0,Giants
171,Jaquiski Tartt,22,-0.143325455,1,1,0,1,1,0,0,0,0,22,14,8,0,0,0,0,0,0,0,0,0,0,0,0,22,0,0,0,49ers
172,Eric Reid,65,0.2032696,3,4,0,0,1,0,0,0,0,65,37,28,0,0,0,0,0,0,0,0,0,0,0,0,65,0,0,0,Panthers
173,Jimmie Ward,4,1.769357,0,0,0,0,0,0,0,0,0,4,2,2,0,0,0,0,0,0,0,0,0,0,0,0,4,0,0,0,49ers
180,Arik Armstead,458,-0.005730194,16,12,3,3,32,2,0,1,444,14,389,62,5,14,8,20,53,38,47,11,70,56,122,2,12,0,458,0,49ers
184,Walt Aikens,2,0.091166,0,0,0,0,0,0,0,0,0,2,0,2,0,0,0,0,0,0,0,0,0,0,0,0,2,0,0,0,Dolphins
224,Damon Harrison,291,-0.039518663,17,12,0,0,4,0,0,0,291,0,133,19,139,46,18,15,73,0,0,0,0,0,0,0,0,291,0,0,Lions
226,Leonard Williams,333,-0.035340604,10,15,0,1,26,2,0,0,327,6,37,283,10,68,5,12,138,3,23,25,5,19,19,3,3,0,333,0,Giants
231,Demario Davis,58,0.057592931,4,2,1,0,4,2,0,0,0,58,17,41,0,0,0,0,0,0,0,0,0,0,0,0,58,0,0,58,Saints
246,Adrian Amos,11,0.324626545,1,0,1,0,1,0,0,0,0,11,5,6,0,0,0,0,0,0,0,0,0,0,0,0,11,0,0,0,Packers
253,Buster Skrine,3,-0.158971,0,0,0,0,0,0,0,0,0,3,3,0,0,0,0,0,0,0,0,0,0,0,0,0,3,0,0,0,Bears
258,Cameron Wake,58,0.214934707,0,0,0,0,8,0,0,0,57,1,56,2,0,0,0,0,3,0,1,2,3,2,46,0,1,0,58,0,Titans
259,Ndamukong Suh,458,-0.149087952,16,8,2,0,21,5,0,0,453,5,343,107,5,16,16,49,218,33,83,17,1,8,7,3,2,458,0,0,Buccaneers
268,Olivier Vernon,98,0.069342735,2,3,1,1,5,0,0,0,69,29,6,91,0,0,0,0,5,0,0,34,17,7,6,1,28,0,98,0,Browns
291,Timmy Jernigan,212,-0.049935108,6,3,1,0,8,0,0,0,212,0,19,192,1,20,20,70,77,4,19,1,0,0,0,0,0,212,0,0,Eagles
292,Reshad Jones,28,0.317117857,0,1,0,0,0,1,0,0,0,28,14,14,0,0,0,0,0,0,0,0,0,0,0,0,28,0,0,0,Dolphins
295,Jamar Taylor,3,-0.187908,0,0,0,0,0,0,0,0,0,3,1,2,0,0,0,0,0,0,0,0,0,0,0,0,3,0,0,0,Seahawks
301,Brandon Williams,288,-0.191546889,9,15,0,0,3,0,0,0,286,2,125,101,60,38,24,35,118,1,10,0,0,0,0,2,0,288,0,0,Ravens
312,Terrell Suggs,275,0.123694116,6,8,0,1,12,0,0,0,21,254,91,179,0,0,0,0,0,1,0,0,0,0,20,5,249,0,0,275,Cardinals
338,Derek Wolfe,185,-0.077736859,6,6,3,0,7,1,0,0,184,1,178,6,0,2,25,15,76,27,13,24,1,1,0,1,0,0,185,0,Broncos
343,Sylvester Williams,32,0.037320156,2,3,0,0,0,0,0,0,32,0,10,17,5,26,0,1,0,0,0,0,0,0,0,0,0,32,0,0,Chargers
344,Jimmy Smith,3,-0.113485,0,0,0,0,0,0,0,0,0,3,0,3,0,0,0,0,0,0,0,0,0,0,0,0,3,0,0,0,Ravens
347,Justin Ellis,59,-0.225227966,1,5,0,0,2,0,0,0,59,0,17,35,7,23,1,15,12,0,1,0,0,0,0,0,0,59,0,0,Ravens
354,Mario Edwards Jr,157,0.024147631,5,1,3,0,7,0,0,1,148,9,98,59,0,0,0,0,12,6,4,57,18,38,13,0,9,0,157,0,Saints
360,Danny Trevathan,1,0.828297,0,0,0,0,0,0,0,0,0,1,1,0,0,0,0,0,0,0,0,0,0,0,0,0,1,0,0,1,Bears
363,Von Miller,337,0.052503297,11,9,4,0,29,2,0,0,0,337,221,104,0,0,0,0,0,0,0,0,0,0,0,12,325,0,0,337,Broncos
365,Khalil Mack,474,-0.049584169,14,5,3,0,32,1,0,1,296,178,231,236,0,0,0,0,0,4,1,13,10,42,226,7,171,0,0,474,Bears
367,T.J. Carrie,19,-0.391949684,1,0,0,0,2,1,0,0,0,19,6,13,0,0,0,0,0,0,0,0,0,0,0,0,19,0,0,0,Browns
372,D.J. Hayden,3,0.443001667,0,0,0,0,0,0,0,0,0,3,2,1,0,0,0,0,0,0,0,0,0,0,0,0,3,0,0,0,Jaguars
379,Chris Harris Jr,1,0.100825,0,0,0,0,0,0,0,0,0,1,1,0,0,0,0,0,0,0,0,0,0,0,0,0,1,0,0,0,Broncos
380,Corey Liuget,120,-0.224815775,6,4,1,0,1,1,0,0,120,0,66,54,0,68,0,11,21,2,1,5,3,9,0,0,0,120,0,0,Bills
382,Darian Stewart,6,0.298291667,0,0,0,0,1,0,0,0,0,6,4,2,0,0,0,0,0,0,0,0,0,0,0,0,6,0,0,0,Buccaneers
390,Melvin Ingram III,385,-0.015830945,21,10,5,2,30,5,1,0,2,383,173,148,0,0,0,0,1,0,1,0,0,0,0,64,319,0,385,0,Chargers
420,Danny Shelton,265,-0.065127302,12,23,1,0,7,0,0,1,265,0,59,81,125,74,11,12,29,2,10,2,0,0,0,0,0,265,0,0,Patriots
427,Eddie Goldman,187,-0.123048043,10,5,1,0,5,0,0,0,184,3,17,138,30,47,19,44,41,0,2,0,0,1,0,2,1,187,0,0,Bears
430,Sam Acho,36,0.096506111,1,1,1,0,2,0,0,1,1,35,7,26,0,0,0,0,1,0,0,0,0,0,0,3,32,0,36,0,Buccaneers
432,Christian Jones,225,0.028350458,5,15,0,0,2,0,0,0,2,223,79,83,0,0,0,0,1,0,0,0,1,0,0,63,160,0,0,225,Lions
434,Kyle Fuller,9,0.122283667,0,0,0,0,0,0,0,0,0,9,9,0,0,0,0,0,0,0,0,0,0,0,0,0,9,0,0,0,Bears
438,Manti Te'o,1,2.773422,0,0,0,0,0,0,0,0,0,1,1,0,0,0,0,0,0,0,0,0,0,0,0,0,1,0,0,1,Saints
439,Jadeveon Clowney,235,-0.020525034,10,3,1,0,14,0,0,2,185,50,91,135,0,0,0,0,3,1,3,45,18,70,45,9,41,0,235,0,Seahawks
443,Jeremiah Attaochu,267,0.023503978,8,7,3,1,14,0,0,0,5,262,102,150,0,0,0,0,0,0,0,0,0,0,5,15,247,0,0,267,Broncos
446,Jahleel Addae,7,0.050097,0,0,0,0,0,0,0,0,0,7,5,2,0,0,0,0,0,0,0,0,0,0,0,0,7,0,0,0,Texans
447,Eric Weddle,10,0.4715343,0,1,0,0,1,0,0,0,0,10,4,6,0,0,0,0,0,0,0,0,0,0,0,0,10,0,0,0,Rams
452,Patrick Robinson,31,-0.419815419,1,1,0,0,4,0,0,0,0,31,15,16,0,0,0,0,0,0,0,0,0,0,0,0,31,0,0,0,Saints
487,Kevin Johnson,6,0.204015167,1,1,0,0,0,0,0,0,0,6,3,3,0,0,0,0,0,0,0,0,0,0,0,0,6,0,0,0,Bills
488,Kareem Jackson,1,1.277586,0,0,0,0,0,0,0,0,0,1,0,1,0,0,0,0,0,0,0,0,0,0,0,0,1,0,0,0,Broncos
514,Star Lotulelei,258,-0.094134895,8,4,2,0,4,1,1,0,258,0,116,141,1,177,4,38,25,4,9,0,0,0,0,0,0,258,0,0,Bills
518,AJ Klein,78,-0.163545179,5,0,0,0,0,0,0,0,0,78,51,27,0,0,0,0,0,0,0,0,0,0,0,0,78,0,0,78,Saints
520,Luke Kuechly,5,0.9842222,0,0,0,0,0,0,0,0,0,5,3,2,0,0,0,0,0,0,0,0,0,0,0,0,5,0,0,5,Panthers
522,Thomas Davis Sr,3,0.404697667,0,0,0,0,0,0,0,0,0,3,3,0,0,0,0,0,0,0,0,0,0,0,0,0,3,0,0,3,Chargers
533,Tre Boston,29,0.312364931,2,0,0,0,0,0,0,0,0,29,25,4,0,0,0,0,0,0,0,0,0,0,0,0,29,0,0,0,Panthers
537,Calais Campbell,366,0.067477738,16,7,2,0,25,2,0,1,349,17,191,162,8,10,2,11,88,28,29,76,33,47,17,5,12,0,366,0,Jaguars
541,Corey Peters,371,0.053969722,8,9,0,0,8,0,0,0,371,0,127,188,56,79,6,155,59,5,11,0,0,0,0,0,0,371,0,0,Cardinals
544,Lorenzo Alexander,78,0.176040192,5,4,0,0,4,0,0,0,0,78,38,40,0,0,0,0,0,0,0,0,0,0,0,0,78,0,0,78,Bills
547,Alex Okafor,87,-0.139011828,2,2,2,0,6,0,0,0,61,26,78,4,0,0,0,0,0,2,0,4,20,3,32,5,21,0,87,0,Chiefs
548,Patrick Peterson,1,-0.403323,0,0,0,0,0,0,0,0,0,1,1,0,0,0,0,0,0,0,0,0,0,0,0,0,1,0,0,0,Cardinals
551,Tyrann Mathieu,18,0.087892389,1,0,1,0,1,0,0,0,0,18,14,4,0,0,0,0,0,0,0,0,0,0,0,0,18,0,0,0,Chiefs
558,Markus Golden,456,-0.003649498,18,19,4,0,34,1,0,0,237,219,370,81,0,0,0,0,3,2,2,16,12,36,166,5,214,0,0,456,Giants
588,Mike Daniels,126,0.006870056,4,3,1,0,6,0,0,0,126,0,88,25,13,8,2,5,59,6,16,9,1,6,1,0,0,126,0,0,Lions
597,Clay Matthews,350,-0.043921391,9,9,2,0,21,2,0,0,1,349,250,90,0,0,0,0,0,0,0,0,0,1,0,10,339,0,0,350,Rams
606,Morgan Burnett,7,-0.184239857,1,0,0,0,4,0,0,0,0,7,4,3,0,0,0,0,0,0,0,0,0,0,0,0,7,0,0,0,Browns
608,Ha Ha Clinton-Dix,10,0.057258,0,1,0,0,0,0,0,0,0,10,1,9,0,0,0,0,0,0,0,0,0,0,0,0,10,0,0,0,Bears
610,Micah Hyde,14,0.209523429,1,1,0,0,1,0,0,0,0,14,3,11,0,0,0,0,0,0,0,0,0,0,0,0,14,0,0,0,Bills
648,Sean Lee,18,-0.029773444,3,1,1,0,1,0,0,0,0,18,10,8,0,0,0,0,0,0,0,0,0,0,0,0,18,0,0,18,Cowboys
660,Anthony Hitchens,4,-0.3964545,0,0,0,0,0,0,0,0,0,4,1,3,0,0,0,0,0,0,0,0,0,0,0,0,4,0,0,4,Chiefs
664,Brandon Carr,2,-1.05041,0,0,0,0,2,0,0,0,0,2,1,1,0,0,0,0,0,0,0,0,0,0,0,0,2,0,0,0,Ravens
683,Byron Jones,8,0.270649375,0,0,0,0,0,0,0,0,0,8,1,7,0,0,0,0,0,0,0,0,0,0,0,0,8,0,0,0,Cowboys
696,Ezekiel Ansah,166,0.065599265,3,4,1,1,9,2,0,1,133,33,52,110,0,0,0,0,1,3,5,11,7,33,73,4,29,0,166,0,Seahawks
708,Julian Stanford,6,0.284555667,0,0,0,0,0,0,0,0,0,6,4,2,0,0,0,0,0,0,0,0,0,0,0,0,6,0,0,6,Bills
709,DeMarcus Lawrence,348,-0.056315963,20,11,1,1,27,1,0,0,332,16,324,21,0,0,0,0,5,5,11,2,115,26,168,3,13,0,348,0,Cowboys
714,Tahir Whitehead,31,0.058586419,3,0,0,0,0,0,0,0,0,31,22,9,0,0,0,0,0,0,0,0,0,0,0,0,31,0,0,31,Raiders
718,Richard Sherman,1,-0.103545,0,0,0,0,0,0,0,0,0,1,1,0,0,0,0,0,0,0,0,0,0,0,0,0,1,0,0,0,49ers
719,Kyle Van Noy,375,-0.051797552,20,11,2,0,22,1,0,1,0,375,265,42,0,0,0,0,0,0,0,0,0,0,0,68,307,0,0,375,Patriots
722,Darius Slay,2,0.60126,0,0,0,0,0,0,0,0,0,2,1,1,0,0,0,0,0,0,0,0,0,0,0,0,2,0,0,0,Lions
729,Earl Thomas,23,-0.554183565,1,1,0,1,4,0,0,0,0,23,15,8,0,0,0,0,0,0,0,0,0,0,0,0,23,0,0,0,Ravens
740,K.J. Wright,35,0.067576286,1,1,0,0,0,1,0,0,0,35,24,11,0,0,0,0,0,0,0,0,0,0,0,0,35,0,0,35,Seahawks
742,Kevin Pierre-Louis,9,0.317924222,0,0,0,0,2,0,0,0,0,9,7,2,0,0,0,0,0,0,0,0,0,0,0,0,9,0,0,9,Bears
745,Bobby Wagner,5,-1.035403,0,0,0,0,0,0,0,0,0,5,4,1,0,0,0,0,0,0,0,0,0,0,0,0,5,0,0,5,Seahawks
748,Bruce Irvin,390,0.151061772,11,13,5,0,24,0,0,1,163,227,324,61,0,0,0,0,12,1,0,9,52,20,69,5,222,0,0,390,Panthers
753,Michael Bennett,396,-0.065792364,20,6,4,0,26,0,0,0,381,15,331,62,2,6,6,7,24,40,43,47,38,17,151,1,14,0,396,0,Cowboys
755,Frank Clark,265,-0.197557962,8,7,4,0,19,1,0,1,137,128,88,170,0,2,0,0,1,2,0,4,11,4,113,7,121,0,265,0,Chiefs
759,Vic Beasley Jr,339,-0.093911402,16,6,6,1,18,1,0,2,183,156,182,140,0,0,0,0,0,1,1,7,7,36,131,17,139,0,0,339,Falcons
763,Brandon Mebane,206,-0.031401209,5,3,0,0,3,0,0,0,206,0,86,115,5,190,1,4,6,0,0,0,0,0,0,0,0,206,0,0,Chargers
767,Adrian Clayborn,241,-0.095962697,4,2,3,0,21,0,0,0,210,31,1,234,0,0,0,0,21,13,17,3,5,10,141,6,25,0,241,0,Falcons
771,Cassius Marsh,253,-0.043898482,11,10,1,1,13,0,0,0,10,243,132,95,0,0,0,0,3,0,1,0,0,0,6,26,217,0,0,253,Cardinals
794,DaQuan Jones,355,0.021807865,10,12,0,0,7,2,0,0,347,8,171,143,33,180,26,33,65,3,7,0,0,0,0,8,0,355,0,0,Titans
805,Jurrell Casey,273,-0.013721667,9,9,3,0,12,0,0,0,171,102,115,104,10,4,7,17,47,12,29,12,7,4,22,44,58,273,0,0,Titans
810,Gerald McCoy,342,0.163691088,8,14,2,1,19,1,0,0,342,0,112,219,11,67,2,5,198,2,23,24,0,8,2,0,0,342,0,0,Panthers
815,Clinton McDonald,14,0.241549,0,0,0,0,1,0,0,0,14,0,7,6,1,0,0,0,10,0,0,3,0,0,0,0,0,14,0,0,Cardinals
825,Lavonte David,65,-0.245118831,3,0,0,0,4,2,0,0,0,65,9,56,0,0,0,0,0,0,0,0,0,0,0,0,65,0,0,65,Buccaneers
836,Bradley McDougald,37,0.272308541,1,1,0,0,0,0,0,0,0,37,21,16,0,0,0,0,0,0,0,0,0,0,0,0,37,0,0,0,Seahawks
839,Linval Joseph,199,-0.089913618,8,9,0,0,4,0,0,0,199,0,68,113,18,129,17,24,10,1,0,0,0,0,0,0,0,199,0,0,Vikings
842,Everson Griffen,374,-0.052201757,11,8,3,1,28,0,0,0,347,27,0,374,0,0,0,0,0,32,3,21,60,111,120,0,27,0,374,0,Vikings
843,Danielle Hunter,415,-0.014908313,17,9,6,0,35,0,0,2,397,18,390,25,0,0,0,0,1,30,13,30,120,91,112,0,18,0,415,0,Vikings
845,Al Woods,178,-0.098525287,7,6,1,0,7,0,0,0,175,3,93,81,1,71,8,8,86,0,1,0,0,0,0,3,0,178,0,0,Seahawks
846,Eric Kendricks,1,-0.1626,0,0,0,0,0,0,0,0,0,1,0,1,0,0,0,0,0,0,0,0,0,0,0,0,1,0,0,1,Vikings
848,Anthony Barr,58,0.0397805,2,3,0,0,1,0,0,0,0,58,29,29,0,0,0,0,0,0,0,0,0,0,0,0,58,0,0,58,Vikings
856,Harrison Smith,41,-0.023235732,3,2,0,0,3,1,0,0,0,41,17,24,0,0,0,0,0,0,0,0,0,0,0,0,41,0,0,0,Vikings
867,Jason McCourty,2,-0.2560095,0,0,0,0,0,0,0,0,0,2,1,1,0,0,0,0,0,0,0,0,0,0,0,0,2,0,0,0,Patriots
872,Stephone Anthony,20,0.29096805,0,1,0,0,0,0,0,0,0,20,9,9,0,0,0,0,0,0,0,0,0,0,0,2,18,0,0,20,Saints
890,Akiem Hicks,35,-0.3415606,4,0,0,0,3,0,0,0,32,3,33,1,1,1,3,0,14,8,5,0,0,0,0,0,3,35,0,0,Bears
907,John Jenkins,252,-0.006040385,9,12,0,0,4,0,0,0,250,2,109,90,51,46,26,18,94,3,9,1,1,1,0,2,0,252,0,0,Dolphins
923,PJ Williams,9,0.471265444,1,0,0,0,0,0,0,0,0,9,2,7,0,0,0,0,0,0,0,0,0,0,0,0,9,0,0,0,Saints
933,Carlos Dunlap,407,0.018903064,27,16,7,2,34,5,0,2,288,119,268,137,0,0,0,0,6,0,3,100,32,52,95,2,117,0,407,0,Bengals
934,Domata Peko,132,-0.212521023,7,7,0,0,3,0,0,0,131,1,46,55,30,44,6,16,31,0,4,0,0,0,0,1,0,132,0,0,Ravens
935,Geno Atkins,394,0.061083165,7,13,1,1,15,0,0,0,387,7,135,232,20,13,7,23,309,5,5,5,0,0,0,7,0,394,0,0,Bengals
944,Darqueze Dennard,2,0.492253,0,0,0,0,1,0,0,0,0,2,1,1,0,0,0,0,0,0,0,0,0,0,0,0,2,0,0,0,Bengals
995,Aaron Donald,415,-0.037729183,11,12,6,3,38,1,0,0,410,5,199,212,1,5,4,2,300,26,25,31,1,5,10,3,2,415,0,0,Rams
997,Michael Brockers,341,-0.030413933,17,12,1,1,9,1,0,0,341,0,173,162,6,41,15,1,47,138,23,30,31,7,2,0,0,341,0,0,Rams
998,Robert Quinn,400,-0.065161773,16,6,5,0,34,0,0,2,394,6,0,400,0,0,0,0,2,10,9,5,99,27,242,0,6,0,400,0,Cowboys
1003,Alec Ogletree,15,-0.238559933,0,1,0,0,0,0,0,0,0,15,10,5,0,0,0,0,0,0,0,0,0,0,0,0,15,0,0,15,Giants
1004,Bashaud Breeland,2,-0.6614585,0,0,0,0,0,0,0,0,0,2,2,0,0,0,0,0,0,0,0,0,0,0,0,0,2,0,0,0,Chiefs
1011,Trent Murphy,343,-0.119649455,15,10,5,0,23,0,0,2,257,86,339,1,0,0,0,0,4,10,5,44,60,59,75,3,83,0,0,343,Bills
1016,Ryan Kerrigan,179,0.066455631,5,5,3,1,10,0,0,1,77,102,132,42,0,0,0,0,1,0,0,5,4,13,54,5,97,0,0,179,Redskins
1022,Lamarcus Joyner,13,-0.503189462,0,1,0,0,2,0,0,0,4,9,5,8,0,0,0,0,0,0,0,0,0,0,4,0,9,0,0,0,Raiders
1027,Mark Barron,47,-0.900508936,3,2,0,0,0,1,0,0,0,47,21,26,0,0,0,0,0,0,0,0,0,0,0,0,47,0,0,47,Steelers
1031,Rodney McLeod,33,-0.208715758,1,2,0,0,3,0,0,1,0,33,18,15,0,0,0,0,0,0,0,0,0,0,0,0,33,0,0,0,Eagles
1033,Janoris Jenkins,3,1.388902667,0,0,0,0,0,0,0,0,0,3,0,3,0,0,0,0,0,0,0,0,0,0,0,0,3,0,0,0,Giants
1047,Vinny Curry,203,-0.135382429,10,5,4,0,20,0,0,0,202,1,97,106,0,5,3,7,23,6,14,15,10,32,87,0,1,0,203,0,Eagles
1048,Fletcher Cox,384,-0.12842188,10,7,0,2,13,0,0,1,383,1,321,35,27,33,37,57,153,8,58,2,0,0,8,1,0,384,0,0,Eagles
1050,Brandon Graham,355,-0.169409315,12,8,3,1,22,0,0,0,342,13,281,72,0,2,2,8,17,42,29,21,31,31,159,2,11,0,355,0,Eagles
1053,Mychal Kendricks,174,-0.100006241,9,9,1,0,3,0,0,1,0,174,72,53,0,0,0,0,0,0,0,0,0,0,0,49,125,0,0,174,Seahawks
1056,Beau Allen,74,-0.177247757,1,4,0,1,4,0,0,0,74,0,10,45,19,17,4,12,17,0,5,0,0,0,0,0,0,74,0,0,Buccaneers
1058,Eric Rowe,8,-0.557093,0,0,0,0,0,0,0,0,0,8,5,3,0,0,0,0,0,0,0,0,0,0,0,0,8,0,0,0,Dolphins
1060,Malcolm Jenkins,51,-0.011378941,5,0,0,0,1,1,0,1,0,51,32,19,0,0,0,0,0,0,0,0,0,0,0,0,51,0,0,0,Eagles
1066,Barkevious Mingo,69,-0.142522246,0,1,0,0,6,0,0,0,1,68,28,31,0,0,0,0,0,0,0,0,0,1,0,10,58,0,0,69,Texans
1072,Craig Robertson,9,-0.231970667,0,0,0,0,0,0,0,0,0,9,7,2,0,0,0,0,0,0,0,0,0,0,0,0,9,0,0,9,Saints
1073,Tashaun Gipson,20,0.3515214,0,0,0,0,1,0,0,0,0,20,20,0,0,0,0,0,0,0,0,0,0,0,0,0,20,0,0,0,Texans
1076,K'Waun Williams,6,-1.006990667,1,0,0,0,0,0,0,1,0,6,5,1,0,0,0,0,0,0,0,0,0,0,0,0,6,0,0,0,49ers
1079,Pierre Desir,5,-0.189912,0,0,0,0,0,0,0,0,0,5,3,2,0,0,0,0,0,0,0,0,0,0,0,0,5,0,0,0,Colts
1082,Tramon Williams,1,1.169991,0,0,0,0,0,0,0,0,0,1,0,1,0,0,0,0,0,0,0,0,0,0,0,0,1,0,0,0,Packers
1101,Johnathan Hankins,327,0.013431945,7,18,0,1,7,0,0,0,327,0,145,173,9,196,39,54,28,0,1,0,0,0,0,0,0,327,0,0,Raiders
1106,Devon Kennard,432,0.044648609,18,9,4,0,25,0,0,1,79,353,357,46,0,0,0,0,4,0,7,1,0,1,66,29,324,0,0,432,Lions
1109,Prince Amukamara,6,-0.195837167,0,0,0,0,0,0,0,0,0,6,0,6,0,0,0,0,0,0,0,0,0,0,0,0,6,0,0,0,Bears
1111,Bennett Jackson,1,0.182988,0,0,0,0,0,0,0,0,0,1,0,1,0,0,0,0,0,0,0,0,0,0,0,0,1,0,0,0,Ravens
1112,Landon Collins,28,-0.284230714,1,0,0,0,1,0,0,0,0,28,18,10,0,0,0,0,0,0,0,0,0,0,0,0,28,0,0,0,Redskins
1142,Damontre Moore,51,-0.321521137,1,3,0,0,5,0,0,1,47,4,19,32,0,0,0,0,0,0,1,2,14,2,28,0,4,0,51,0,49ers
1164,Cameron Jordan,395,-0.123500871,17,7,7,1,41,4,0,0,163,232,318,73,0,1,2,0,6,5,12,58,13,37,29,4,228,0,395,0,Saints
1167,Kenny Vaccaro,40,0.083719925,2,1,0,0,2,0,0,0,0,40,20,20,0,0,0,0,0,0,0,0,0,0,0,0,40,0,0,0,Titans
1177,Tyeler Davison,223,0.017327072,6,10,0,0,3,0,0,0,223,0,82,102,39,117,1,46,16,0,4,0,0,0,0,0,0,223,0,0,Falcons
1184,Justin Houston,329,-0.044954863,13,9,6,0,24,1,0,2,320,9,5,323,0,0,0,0,3,1,0,2,23,17,274,1,8,0,329,0,Colts
1190,Allen Bailey,158,-0.052762563,4,4,1,0,8,0,0,0,157,1,64,90,4,13,2,23,42,6,18,21,1,24,3,0,1,0,158,0,Falcons
1198,Marcus Peters,2,0.2899305,0,0,0,0,0,0,0,0,0,2,2,0,0,0,0,0,0,0,0,0,0,0,0,0,2,0,0,0,Ravens
1213,Malcolm Smith,15,-0.478231067,2,0,0,0,0,0,0,1,0,15,7,8,0,0,0,0,0,0,0,0,0,0,0,0,15,0,0,15,Cowboys
1219,Denico Autry,276,-0.024455283,4,12,0,2,14,2,0,0,273,3,130,141,2,14,1,24,72,60,94,5,1,0,0,3,0,0,276,0,Colts
1231,Logan Ryan,15,-0.110895933,1,0,0,0,0,0,0,0,0,15,8,7,0,0,0,0,0,0,0,0,0,0,0,0,15,0,0,0,Titans
1233,Tavon Wilson,31,-0.08565671,1,0,1,0,1,0,0,0,0,31,21,10,0,0,0,0,0,0,0,0,0,0,0,0,31,0,0,0,Lions
1235,Zach Kerr,241,-0.057920037,8,8,0,0,11,0,0,0,241,0,179,49,13,18,2,22,75,6,62,24,0,18,1,0,0,241,0,0,Cardinals
1239,Duron Harmon,1,-1.01573,0,0,0,0,1,0,0,0,0,1,0,1,0,0,0,0,0,0,0,0,0,0,0,0,1,0,0,0,Patriots
1245,Sheldon Richardson,408,-0.007870382,18,14,2,0,19,3,0,2,393,15,247,153,5,20,14,13,235,8,31,11,28,10,18,3,12,408,0,0,Browns
1249,D.J. Swearinger Sr,12,0.064204333,1,0,0,0,0,0,0,0,0,12,10,2,0,0,0,0,0,0,0,0,0,0,0,0,12,0,0,0,Raiders
1254,A.J. Bouye,4,-0.238968,0,0,0,0,0,0,0,0,0,4,0,4,0,0,0,0,0,0,0,0,0,0,0,0,4,0,0,0,Jaguars
1265,John Simon,243,-0.105927753,12,6,1,0,10,0,0,0,0,243,45,128,0,0,0,0,0,0,0,0,0,0,0,70,173,0,0,243,Patriots
1280,Andrew Sendejo,8,-0.34882775,0,0,0,0,0,0,0,0,0,8,5,3,0,0,0,0,0,0,0,0,0,0,0,0,8,0,0,0,Eagles
1287,Shamar Stephen,262,-0.130183989,3,5,0,0,2,2,0,1,262,0,161,101,0,6,27,10,203,7,9,0,0,0,0,0,0,262,0,0,Vikings
1323,Vince Williams,17,-0.140976765,0,1,0,0,3,0,0,0,0,17,6,11,0,0,0,0,0,0,0,0,0,0,0,0,17,0,0,17,Steelers
1340,Jordan Poyer,30,-0.068164033,1,2,0,0,0,0,0,0,0,30,20,10,0,0,0,0,0,0,0,0,0,0,0,0,30,0,0,0,Bills
1366,Ross Cockrell,11,-0.519083364,1,0,0,0,0,0,0,0,0,11,6,5,0,0,0,0,0,0,0,0,0,0,0,0,11,0,0,0,Panthers
1370,Nickell Robey-Coleman,2,-0.368416,0,0,0,0,0,0,0,0,0,2,2,0,0,0,0,0,0,0,0,0,0,0,0,0,2,0,0,0,Rams
1399,Michael Thomas,17,0.429513118,2,0,0,0,1,0,0,0,0,17,11,6,0,0,0,0,0,0,0,0,0,0,0,0,17,0,0,0,Giants
1410,Dion Jordan,156,-0.022741904,4,2,2,0,13,1,0,0,133,23,40,103,0,0,4,1,11,28,27,21,23,11,7,13,10,0,156,0,Raiders
1421,Deone Bucannon,4,-0.21991275,0,0,0,0,0,0,0,0,0,4,3,1,0,0,0,0,0,0,0,0,0,0,0,0,4,0,0,4,Giants
1451,Brynden Trawick,4,-0.6362215,0,0,0,0,0,0,0,0,0,4,0,4,0,0,0,0,0,0,0,0,0,0,0,0,4,0,0,0,Ravens
1453,Terrence Brooks,1,-0.1626,0,0,0,0,0,0,0,0,0,1,1,0,0,0,0,0,0,0,0,0,0,0,0,0,1,0,0,0,Patriots
1458,Rashaan Melvin,6,-0.06795,0,0,0,0,0,0,0,0,0,6,3,3,0,0,0,0,0,0,0,0,0,0,0,0,6,0,0,0,Lions
1459,Anthony Levine,3,-0.577086333,0,0,0,0,0,0,0,0,0,3,2,1,0,0,0,0,0,0,0,0,0,0,0,0,3,0,0,0,Ravens
1474,Colin Jones,2,0.20265,0,0,0,0,0,0,0,0,0,2,2,0,0,0,0,0,0,0,0,0,0,0,0,0,2,0,0,0,Panthers
1476,Adarius Taylor,8,-0.012760375,0,0,0,0,0,0,0,0,0,8,5,3,0,0,0,0,0,0,0,0,0,0,0,0,8,0,0,8,Browns
1481,Wes Horton,112,-0.025597125,2,2,0,0,4,0,0,0,112,0,77,35,0,2,0,2,61,0,4,26,7,7,3,0,0,0,112,0,Panthers
1482,Mario Addison,348,0.158174897,8,10,2,2,17,0,0,1,204,144,65,260,0,1,0,0,5,0,3,27,41,70,57,23,121,0,348,0,Panthers
1501,Jonathan Bostic,11,0.307437091,1,0,0,0,1,0,0,0,0,11,3,8,0,0,0,0,0,0,0,0,0,0,0,0,11,0,0,11,Redskins
1527,Coty Sensabaugh,4,0.19281375,0,0,0,0,0,0,0,0,0,4,3,1,0,0,0,0,0,0,0,0,0,0,0,0,4,0,0,0,Redskins
1592,B.W. Webb,3,-0.5047,0,0,0,0,0,0,0,0,0,3,0,3,0,0,0,0,0,0,0,0,0,0,0,0,3,0,0,0,Bengals
1655,Chris Banjo,1,-0.888441,0,0,0,0,0,0,0,0,0,1,1,0,0,0,0,0,0,0,0,0,0,0,0,0,1,0,0,0,Cardinals
1694,Kurt Coleman,10,-0.311904,0,1,0,0,0,0,0,0,0,10,4,6,0,0,0,0,0,0,0,0,0,0,0,0,10,0,0,0,Bills
1714,Jeff Heath,27,-0.096936444,0,0,0,0,2,0,0,0,0,27,12,15,0,0,0,0,0,0,0,0,0,0,0,0,27,0,0,0,Cowboys
1792,Josh Bynes,1,-0.585286,0,0,0,0,0,0,0,0,0,1,0,1,0,0,0,0,0,0,0,0,0,0,0,0,1,0,0,1,Ravens
1829,Will Compton,1,-0.258192,1,0,0,0,0,0,0,0,0,1,0,1,0,0,0,0,0,0,0,0,0,0,0,0,1,0,0,1,Raiders
1837,Blidi Wreh-Wilson,1,-0.010589,0,0,0,0,0,0,0,0,0,1,1,0,0,0,0,0,0,0,0,0,0,0,0,0,1,0,0,0,Falcons
1854,Todd Davis,10,-0.1118837,1,1,0,0,0,0,0,0,0,10,4,6,0,0,0,0,0,0,0,0,0,0,0,0,10,0,0,10,Broncos
1867,Wesley Woodyard,3,-0.098099333,0,0,0,0,0,0,0,0,0,3,2,1,0,0,0,0,0,0,0,0,0,0,0,0,3,0,0,3,Titans
1885,Lerentee McCray,2,-0.8767275,1,0,0,0,0,0,0,0,1,1,1,1,0,0,0,0,0,0,0,1,0,0,0,0,1,0,2,0,Jaguars
1966,Kiko Alonso,4,-0.757049,0,0,0,0,0,0,0,0,0,4,2,2,0,0,0,0,0,0,0,0,0,0,0,0,4,0,0,4,Saints
1980,Kyle Wilber,5,0.1283466,0,0,0,0,0,0,0,0,0,5,1,4,0,0,0,0,0,0,0,0,0,0,0,0,5,0,0,5,Raiders
1985,Mike Adams,2,0.075848,0,0,0,0,0,0,0,0,0,2,0,2,0,0,0,0,0,0,0,0,0,0,0,0,2,0,0,0,Texans
2089,L.J. Fort,8,-1.23897375,0,0,0,0,1,0,0,0,0,8,4,4,0,0,0,0,0,0,0,0,0,0,0,0,8,0,0,8,Ravens
2091,Jabaal Sheard,374,-0.045801414,8,4,3,0,25,2,0,0,366,8,369,5,0,3,5,5,4,25,17,6,79,21,201,0,8,0,374,0,Colts
2097,Shawn Williams,22,-0.237049591,1,0,0,0,2,0,0,0,0,22,14,8,0,0,0,0,0,0,0,0,0,0,0,0,22,0,0,0,Bengals
2186,William Gholston,221,-0.098566937,16,4,0,0,8,1,0,0,220,1,93,119,8,11,1,11,83,20,30,36,10,9,1,1,0,0,221,0,Buccaneers
2188,Akeem Spence,145,0.129553152,6,1,0,0,3,0,0,0,145,0,71,72,2,45,4,24,63,2,4,1,0,0,0,0,0,145,0,0,Jaguars
2242,Terrell McClain,22,0.137385409,1,2,0,0,0,0,0,0,22,0,8,14,0,17,1,3,1,0,0,0,0,0,0,0,0,22,0,0,Raiders
2243,Jack Crawford,196,-0.029162791,3,7,0,1,10,3,0,0,196,0,130,64,2,7,3,24,63,34,43,15,0,1,4,0,0,0,196,0,Falcons
2303,Najee Goode,3,0.60081,0,0,0,0,0,0,0,0,0,3,0,3,0,0,0,0,0,0,0,0,0,0,0,0,3,0,0,3,Jaguars
2306,LaRoy Reynolds,1,1.340009,0,0,0,0,0,0,0,0,0,1,0,1,0,0,0,0,0,0,0,0,0,0,0,0,1,0,0,1,Bengals
2365,Jason Pierre-Paul,495,-0.13880781,20,3,7,1,37,3,0,2,296,199,181,298,0,1,1,0,28,3,7,14,32,74,136,16,183,0,495,0,Buccaneers
2450,Chris Smith,50,-0.03460754,0,1,0,0,3,0,0,0,45,5,25,23,1,0,1,0,11,2,4,3,6,4,13,1,4,0,50,0,Browns
2562,Mike Purcell,277,0.016269596,11,20,0,0,8,0,0,0,277,0,162,57,58,73,35,33,76,0,2,0,0,0,0,0,0,277,0,0,Broncos
2606,Brandon Dunn,224,0.063598205,7,10,1,0,7,0,0,0,224,0,121,89,14,102,9,38,32,4,24,1,0,0,0,0,0,224,0,0,Texans
2636,Margus Hunt,260,-0.031328069,9,4,0,0,3,0,0,0,260,0,157,102,1,4,9,48,175,1,22,0,0,0,0,0,0,260,0,0,Colts
2652,Shaquil Barrett,448,-0.10023983,24,7,9,1,55,0,0,2,2,446,261,182,0,0,0,0,0,1,0,0,0,0,1,5,441,0,0,448,Buccaneers
2664,Ibraheim Campbell,4,-0.3525185,0,0,0,0,0,0,0,0,0,4,3,1,0,0,0,0,0,0,0,0,0,0,0,0,4,0,0,0,Packers
2666,Nate Orchard,110,0.070961618,9,5,1,0,5,1,0,0,70,40,22,86,0,0,0,0,0,0,3,2,1,37,27,2,38,0,110,0,Redskins
2668,Jamie Meder,11,0.380296818,0,0,0,0,1,0,0,0,11,0,11,0,0,1,1,0,7,0,0,2,0,0,0,0,0,0,11,0,Lions
2701,Rodney Gunter,207,0.031478981,9,3,2,1,14,0,0,0,207,0,70,137,0,6,2,9,109,8,47,22,0,4,0,0,0,207,0,0,Cardinals
2702,Kareem Martin,39,0.016381949,2,2,0,0,3,0,0,0,29,10,28,11,0,0,0,0,0,0,0,9,1,6,13,0,10,0,39,0,Giants
2703,Josh Mauro,82,0.115722183,3,7,0,0,3,0,0,0,76,6,81,1,0,0,0,0,1,7,2,10,31,21,4,0,6,0,82,0,Raiders
2722,Dan McCullers,64,-0.144628266,2,4,0,0,0,0,0,0,64,0,23,11,30,28,0,4,2,0,0,0,0,0,0,0,0,64,0,0,Steelers
2739,Trey Flowers,362,0.134443077,18,8,4,0,38,0,0,0,343,19,31,321,9,2,1,2,61,1,37,52,12,19,147,1,18,0,362,0,Lions
2743,Malcom Brown,220,-0.083879059,7,8,0,0,4,1,0,0,219,1,102,86,31,93,4,52,39,0,0,0,0,0,0,1,0,220,0,0,Saints
2748,Daniel Sorensen,19,-0.203550053,2,1,0,0,2,1,0,0,0,19,9,10,0,0,0,0,0,0,0,0,0,0,0,0,19,0,0,0,Chiefs
2750,Dee Ford,68,0.073821456,5,0,2,0,5,0,0,0,45,23,53,9,0,0,0,0,0,0,0,0,6,17,22,6,17,0,68,0,49ers
2758,Dontari Poe,123,0.075579341,4,2,2,0,4,0,0,0,123,0,49,64,10,88,0,5,8,3,9,0,0,0,0,0,0,123,0,0,Panthers
2762,Nick Williams,291,-0.105876045,9,13,2,0,8,0,0,0,286,5,196,43,50,50,44,36,83,9,8,5,0,1,0,2,3,291,0,0,Bears
2763,Rakeem Nunez-Roches,146,-0.093966027,1,3,0,0,3,0,0,0,146,0,50,78,18,24,3,13,59,13,9,4,0,2,1,0,0,146,0,0,Buccaneers
2765,Grady Jarrett,357,-0.052180258,14,10,4,1,28,0,0,0,357,0,173,163,21,37,4,23,214,14,42,0,0,0,2,0,0,357,0,0,Falcons
2768,Ricardo Allen,2,0.2310195,0,0,0,0,0,0,0,0,0,2,2,0,0,0,0,0,0,0,0,0,0,0,0,0,2,0,0,0,Falcons
2775,Clayton Geathers,7,-0.475320286,1,1,0,0,0,0,0,0,0,7,7,0,0,0,0,0,0,0,0,0,0,0,0,0,7,0,0,0,Colts
2777,TY McGill,10,0.3402145,0,1,0,0,0,0,0,0,10,0,6,4,0,1,2,1,6,0,0,0,0,0,0,0,0,10,0,0,Chargers
2786,Henry Anderson,287,-0.056576404,13,7,1,0,16,0,0,0,260,27,262,25,0,3,8,10,39,29,63,13,10,11,74,0,27,0,287,0,Jets
2796,Kyle Love,212,0.070018519,3,2,0,0,4,1,0,0,212,0,52,150,10,117,0,2,63,1,14,1,0,3,1,0,0,212,0,0,Panthers
2799,David Mayo,10,0.1065964,0,0,0,0,0,0,0,0,0,10,5,5,0,0,0,0,0,0,0,0,0,0,0,0,10,0,0,10,Giants
2801,Dean Marlowe,4,-0.36372775,1,0,0,0,0,0,0,0,0,4,0,4,0,0,0,0,0,0,0,0,0,0,0,0,4,0,0,0,Bills
2802,Brandon Copeland,74,-0.196934108,4,4,0,1,5,0,0,0,1,73,64,10,0,0,0,0,0,0,0,0,0,0,1,0,73,0,0,74,Jets
2816,Caraun Reid,124,-0.016685202,1,3,0,0,5,0,0,0,124,0,46,71,7,1,0,2,65,6,28,11,0,4,0,0,0,124,0,0,Cardinals
2837,Damien Wilson,22,0.063447409,0,1,0,0,1,0,0,0,5,17,11,11,0,2,0,3,0,0,0,0,0,0,0,0,17,0,0,22,Chiefs
2876,Abry Jones,263,0.160249464,7,6,0,1,5,0,0,0,262,1,127,124,11,147,4,71,23,1,5,0,0,0,0,1,0,263,0,0,Jaguars
2879,Tyson Alualu,251,-0.314749984,8,19,0,0,6,1,0,1,247,4,169,78,1,26,5,25,86,53,29,15,2,5,0,3,1,0,251,0,Steelers
2895,Bobby McCain,3,0.376041,0,0,0,0,0,0,0,0,0,3,0,3,0,0,0,0,0,0,0,0,0,0,0,0,3,0,0,0,Dolphins
2900,Jordan Phillips,319,-0.095012809,10,7,4,1,12,0,0,0,319,0,180,136,3,32,0,14,198,22,44,5,1,0,0,0,0,319,0,0,Bills
2910,Stacy McGee,90,0.062442167,0,3,0,1,2,0,0,0,89,1,48,34,7,60,0,1,21,0,0,0,0,0,0,1,0,90,0,0,Panthers
2911,Benson Mayowa,147,-0.028512531,1,3,0,1,13,0,0,0,145,2,145,1,0,0,0,0,1,0,2,17,15,7,103,1,1,0,147,0,Raiders
2923,Trae Waynes,2,0.104798,0,0,0,0,0,0,0,0,0,2,2,0,0,0,0,0,0,0,0,0,0,0,0,0,2,0,0,0,Vikings
2937,Christian Covington,225,-0.057147711,12,6,1,0,7,0,0,0,223,2,95,127,1,15,17,145,22,1,22,0,0,0,0,2,0,0,225,0,Cowboys
2940,Benardrick McKinney,16,-0.370388438,0,1,0,0,0,1,0,0,0,16,9,7,0,0,0,0,0,0,0,0,0,0,0,0,16,0,0,16,Texans
2963,Jayrone Elliott,8,0.07641075,0,0,0,0,1,0,0,0,0,8,4,4,0,0,0,0,0,0,0,0,0,0,0,0,8,0,0,8,Steelers
2971,Angelo Blackson,189,0.038254804,2,8,0,0,3,0,0,0,189,0,92,96,1,9,8,21,83,3,45,6,5,2,6,0,0,0,189,0,Texans
2975,Jordan Hicks,29,0.346344793,0,0,0,0,1,0,0,0,0,29,17,12,0,0,0,0,0,0,0,0,0,0,0,0,29,0,0,29,Cardinals
2985,Mike Pennel,121,0.047275132,10,10,1,0,6,0,0,0,121,0,61,56,4,57,1,12,43,0,4,0,0,0,0,0,0,121,0,0,Chiefs
2986,Damarious Randall,10,-0.5105289,0,1,0,0,1,0,0,0,0,10,2,8,0,0,0,0,0,0,0,0,0,0,0,0,10,0,0,0,Browns
3000,Lawrence Guy,289,-0.023211948,14,20,2,0,10,0,0,0,288,1,192,85,11,17,6,8,105,28,13,98,1,0,1,1,0,0,289,0,Patriots
3002,Carl Davis,35,-0.362616143,1,0,0,0,0,0,0,0,35,0,15,19,1,19,3,9,3,0,0,0,0,0,0,0,0,35,0,0,Jaguars
3007,Preston Smith,394,-0.102678675,15,12,4,2,21,1,0,0,20,374,241,143,0,0,0,0,1,0,0,3,1,6,9,10,364,0,0,394,Packers
3009,Za'Darius Smith,418,-0.086729663,19,11,4,3,47,0,0,1,107,311,138,220,0,0,0,0,10,11,12,10,9,12,43,60,251,0,0,418,Packers
3026,Brent Urban,176,-0.0708535,10,7,0,0,4,3,0,0,176,0,97,78,1,1,7,19,56,43,19,25,4,0,1,0,0,0,176,0,Bears
3053,Dante Fowler Jr.,378,-0.030491492,17,8,4,2,23,4,0,1,105,273,160,217,0,0,0,0,0,0,0,0,0,22,83,1,272,0,0,378,Rams
3072,Curtis Riley,4,0.21468525,2,0,0,0,0,0,0,0,0,4,3,1,0,0,0,0,0,0,0,0,0,0,0,0,4,0,0,0,Raiders
3094,Jermaine Whitehead,2,-0.864328,0,0,0,0,0,0,0,0,0,2,1,1,0,0,0,0,0,0,0,0,0,0,0,0,2,0,0,0,Browns
3127,Adrian Phillips,6,-0.577454833,0,1,0,0,0,0,0,0,0,6,0,6,0,0,0,0,0,0,0,0,0,0,0,0,6,0,0,0,Chargers
3129,Damion Square,162,-0.028653617,6,10,0,0,2,0,0,0,162,0,81,79,2,93,0,12,50,2,2,1,0,0,0,0,0,162,0,0,Chargers
3131,Whitney Mercilus,417,0.109746871,15,4,2,0,22,1,1,0,2,415,60,350,0,0,0,0,0,0,0,0,0,0,2,7,408,0,0,417,Texans
3168,Joe Thomas,36,-0.050290139,1,3,0,0,1,0,0,0,0,36,18,18,0,0,0,0,0,0,0,0,0,0,0,0,36,0,0,36,Cowboys
3189,Akeem King,2,-0.3955235,0,0,0,0,0,0,0,0,0,2,2,0,0,0,0,0,0,0,0,0,0,0,0,0,2,0,0,0,Seahawks
3214,Kerry Hyder,197,-0.128186269,4,4,1,0,10,0,0,0,196,1,118,78,0,1,0,3,79,2,66,7,9,3,26,1,0,0,197,0,Cowboys
3228,James Vaughters,20,-0.1452447,2,0,0,0,0,0,0,0,1,19,7,13,0,0,0,0,0,0,0,0,0,0,1,0,19,0,0,20,Bears
3242,Shelby Harris,315,-0.017153686,11,12,5,0,18,3,0,1,315,0,8,296,11,5,12,89,115,10,55,16,0,2,0,0,0,315,0,0,Broncos
3250,Shaq Thompson,28,-0.010896643,1,0,0,0,0,0,0,0,0,28,18,10,0,0,0,0,0,0,0,0,0,0,0,0,28,0,0,28,Panthers
3272,Quinton Dunbar,1,-0.551552,0,0,0,0,0,0,0,0,0,1,0,1,0,0,0,0,0,0,0,0,0,0,0,0,1,0,0,0,Redskins
3275,Anthony Chickillo,90,-0.124246144,5,3,0,0,0,0,0,0,26,64,32,56,0,0,0,0,0,0,0,6,5,8,7,2,62,0,0,90,Steelers
3332,Anthony Harris,4,-0.14578975,1,1,0,0,0,0,0,0,0,4,2,2,0,0,0,0,0,0,0,0,0,0,0,0,4,0,0,0,Vikings
3375,Anthony Zettel,42,0.310269643,0,3,0,0,2,0,0,0,34,8,19,23,0,0,1,1,1,0,0,4,8,7,12,0,8,0,42,0,Bengals
3376,A'Shawn Robinson,215,0.005173149,15,5,1,0,5,2,0,0,215,0,113,86,16,8,7,8,116,3,15,25,1,15,1,0,0,215,0,0,Lions
3382,Miles Killebrew,49,-0.145392429,3,0,0,0,1,0,0,0,0,49,16,33,0,0,0,0,0,0,0,0,0,0,0,0,49,0,0,0,Lions
3391,Morgan Fox,185,-0.079142314,5,4,2,0,8,0,0,0,182,3,96,71,15,26,4,5,23,62,14,11,16,5,1,3,0,0,185,0,Rams
3427,Javon Hargrave,412,-0.168382723,18,25,2,0,22,0,0,1,404,8,326,19,61,49,34,66,161,4,27,2,0,0,0,6,2,412,0,0,Steelers
3434,Cory Littleton,6,-0.778428167,0,0,0,0,0,0,0,0,0,6,4,2,0,0,0,0,0,0,0,0,0,0,0,0,6,0,0,6,Rams
3457,Jonathan Bullard,100,0.14542429,4,1,0,1,4,0,0,0,100,0,89,11,0,0,0,3,64,3,11,11,0,8,0,0,0,0,100,0,Cardinals
3458,Deon Bush,2,2.661791,0,0,0,0,0,0,0,0,0,2,0,2,0,0,0,0,0,0,0,0,0,0,0,0,2,0,0,0,Bears
3462,Leonard Floyd,430,-0.054277874,12,9,1,0,22,2,0,0,50,380,208,205,0,0,1,0,0,0,0,6,0,4,39,17,363,0,0,430,Bears
3467,Nick Kwiatkoski,4,0.395692,1,0,0,0,0,0,0,0,0,4,2,2,0,0,0,0,0,0,0,0,0,0,0,0,4,0,0,4,Bears
3473,Roy Robertson-Harris,274,0.02583954,9,6,0,0,11,1,0,0,264,10,108,142,18,16,18,29,82,31,34,29,0,6,1,6,4,0,274,0,Bears
3481,Juston Burris,21,-0.147280714,0,0,0,0,0,0,0,0,0,21,12,9,0,0,0,0,0,0,0,0,0,0,0,0,21,0,0,0,Browns
3500,Kevin Byard,11,0.184663091,0,0,0,0,1,0,0,0,0,11,5,6,0,0,0,0,0,0,0,0,0,0,0,0,11,0,0,0,Titans
3505,Austin Johnson,206,-0.07981201,7,10,0,0,5,1,0,0,205,1,90,114,1,35,5,12,106,14,18,13,1,0,0,1,0,206,0,0,Titans
3507,LeShaun Sims,3,2.662518,0,0,0,0,0,0,0,0,0,3,0,3,0,0,0,0,0,0,0,0,0,0,0,0,3,0,0,0,Titans
3512,Shilique Calhoun,93,-0.133756419,2,1,0,0,6,0,0,1,48,45,19,63,0,0,0,0,6,5,3,9,1,0,24,11,34,0,0,93,Patriots
3514,Karl Joseph,5,0.6321664,0,0,0,0,1,0,0,0,0,5,5,0,0,0,0,0,0,0,0,0,0,0,0,0,5,0,0,0,Raiders
3515,Jihad Ward,276,-0.340615029,2,2,1,0,17,0,0,0,150,126,122,126,1,1,4,2,72,5,44,8,6,3,4,27,99,0,276,0,Ravens
3520,Andrew Billings,335,0.03896926,9,12,1,0,5,1,0,0,335,0,189,136,10,119,8,162,36,0,0,0,0,0,0,0,0,335,0,0,Bengals
3523,Clayton Fejedelem,2,0.3534,0,0,0,0,0,0,0,0,0,2,0,2,0,0,0,0,0,0,0,0,0,0,0,0,2,0,0,0,Bengals
3525,Nick Vigil,9,-0.126505444,1,0,0,0,0,0,0,0,0,9,5,4,0,0,0,0,0,0,0,0,0,0,0,0,9,0,0,9,Bengals
3527,William Jackson,1,-0.7335,0,0,0,0,0,0,0,0,0,1,0,1,0,0,0,0,0,0,0,0,0,0,0,0,1,0,0,0,Bengals
3534,Kenny Clark,413,-0.095843843,18,18,4,1,24,1,0,0,411,2,184,167,60,88,12,134,77,5,33,1,0,1,0,2,0,413,0,0,Packers
3538,Kyler Fackrell,216,-0.060474412,5,4,0,1,16,0,0,0,1,215,66,130,0,0,0,0,0,0,0,1,0,0,0,20,195,0,0,216,Packers
3540,Reggie Gilbert,86,0.117451012,4,2,0,0,4,1,0,0,10,76,58,27,0,0,0,0,3,1,1,5,0,0,0,1,75,0,0,86,Titans
3547,Dean Lowry,275,-0.068781073,10,12,0,0,3,2,1,0,273,2,147,126,0,3,3,12,155,27,41,15,8,8,1,2,0,0,275,0,Packers
3548,Blake Martinez,14,-0.243125714,0,0,0,0,1,0,0,0,0,14,4,10,0,0,0,0,0,0,0,0,0,0,0,0,14,0,0,14,Packers
3564,Kamu Grugier-Hill,13,-0.090643615,1,0,0,0,1,0,0,0,0,13,10,3,0,0,0,0,0,0,0,0,0,0,0,0,13,0,0,13,Eagles
3569,Jonathan Jones,2,0.0622845,0,0,0,0,0,0,0,0,0,2,2,0,0,0,0,0,0,0,0,0,0,0,0,0,2,0,0,0,Patriots
3571,Cre'von LeBlanc,1,-0.346469,0,0,0,0,0,0,0,0,0,1,0,1,0,0,0,0,0,0,0,0,0,0,0,0,1,0,0,0,Eagles
3584,Kamalei Correa,254,0.010017823,7,10,4,0,12,0,0,0,20,234,149,72,0,0,0,0,3,0,3,3,3,1,7,33,201,0,0,254,Titans
3590,Matt Judon,383,-0.196953191,22,8,5,1,32,0,0,4,27,356,149,152,0,0,0,0,0,2,0,3,2,0,20,82,274,0,0,383,Ravens
3592,Maurice Canady,2,-0.724265,0,0,0,0,0,0,0,0,0,2,2,0,0,0,0,0,0,0,0,0,0,0,0,0,2,0,0,0,Jets
3613,Emmanuel Ogbah,74,-0.030440811,1,3,1,0,4,0,0,0,69,5,64,10,0,0,0,0,0,1,0,3,19,9,37,0,5,0,74,0,Chiefs
3623,Carl Nassib,206,-0.170726796,8,3,3,0,12,0,0,1,62,144,168,33,0,1,0,4,12,0,1,6,3,13,22,5,139,0,0,206,Buccaneers
3624,Joe Schobert,4,0.05169,0,0,0,0,1,0,0,0,0,4,1,3,0,0,0,0,0,0,0,0,0,0,0,0,4,0,0,4,Browns
3644,Reggie Ragland,50,-0.0642778,2,3,0,0,0,0,0,0,0,50,28,22,0,0,0,0,0,0,0,0,0,0,0,0,50,0,0,50,Chiefs
3648,Justin Zimmer,30,-0.108114833,2,3,0,0,0,0,0,0,30,0,7,23,0,24,0,3,3,0,0,0,0,0,0,0,0,30,0,0,Browns
3661,Shaq Lawson,267,-0.255558674,13,8,4,1,25,0,0,1,266,1,145,121,0,0,2,1,10,10,4,69,55,40,75,1,0,0,267,0,Bills
3674,Pete Robertson,5,-0.5725486,0,0,0,0,0,0,0,0,0,5,2,3,0,0,0,0,0,0,0,0,0,0,0,0,5,0,0,5,Cardinals
3677,Darian Thompson,13,0.347037692,1,3,0,1,1,0,0,0,0,13,4,9,0,0,0,0,0,0,0,0,0,0,0,0,13,0,0,0,Cowboys
3691,Patrick Onwuasor,19,-0.413701053,1,1,0,0,0,0,0,0,0,19,8,11,0,0,0,0,0,0,0,0,0,0,0,0,19,0,0,19,Ravens
3693,Andrew Adams,5,-1.309936,0,0,0,0,0,0,0,0,0,5,0,5,0,0,0,0,0,0,0,0,0,0,0,0,5,0,0,0,Buccaneers
3699,Trevon Coley,62,-0.064322145,2,4,0,0,2,0,0,0,62,0,29,32,1,7,11,41,2,0,0,0,0,0,0,0,0,62,0,0,Colts
3700,Michael Pierce,202,-0.097041,4,10,0,1,7,0,0,0,199,3,65,99,35,64,20,56,18,0,6,0,0,0,0,3,0,202,0,0,Ravens
3704,Vonn Bell,17,-0.508251824,1,2,1,1,3,0,0,0,0,17,10,7,0,0,0,0,0,0,0,0,0,0,0,0,17,0,0,0,Saints
3718,Javien Elliott,10,0.2641753,0,2,0,0,0,0,0,0,0,10,6,4,0,0,0,0,0,0,0,0,0,0,0,0,10,0,0,0,Panthers
3724,Vernon Hargreaves III,3,-0.573870667,1,0,0,0,0,0,0,0,0,3,2,1,0,0,0,0,0,0,0,0,0,0,0,0,3,0,0,0,Texans
3734,Erik Harris,14,0.174810643,1,0,0,0,0,0,0,0,0,14,3,11,0,0,0,0,0,0,0,0,0,0,0,0,14,0,0,0,Raiders
3735,Noah Spence,18,-0.027317222,0,1,0,0,0,0,0,0,11,7,6,12,0,0,0,0,0,0,0,0,1,3,7,0,7,0,18,0,Redskins
3753,David Onyemata,285,-0.140471225,8,7,1,0,10,0,0,0,285,0,96,151,38,55,2,4,180,1,4,1,0,0,0,0,0,285,0,0,Saints
3754,Tyrell Adams,3,0.392986,0,0,0,0,0,0,0,0,0,3,0,3,0,0,0,0,0,0,0,0,0,0,0,0,3,0,0,3,Texans
3757,Sheldon Rankins,151,0.025301709,3,1,1,0,9,0,0,0,133,18,72,58,3,40,3,1,84,0,2,0,0,0,0,18,0,151,0,0,Saints
3773,Brian Poole,10,-0.2372796,0,0,0,0,2,0,0,0,0,10,5,5,0,0,0,0,0,0,0,0,0,0,0,0,10,0,0,0,Jets
3779,Deion Jones,11,-0.310996091,0,0,0,0,0,0,0,0,0,11,4,7,0,0,0,0,0,0,0,0,0,0,0,0,11,0,0,11,Falcons
3782,Efe Obada,154,0.103545364,6,5,0,0,5,0,0,0,154,0,50,103,1,3,0,0,45,0,4,38,29,21,13,0,0,0,154,0,Panthers
3783,De'Vondre Campbell,121,0.151233248,3,6,1,0,3,1,0,0,0,121,70,51,0,0,0,0,0,0,0,0,0,0,0,0,121,0,0,121,Falcons
3786,Jordan Jenkins,350,-0.047680494,15,7,6,0,19,2,0,1,142,208,41,301,0,0,0,0,3,16,8,16,15,13,71,8,200,0,0,350,Jets
3791,B.J. Goodson,2,0.5205225,0,0,0,0,0,0,0,0,0,2,2,0,0,0,0,0,0,0,0,0,0,0,0,0,2,0,0,2,Packers
3792,Romeo Okwara,278,0.051926004,7,6,1,0,15,0,0,0,256,22,52,219,5,2,4,3,81,8,29,31,4,12,77,2,20,0,0,278,Lions
3808,Antwaun Woods,181,-0.019758083,7,12,0,0,0,0,0,0,181,0,69,105,7,11,12,139,4,0,8,0,0,0,0,0,0,181,0,0,Cowboys
3835,Steve Longa,2,0.2583645,1,0,0,0,0,0,0,0,0,2,1,1,0,0,0,0,0,0,0,0,0,0,0,0,2,0,0,2,Lions
3855,Jarran Reed,356,0.032547593,9,16,1,2,15,1,0,1,355,1,228,115,12,59,12,11,188,18,49,4,1,1,0,1,0,356,0,0,Seahawks
3857,Brandin Bryant,40,0.155057975,0,3,0,0,1,0,0,0,40,0,20,18,2,21,0,11,5,0,0,1,0,0,0,0,0,40,0,0,Browns
3860,Quinton Jefferson,276,-0.049508159,6,3,1,1,6,0,0,0,268,8,111,160,1,11,2,3,86,22,49,46,5,34,9,4,4,276,0,0,Seahawks
3871,Branden Jackson,202,-0.096326965,3,6,0,0,3,2,0,0,195,7,80,119,0,2,1,1,31,11,37,45,5,51,11,3,4,0,202,0,Seahawks
3897,Briean Boddy-Calhoun,2,-0.9040715,1,0,1,0,1,0,0,0,0,2,1,1,0,0,0,0,0,0,0,0,0,0,0,0,2,0,0,0,Colts
3899,Myles Jack,7,0.520153429,0,0,0,0,0,0,0,0,0,7,4,3,0,0,0,0,0,0,0,0,0,0,0,0,7,0,0,7,Jaguars
3900,Jarrod Wilson,22,-0.087731318,3,3,0,0,0,0,0,0,0,22,7,15,0,0,0,0,0,0,0,0,0,0,0,0,22,0,0,0,Jaguars
3901,Mike Hilton,10,0.1544811,0,0,0,0,0,0,0,0,0,10,3,7,0,0,0,0,0,0,0,0,0,0,0,0,10,0,0,0,Steelers
3921,James Bradberry,2,-0.043229,0,0,0,0,1,0,0,0,0,2,1,1,0,0,0,0,0,0,0,0,0,0,0,0,2,0,0,0,Panthers
3923,Vernon Butler,294,0.185855823,12,8,3,0,12,0,0,0,294,0,259,24,11,79,0,2,121,5,26,31,7,9,3,0,0,294,0,0,Panthers
3941,Chris Jones,354,-0.118712723,13,10,7,0,32,2,0,1,349,5,179,157,17,17,9,16,128,19,75,6,22,6,34,1,4,354,0,0,Chiefs
3942,Justin March-Lillard,4,0.75146925,0,0,0,0,0,0,0,0,0,4,0,4,0,0,0,0,0,0,0,0,0,0,0,0,4,0,0,4,Cowboys
3964,Mackensie Alexander,1,-0.832279,0,0,0,0,0,0,0,0,0,1,1,0,0,0,0,0,0,0,0,0,0,0,0,0,1,0,0,0,Vikings
3979,Adam Gotsis,117,-0.026600752,4,7,0,0,0,2,0,0,117,0,49,64,4,6,12,14,35,7,32,7,0,0,0,0,0,0,117,0,Broncos
4035,Will Parks,3,0.156696333,0,0,0,0,2,0,0,0,0,3,1,2,0,0,0,0,0,0,0,0,0,0,0,0,3,0,0,0,Broncos
4036,Kyle Peko,15,0.156915333,0,1,0,0,0,0,0,0,15,0,7,7,1,2,1,2,2,5,0,2,0,0,0,0,0,15,0,0,Broncos
4042,Justin Simmons,1,-1.753434,1,0,0,0,0,0,0,0,0,1,1,0,0,0,0,0,0,0,0,0,0,0,0,0,1,0,0,0,Broncos
4048,Brennan Scarlett,295,0.088569064,15,13,2,0,10,1,0,1,55,240,202,52,0,0,0,0,2,1,1,2,10,9,30,41,199,0,0,295,Texans
4051,Joel Heath,33,-0.044069182,0,0,0,0,1,0,0,0,33,0,20,13,0,0,1,1,9,6,10,3,2,0,1,0,0,0,33,0,Texans
4054,D.J. Reader,281,-0.05035126,12,15,0,0,17,0,0,0,281,0,124,154,3,50,20,51,93,20,38,3,1,2,0,0,0,281,0,0,Texans
4078,Jalen Mills,5,1.0572142,0,0,0,0,0,0,0,0,0,5,4,1,0,0,0,0,0,0,0,0,0,0,0,0,5,0,0,0,Eagles
4093,Joe Walker,11,-0.149090545,2,0,0,0,0,0,0,0,0,11,7,4,0,0,0,0,0,0,0,0,0,0,0,0,11,0,0,11,Cardinals
4102,Kendall Fuller,7,0.019221286,0,0,0,0,1,0,0,0,0,7,2,5,0,0,0,0,0,0,0,0,0,0,0,0,7,0,0,0,Chiefs
4131,Marqui Christian,5,-1.4706984,0,0,0,0,0,0,0,0,0,5,2,3,0,0,0,0,0,0,0,0,0,0,0,0,5,0,0,0,Rams
4141,Matt Ioannidis,364,0.118109115,16,7,4,0,19,1,0,0,356,8,343,6,11,10,82,15,55,106,51,20,2,4,0,4,4,0,364,0,Redskins
4159,Jayron Kearse,6,-0.587229333,1,1,0,0,0,0,0,0,0,6,4,2,0,0,0,0,0,0,0,0,0,0,0,0,6,0,0,0,Vikings
4170,Robert Nkemdiche,2,1.0237615,0,0,0,0,0,0,0,0,2,0,2,0,0,2,0,0,0,0,0,0,0,0,0,0,0,2,0,0,Dolphins
4173,Eric Murray,4,0.1252605,0,0,0,0,0,0,0,0,0,4,0,4,0,0,0,0,0,0,0,0,0,0,0,0,4,0,0,0,Browns
4182,Stephen Weatherly,250,-0.057538728,12,8,3,0,18,0,0,1,200,50,175,28,0,9,3,9,4,24,14,17,46,35,39,47,3,0,250,0,Vikings
4191,Anthony Brown,1,1.282643,0,0,0,0,0,0,0,0,0,1,0,1,0,0,0,0,0,0,0,0,0,0,0,0,1,0,0,0,Cowboys
4244,Jaylon Smith,6,0.6448185,0,1,0,0,0,0,0,0,2,4,0,6,0,0,0,0,0,0,0,0,0,0,2,0,4,0,0,6,Cowboys
4245,Maliek Collins,398,-0.044179274,7,3,2,0,21,0,0,0,398,0,212,179,7,29,11,38,213,8,90,1,1,0,0,0,0,398,0,0,Cowboys
4247,Ronald Blair III,30,0.118346333,2,0,0,0,0,0,0,0,29,1,8,22,0,0,0,0,0,0,0,1,4,18,6,0,1,0,30,0,49ers
4248,DeForest Buckner,464,-0.034814677,16,15,4,1,25,1,0,0,462,2,189,268,7,18,6,23,345,8,40,4,4,1,6,0,2,464,0,0,49ers
4249,Olsen Pierre,7,0.197188714,0,0,0,0,0,0,0,0,7,0,2,5,0,2,0,1,0,0,1,3,0,0,0,0,0,7,0,0,Giants
4251,Yannick Ngakoue,393,0.106151662,20,3,4,0,23,3,0,3,148,245,151,231,0,0,0,0,0,1,0,5,30,11,101,11,234,0,393,0,Jaguars
4252,Sheldon Day,200,0.01766711,6,3,1,0,5,0,0,0,200,0,108,80,12,14,10,95,63,1,1,0,1,0,3,0,0,200,0,0,49ers
4270,Daryl Worley,5,0.5619524,0,0,0,0,0,0,0,0,0,5,1,4,0,0,0,0,0,0,0,0,0,0,0,0,5,0,0,0,Raiders
4284,Joey Bosa,376,-0.009722282,17,8,4,1,36,0,0,0,368,8,175,201,0,0,0,0,16,21,14,175,23,10,109,0,8,0,376,0,Chargers
4306,Jordan Lucas,1,-0.288916,0,0,0,0,0,0,0,0,0,1,1,0,0,0,0,0,0,0,0,0,0,0,0,0,1,0,0,0,Chiefs
4310,James Burgess,71,-0.145040352,8,0,0,0,1,3,0,1,0,71,35,36,0,0,0,0,0,0,0,0,0,0,0,0,71,0,0,71,Jets
4386,Jomal Wiltz,4,1.21555825,0,0,0,0,0,0,0,0,0,4,3,1,0,0,0,0,0,0,0,0,0,0,0,0,4,0,0,0,Dolphins
4387,Rasul Douglas,1,-1.347045,0,0,0,0,0,0,0,0,0,1,0,1,0,0,0,0,0,0,0,0,0,0,0,0,1,0,0,0,Eagles
4391,Nathan Gerry,43,-0.563995605,1,1,0,1,3,0,0,0,0,43,25,18,0,0,0,0,0,0,0,0,0,0,0,0,43,0,0,43,Eagles
4399,Derek Barnett,268,-0.110346511,12,0,3,0,18,0,0,0,156,112,13,252,0,0,0,0,0,2,6,14,21,13,100,3,109,0,268,0,Eagles
4423,Avery Moss,139,0.107944597,4,5,0,0,2,0,0,1,97,42,112,22,0,0,0,0,15,6,0,43,19,9,5,5,37,0,0,139,Dolphins
4424,Dalvin Tomlinson,296,-0.01879624,8,22,2,0,11,0,0,1,296,0,93,192,11,170,5,6,101,0,2,1,0,0,0,0,0,296,0,0,Giants
4430,Xavier Woods,1,0.588561,0,0,0,0,0,0,0,0,0,1,0,1,0,0,0,0,0,0,0,0,0,0,0,0,1,0,0,0,Cowboys
4431,Jourdan Lewis,6,-0.1094005,0,0,0,0,0,0,0,0,0,6,4,2,0,0,0,0,0,0,0,0,0,0,0,0,6,0,0,0,Cowboys
4432,Chidobe Awuzie,2,-0.737224,0,0,0,0,0,0,0,0,0,2,1,1,0,0,0,0,0,0,0,0,0,0,0,0,2,0,0,0,Cowboys
4441,Dan Skipper,1,0.4053,0,0,0,0,0,0,0,0,1,0,1,0,0,0,0,0,1,0,0,0,0,0,0,0,0,0,0,0,Lions
4445,Joey Ivie,85,-0.014362788,0,1,0,0,2,0,0,0,84,1,53,28,3,13,2,10,33,0,23,0,0,0,0,1,0,85,0,0,Chiefs
4448,Taco Charlton,170,-0.104695282,3,1,1,0,9,0,0,1,81,89,155,12,0,1,0,0,5,4,0,8,7,16,40,3,86,0,170,0,Dolphins
4461,Ryan Anderson,313,-0.009529939,15,9,4,0,16,0,0,3,68,245,219,83,0,0,0,0,1,0,3,1,1,12,50,11,234,0,0,313,Redskins
4469,Jonathan Allen,401,0.060938212,25,15,1,2,18,0,0,0,389,12,6,373,12,14,101,32,44,119,50,13,0,4,0,10,2,0,401,0,Redskins
4475,Isaiah Irving,45,0.2111874,2,2,0,0,1,0,0,0,14,31,20,25,0,0,0,0,0,0,0,1,2,4,7,0,31,0,0,45,Bears
4476,Eddie Jackson,8,-0.318326375,0,0,0,0,1,0,0,0,0,8,6,2,0,0,0,0,0,0,0,0,0,0,0,0,8,0,0,0,Bears
4490,Jarrad Davis,11,-0.566498091,0,0,0,0,0,0,0,0,0,11,2,9,0,0,0,0,0,0,0,0,0,0,0,0,11,0,0,11,Lions
4501,Patrick O'Connor,24,0.072587417,2,0,0,0,2,0,0,0,24,0,9,15,0,1,0,1,18,0,3,1,0,0,0,0,0,0,24,0,Buccaneers
4504,Jalen Reeves-Maybin,16,0.080972813,0,1,0,0,1,0,0,0,0,16,2,14,0,0,0,0,0,0,0,0,0,0,0,0,16,0,0,16,Lions
4512,Jeremiah Valoaga,42,0.089953333,1,1,0,0,1,1,0,0,42,0,11,31,0,0,0,0,0,0,2,2,7,6,25,0,0,0,42,0,49ers
4517,Montravius Adams,66,0.009761318,1,7,0,0,3,1,0,0,65,1,36,29,0,5,4,6,38,5,5,2,0,0,0,1,0,66,0,0,Packers
4521,Vince Biegel,406,-0.026724067,15,20,0,1,12,1,1,0,24,382,38,344,0,0,0,0,0,10,0,4,7,3,0,24,358,0,0,406,Dolphins
4540,Kevin King,1,-1.370745,0,0,0,0,0,0,0,0,0,1,0,1,0,0,0,0,0,0,0,0,0,0,0,0,1,0,0,0,Packers
4575,Ben Gedeon,4,0.4437775,0,0,0,0,0,0,0,0,0,4,2,2,0,0,0,0,0,0,0,0,0,0,0,0,4,0,0,4,Vikings
4578,Jaleel Johnson,231,0.003888974,11,10,3,0,5,0,0,0,231,0,113,106,12,74,29,21,90,2,3,0,0,0,0,0,0,231,0,0,Vikings
4584,Cameron Sutton,2,-0.277112,0,0,0,0,0,0,0,0,0,2,2,0,0,0,0,0,0,0,0,0,0,0,0,0,2,0,0,0,Steelers
4588,Elijah Lee,4,0.02080675,0,0,0,0,0,0,0,0,0,4,3,1,0,0,0,0,0,0,0,0,0,0,0,0,4,0,0,4,49ers
4594,Ifeadi Odenigbo,234,-0.041616047,11,6,5,0,20,0,0,1,232,2,19,189,24,9,14,3,34,12,16,31,31,40,18,2,0,0,234,0,Vikings
4609,Eric Wilson,34,-0.219377941,4,4,0,0,0,0,0,0,0,34,23,11,0,0,0,0,0,0,0,0,0,0,0,0,34,0,0,34,Vikings
4615,Rayshawn Jenkins,3,1.485292,0,0,0,0,0,0,0,0,0,3,0,3,0,0,0,0,0,0,0,0,0,0,0,0,3,0,0,0,Chargers
4622,Desmond King II,4,0.06520625,0,0,0,0,0,0,0,0,0,4,2,2,0,0,0,0,0,0,0,0,0,0,0,0,4,0,0,0,Chargers
4634,Isaac Rochell,113,-0.00354054,1,3,0,0,3,1,0,0,109,4,47,59,7,5,2,0,8,4,5,32,6,3,37,0,4,0,113,0,Chargers
4642,Breon Borders,2,1.4709505,0,0,0,0,0,0,0,0,0,2,1,1,0,0,0,0,0,0,0,0,0,0,0,0,2,0,0,0,Jaguars
4644,Nicholas Morrow,51,0.23570549,3,1,0,0,1,0,0,0,0,51,26,25,0,0,0,0,0,0,0,0,0,0,0,0,51,0,0,51,Raiders
4652,T.J. Watt,462,-0.182593353,18,15,7,3,46,3,0,4,160,302,419,15,0,0,0,0,0,1,0,0,4,12,143,28,274,0,0,462,Steelers
4653,Marquel Lee,19,0.113233789,1,0,0,0,0,0,0,0,0,19,11,8,0,0,0,0,0,0,0,0,0,0,0,0,19,0,0,19,Raiders
4666,Treyvon Hester,76,-0.164699434,1,4,0,0,3,0,0,0,74,2,32,38,6,13,7,2,18,14,4,10,0,0,0,0,2,76,0,0,Redskins
4667,Eddie Vanderdoes,73,0.076594534,5,3,0,0,0,0,0,0,73,0,50,22,1,14,0,4,27,2,18,4,0,3,0,0,0,73,0,0,Texans
4671,Gareon Conley,1,-0.763707,0,0,0,0,0,0,0,0,0,1,1,0,0,0,0,0,0,0,0,0,0,0,0,0,1,0,0,0,Texans
4689,Takkarist McKinley,145,-0.162132138,6,4,3,0,10,0,0,0,83,62,109,31,0,0,0,0,4,3,10,3,3,13,47,5,57,0,145,0,Falcons
4694,Chris Odom,44,0.206856886,3,1,1,0,1,0,0,0,19,25,33,10,0,0,0,0,0,0,0,0,1,10,8,1,24,0,44,0,Redskins
4696,Jordan Evans,5,0.1722616,0,1,0,0,1,0,0,0,0,5,5,0,0,0,0,0,0,0,0,0,0,0,0,0,5,0,0,5,Bengals
4698,Hardy Nickerson,1,-0.846133,0,0,0,0,0,0,0,0,0,1,0,1,0,0,0,0,0,0,0,0,0,0,0,0,1,0,0,1,Bengals
4700,Carl Lawson,275,0.017016993,12,4,4,0,26,0,0,0,191,84,32,235,0,0,1,0,4,3,1,51,17,36,78,8,76,0,275,0,Bengals
4701,Duke Riley,1,1.566425,0,0,0,0,0,0,0,0,0,1,1,0,0,0,0,0,0,0,0,0,0,0,0,0,1,0,0,1,Eagles
4707,Josh Tupou,222,-0.02268641,10,6,0,0,2,0,0,1,222,0,107,115,0,14,5,36,73,11,28,51,0,4,0,0,0,222,0,0,Bengals
4710,Jamal Adams,50,0.1267209,5,1,3,0,8,0,0,1,0,50,27,23,0,0,0,0,0,0,0,0,0,0,0,0,50,0,0,0,Jets
4735,Marcus Maye,6,0.4352685,0,0,0,0,0,0,0,0,0,6,1,5,0,0,0,0,0,0,0,0,0,0,0,0,6,0,0,0,Jets
4739,Bryan Cox Jr,198,0.074209545,9,4,0,1,6,0,0,0,152,46,63,132,0,0,0,0,1,2,3,46,30,14,56,3,43,0,198,0,Panthers
4746,Budda Baker,16,-0.4273495,1,1,0,0,1,0,0,0,0,16,8,8,0,0,0,0,0,0,0,0,0,0,0,0,16,0,0,0,Cardinals
4754,Davon Godchaux,373,-0.006976936,19,26,1,2,9,0,0,0,359,14,17,284,61,67,14,55,134,2,26,0,0,0,0,11,3,373,0,0,Dolphins
4756,Charles Harris,118,-0.041695619,3,8,0,1,6,0,0,0,59,59,105,12,1,0,0,0,7,1,2,8,7,9,24,0,59,0,118,0,Dolphins
4764,Raekwon McMillan,33,-0.30280303,1,3,0,0,1,0,0,0,0,33,24,9,0,0,0,0,0,0,0,0,0,0,0,0,33,0,0,33,Dolphins
4785,Vincent Taylor,46,-0.285141543,2,4,0,0,2,1,0,0,46,0,26,20,0,32,4,1,9,0,0,0,0,0,0,0,0,46,0,0,Bills
4787,Haason Reddick,190,0.046972353,8,10,0,0,11,2,0,0,0,190,67,39,0,0,0,0,0,0,0,0,0,0,0,84,106,0,0,190,Cardinals
4797,Cole Luke,3,-0.810671333,0,0,0,0,0,0,0,0,0,3,3,0,0,0,0,0,0,0,0,0,0,0,0,0,3,0,0,0,Panthers
4810,Jordan Willis,62,0.122124484,0,3,0,0,2,0,0,0,39,23,1,59,0,0,0,0,5,3,7,2,4,0,18,2,21,0,62,0,Jets
4814,Jabrill Peppers,6,-0.125533667,0,0,0,0,3,1,0,0,0,6,5,1,0,0,0,0,0,0,0,0,0,0,0,0,6,0,0,0,Giants
4825,Larry Ogunjobi,385,-0.011821852,18,10,2,1,16,1,0,0,385,0,120,251,14,199,20,82,54,2,10,4,0,0,0,0,0,385,0,0,Browns
4827,Adam Butler,218,-0.035613193,6,6,1,1,9,3,0,0,213,5,70,87,56,35,10,15,46,19,16,14,1,0,1,5,0,218,0,0,Patriots
4842,Zach Cunningham,9,-0.316815333,0,0,0,0,0,0,0,0,0,9,4,5,0,0,0,0,0,0,0,0,0,0,0,0,9,0,0,9,Texans
4847,Samson Ebukam,191,-0.128546037,13,9,4,0,10,1,0,0,2,189,52,136,0,0,0,0,0,0,0,0,0,2,0,3,186,0,0,191,Rams
4849,Carlos Watkins,165,0.17599583,7,11,1,0,8,0,0,0,163,2,68,89,8,7,4,11,38,3,76,9,2,3,2,0,2,0,165,0,Texans
4859,Eli Ankou,168,-0.042790173,5,2,0,0,2,0,0,0,168,0,107,60,1,16,5,5,127,1,11,2,0,0,0,0,0,168,0,0,Browns
4867,Harvey Langi,11,-0.253552364,0,0,0,0,0,0,0,0,0,11,11,0,0,0,0,0,0,0,0,0,0,0,0,0,11,0,0,11,Jets
4870,Dylan Cole,3,-0.354170667,0,0,0,0,0,0,0,0,0,3,2,1,0,0,0,0,0,0,0,0,0,0,0,0,3,0,0,3,Texans
4888,Tanzel Smart,71,-0.039501197,1,1,0,0,0,0,0,0,71,0,33,37,1,2,5,2,48,2,6,0,4,1,0,0,0,71,0,0,Rams
4898,Kenny Moore II,6,0.099701833,0,1,0,0,1,0,0,0,0,6,5,1,0,0,0,0,0,0,0,0,0,0,0,0,6,0,0,0,Colts
4905,Deatrich Wise Jr,106,-0.003217321,9,5,1,0,7,0,0,0,106,0,27,79,0,3,0,2,27,32,8,24,4,4,2,0,0,0,106,0,Patriots
4914,Austin Calitro,3,-0.076751,0,0,0,0,0,0,0,0,0,3,1,2,0,0,0,0,0,0,0,0,0,0,0,0,3,0,0,3,Jaguars
4915,Adrian Colbert,1,1.534557,0,0,0,0,1,0,0,0,0,1,0,1,0,0,0,0,0,0,0,0,0,0,0,0,1,0,0,0,Dolphins
4921,D.J. Jones,129,0.068197085,5,5,1,0,4,0,0,1,129,0,38,69,22,52,0,48,5,0,1,0,0,1,0,0,0,129,0,0,49ers
4933,Solomon Thomas,258,0.003528388,4,4,0,0,5,0,0,0,251,7,118,131,8,17,5,58,35,9,8,5,12,12,82,1,6,0,258,0,49ers
4936,Ahkello Witherspoon,2,-3.303129,0,0,0,0,0,0,0,0,0,2,0,2,0,0,0,0,0,0,0,0,0,0,0,0,2,0,0,0,49ers
4939,Dawuane Smoot,174,0.094829695,5,2,2,0,10,0,0,0,170,4,98,75,1,1,1,1,58,7,18,32,15,23,13,0,4,0,174,0,Jaguars
4953,Matt Milano,46,-0.10696013,1,3,0,0,2,0,0,0,0,46,34,12,0,0,0,0,0,0,0,0,0,0,0,0,46,0,0,46,Bills
4961,Tanner Vallejo,1,-0.274048,0,0,0,0,0,0,0,0,0,1,1,0,0,0,0,0,0,0,0,0,0,0,0,0,1,0,0,1,Cardinals
4963,Tre'Davious White,6,0.059996833,0,0,0,0,0,0,0,0,0,6,4,2,0,0,0,0,0,0,0,0,0,0,0,0,6,0,0,0,Bills
4978,Myles Garrett,140,-0.23236805,3,2,0,0,13,0,0,0,113,27,36,103,0,0,0,0,2,1,2,22,15,19,52,1,26,0,140,0,Browns
4984,Marlon Humphrey,6,0.305919,0,0,0,0,0,0,0,0,0,6,3,3,0,0,0,0,0,0,0,0,0,0,0,0,6,0,0,0,Ravens
4986,Chuck Clark,46,-0.284283174,2,0,1,0,6,2,0,1,0,46,30,16,0,0,0,0,0,0,0,0,0,0,0,0,46,0,0,0,Ravens
4993,Tyus Bowser,236,-0.286351496,9,3,3,0,22,2,0,1,0,236,95,87,0,0,0,0,0,0,0,0,0,0,0,54,182,0,0,236,Ravens
5007,Carroll Phillips,14,-0.526267357,0,0,0,0,2,0,0,0,8,6,1,13,0,0,0,0,0,0,0,0,1,1,6,0,6,0,14,0,Redskins
5017,Patrick Ricard,29,-0.386160621,3,1,1,0,1,0,0,1,29,0,10,6,13,0,10,3,2,0,1,0,0,0,0,0,0,0,0,0,Ravens
5018,Chris Wormley,248,-0.141184149,13,14,1,1,5,1,0,0,247,1,156,91,0,0,7,7,121,26,45,22,17,1,1,1,0,0,248,0,Ravens
5020,Malik Hooker,14,-0.242309357,2,2,0,0,0,0,0,0,0,14,10,4,0,0,0,0,0,0,0,0,0,0,0,0,14,0,0,0,Colts
5022,Tarell Basham,287,-0.15507876,6,6,1,0,15,5,1,0,30,257,135,139,0,0,0,0,4,1,3,1,4,7,10,13,244,0,287,0,Jets
5025,Grover Stewart,369,-0.026034374,8,12,1,0,13,1,0,0,369,0,141,228,0,6,23,280,54,2,4,0,0,0,0,0,0,369,0,0,Colts
5026,Nate Hairston,1,-0.170169,0,0,0,0,0,0,0,0,0,1,1,0,0,0,0,0,0,0,0,0,0,0,0,0,1,0,0,0,Jets
5027,Anthony Walker,5,-1.3984852,0,1,0,1,1,0,0,0,0,5,3,2,0,0,0,0,0,0,0,0,0,0,0,0,5,0,0,5,Colts
5059,Shaquill Griffin,11,0.078442727,1,2,0,0,0,0,0,0,0,11,8,3,0,0,0,0,0,0,0,0,0,0,0,0,11,0,0,0,Seahawks
5073,Tanoh Kpassagnon,359,-0.124931872,6,8,1,0,17,2,0,0,315,44,167,179,4,8,8,8,28,14,12,23,43,25,142,9,35,0,359,0,Chiefs
5078,Jayon Brown,20,-0.5949425,0,0,0,0,1,1,1,0,0,20,8,12,0,0,0,0,0,0,0,0,0,0,0,0,20,0,0,20,Titans
5107,Jamal Carter,1,0.7068,0,0,0,0,0,0,0,0,0,1,1,0,0,0,0,0,0,0,0,0,0,0,0,0,1,0,0,0,Falcons
5119,Isaiah McKenzie,1,-0.963641,0,0,0,0,0,0,0,0,0,1,1,0,0,0,0,0,0,0,0,0,0,0,0,0,1,0,0,0,Bills
5127,DeMarcus Walker,50,-0.08548262,1,2,0,0,1,0,0,0,50,0,19,27,4,1,3,4,21,2,10,4,0,0,1,0,0,0,50,0,Broncos
5138,Trey Hendrickson,235,-0.105811523,4,7,1,1,22,0,0,0,207,28,34,199,0,0,0,0,2,2,2,72,14,25,90,2,26,0,235,0,Saints
5142,Arthur Maulet,11,0.117352727,1,0,0,0,0,0,0,0,0,11,10,1,0,0,0,0,0,0,0,0,0,0,0,0,11,0,0,0,Jets
5143,Al-Quadin Muhammad,228,-0.042507206,4,10,2,0,17,0,0,0,226,2,10,218,0,0,0,0,0,1,0,9,39,87,90,0,2,0,228,0,Colts
5151,Marcus Williams,2,0.32685,0,0,0,0,0,0,0,0,0,2,0,2,0,0,0,0,0,0,0,0,0,0,0,0,2,0,0,0,Saints
5153,Devaroe Lawrence,75,-0.230269533,1,1,0,0,1,0,0,0,75,0,41,34,0,11,12,9,34,0,4,0,2,1,2,0,0,75,0,0,Browns
5192,Donald Payne,11,0.657699182,2,0,0,0,0,0,0,0,0,11,7,4,0,0,0,0,0,0,0,0,0,0,0,0,11,0,0,11,Jaguars
5194,Daeshon Hall,30,0.640904567,1,0,0,0,0,0,0,0,25,5,27,1,0,3,0,0,6,0,2,0,1,3,10,2,3,0,30,0,Eagles
5213,Roquan Smith,7,0.074238286,0,1,0,0,0,0,0,0,0,7,3,4,0,0,0,0,0,0,0,0,0,0,0,0,7,0,0,7,Bears
5218,Denzel Ward,10,-0.1088756,1,0,0,0,0,0,0,0,0,10,8,2,0,0,0,0,0,0,0,0,0,0,0,0,10,0,0,0,Browns
5219,Marcus Davenport,155,0.112760768,6,3,3,0,12,0,0,2,58,97,20,132,0,1,0,0,2,3,0,33,4,12,3,3,94,0,155,0,Saints
5221,Vita Vea,409,-0.136410156,12,6,2,0,20,3,0,0,406,3,80,228,98,133,13,54,85,4,18,0,0,0,1,3,0,409,0,0,Buccaneers
5227,Tremaine Edmunds,5,0.9387002,0,0,0,0,0,0,0,0,0,5,3,2,0,0,0,0,0,0,0,0,0,0,0,0,5,0,0,5,Bills
5228,Leighton Vander Esch,7,-0.173707571,0,0,0,0,0,0,0,0,0,7,5,2,0,0,0,0,0,0,0,0,0,0,0,0,7,0,0,7,Cowboys
6229,Minkah Fitzpatrick,1,-1.111417,0,0,0,0,0,0,0,0,0,1,0,1,0,0,0,0,0,0,0,0,0,0,0,0,1,0,0,0,Steelers
6234,Taven Bryan,293,0.039746962,13,10,1,0,11,0,0,1,289,4,150,141,2,6,1,1,256,3,19,1,0,0,0,0,4,293,0,0,Jaguars
6235,Rashaan Evans,18,0.1358275,1,1,0,0,1,0,0,0,1,17,4,14,0,1,0,0,0,0,0,0,0,0,0,0,17,0,0,18,Titans
6236,Derwin James,66,0.188902091,8,3,0,0,1,1,0,0,0,66,38,28,0,0,0,0,0,0,0,0,0,0,0,0,66,0,0,0,Chargers
6256,Taron Johnson,23,0.143880261,1,2,0,0,0,0,0,0,0,23,6,17,0,0,0,0,0,0,0,0,0,0,0,0,23,0,0,0,Bills
6257,Siran Neal,2,-0.729219,0,0,0,0,0,0,0,0,0,2,2,0,0,0,0,0,0,0,0,0,0,0,0,0,2,0,0,0,Bills
6261,Nathan Shepherd,213,-0.23128054,7,5,2,0,13,0,0,0,213,0,76,127,10,22,13,30,53,29,45,5,2,0,4,0,0,213,0,0,Jets
6264,Folorunso Fatukasi,226,-0.159527332,6,6,1,0,3,1,0,0,226,0,92,107,27,21,34,26,55,21,42,0,0,0,0,0,0,226,0,0,Jets
6267,Duke Dawson Jr,2,-1.100888,0,0,0,0,0,0,0,0,0,2,0,2,0,0,0,0,0,0,0,0,0,0,0,0,2,0,0,0,Broncos
6275,Jerome Baker,67,-0.125194313,2,1,0,0,0,1,0,1,0,67,22,45,0,0,0,0,0,0,0,0,0,0,0,0,67,0,0,67,Dolphins
6284,Josey Jewell,1,-1.02338,1,0,1,0,1,0,0,0,0,1,0,1,0,0,0,0,0,0,0,0,0,0,0,0,1,0,0,1,Broncos
6291,Derrick Nnadi,243,-0.024118284,3,13,0,0,7,1,1,0,243,0,126,112,5,104,5,31,87,0,9,1,0,0,1,0,0,243,0,0,Chiefs
6296,Uchenna Nwosu,107,0.004386318,2,0,1,0,8,0,0,0,33,74,55,49,0,0,0,0,0,0,0,2,0,0,31,3,71,0,0,107,Chargers
6297,Justin Jones,238,0.024125261,8,2,0,0,9,0,0,0,237,1,124,99,14,14,0,7,182,5,7,5,0,1,2,1,0,238,0,0,Chargers
6298,Kyzir White,116,-0.080757741,6,10,0,0,0,0,0,0,0,116,42,23,0,0,0,0,0,0,0,0,0,0,0,51,65,0,0,116,Chargers
6303,PJ Hall,278,0.046483601,6,5,1,0,10,0,0,0,278,0,135,140,3,37,18,19,188,2,11,0,0,0,0,0,0,278,0,0,Raiders
6305,Arden Key,24,0.379309458,1,0,1,0,3,0,0,0,24,0,1,23,0,1,2,3,13,0,0,4,0,0,1,0,0,0,24,0,Raiders
6307,Maurice Hurst,279,-0.014146387,5,3,1,1,19,2,1,0,279,0,160,99,20,25,48,19,149,4,14,0,0,0,0,0,0,279,0,0,Raiders
6312,Troy Apke,6,0.287595167,0,0,0,0,0,0,0,0,0,6,4,2,0,0,0,0,0,0,0,0,0,0,0,0,6,0,0,0,Redskins
6314,Shaun Dion Hamilton,9,0.193258556,1,0,1,0,2,1,0,0,0,9,4,5,0,0,0,0,0,0,0,0,0,0,0,0,9,0,0,9,Redskins
6322,Corey Thompson,4,1.0469155,0,0,0,0,0,0,0,0,0,4,1,3,0,0,0,0,0,0,0,0,0,0,0,0,4,0,0,4,Bills
6323,Levi Wallace,8,-0.093443625,0,0,0,0,0,0,0,0,0,8,5,3,0,0,0,0,0,0,0,0,0,0,0,0,8,0,0,0,Bills
6326,Kylie Fitts,33,0.153039394,0,1,0,0,2,0,0,0,1,32,16,15,0,0,0,0,0,1,0,0,0,0,0,2,30,0,0,33,Cardinals
6327,Joel Iyiegbuniwe,1,-2.133975,0,0,0,0,0,0,0,0,0,1,1,0,0,0,0,0,0,0,0,0,0,0,0,0,1,0,0,1,Bears
6329,Bilal Nichols,307,-0.019112446,9,12,0,0,2,1,0,0,305,2,100,190,16,15,29,33,119,33,35,24,0,1,0,1,1,307,0,0,Bears
6335,Abdullah Anderson,19,0.106325684,0,1,0,0,1,0,0,0,19,0,4,10,5,8,2,0,0,1,1,1,0,0,1,0,0,19,0,0,Bears
6340,Da'Shawn Hand,66,0.227674485,0,2,0,0,0,0,0,0,66,0,55,8,3,6,9,4,30,1,2,10,0,0,1,0,0,0,66,0,Lions
6343,Tracy Walker,3,-1.362737333,0,0,0,0,1,0,0,0,0,3,0,3,0,0,0,0,0,0,0,0,0,0,0,0,3,0,0,0,Lions
6344,John Atkins,303,0.034561835,10,8,0,0,5,0,0,0,303,0,77,163,63,22,29,18,151,2,15,2,1,0,0,0,0,303,0,0,Lions
6349,Oren Burks,5,0.192734,0,0,0,0,0,0,0,0,0,5,5,0,0,0,0,0,0,0,0,0,0,0,0,0,5,0,0,5,Packers
6363,Tarvarius Moore,4,-1.3735395,0,0,0,0,0,1,0,0,0,4,2,2,0,0,0,0,0,0,0,0,0,0,0,0,4,0,0,0,49ers
6364,Holton Hill,4,-0.2557355,0,0,0,0,0,0,0,0,0,4,0,4,0,0,0,0,0,0,0,0,0,0,0,0,4,0,0,0,Vikings
6366,Jalyn Holmes,59,-0.227634068,2,2,0,0,0,0,0,0,59,0,33,26,0,2,8,0,41,1,0,2,1,3,1,0,0,59,0,0,Vikings
6368,Jullian Taylor,63,-0.049177587,6,2,0,0,2,0,0,0,63,0,33,25,5,15,6,17,19,0,1,0,0,0,0,0,0,63,0,0,49ers
6369,Fred Warner,2,-0.210965,0,0,0,0,0,0,0,0,0,2,1,1,0,0,0,0,0,0,0,0,0,0,0,0,2,0,0,2,49ers
6374,Bruce Hector,23,0.170231652,0,0,0,0,0,0,0,0,23,0,4,19,0,4,0,2,17,0,0,0,0,0,0,0,0,23,0,0,Eagles
6375,Avonte Maddox,5,0.5626588,0,0,0,0,0,0,0,0,0,5,4,1,0,0,0,0,0,0,0,0,0,0,0,0,5,0,0,0,Eagles
6378,Josh Sweat,185,-0.045377849,5,3,2,2,18,0,0,0,169,16,93,92,0,0,0,0,1,1,2,5,7,21,132,0,16,0,185,0,Eagles
6380,Sam Hubbard,360,0.018795678,19,12,5,1,25,1,0,0,232,128,241,102,2,4,21,1,50,2,5,43,26,26,52,15,113,0,360,0,Bengals
6386,JT Gray,1,1.640085,0,0,0,0,0,0,0,0,0,1,1,0,0,0,0,0,0,0,0,0,0,0,0,0,1,0,0,0,Saints
6387,Taylor Stallworth,67,-0.028763657,4,3,0,0,0,1,0,0,67,0,30,36,1,2,3,3,58,0,0,0,0,0,0,0,0,67,0,0,Saints
6392,Matt Dickerson,27,0.265182815,0,1,0,0,0,0,0,0,27,0,15,10,2,13,3,3,5,0,0,1,0,0,0,0,0,0,27,0,Titans
6393,Sharif Finch,61,-0.123582803,2,1,1,0,5,0,0,0,7,54,46,13,0,0,0,0,0,0,0,0,0,2,5,2,52,0,0,61,Titans
6394,Harold Landry,458,0.035562535,12,20,4,0,35,1,1,0,50,408,116,333,0,0,0,0,1,3,0,9,7,16,14,9,399,0,0,458,Titans
6398,Tre Flowers,3,-1.944987333,0,0,0,0,0,0,0,0,0,3,0,3,0,0,0,0,0,0,0,0,0,0,0,0,3,0,0,0,Seahawks
6399,Poona Ford,244,-0.011691176,11,6,0,1,9,1,0,0,244,0,98,122,24,189,2,19,8,1,1,0,0,0,0,0,0,244,0,0,Seahawks
6400,Rasheem Green,240,0.070345,9,10,2,0,6,1,0,2,235,5,144,96,0,3,0,2,8,11,15,55,18,95,28,0,5,0,240,0,Seahawks
6401,Shaquem Griffin,93,-0.117112892,2,0,0,0,10,1,0,0,0,93,70,6,0,0,0,0,0,0,0,0,0,0,0,17,76,0,0,93,Seahawks
6402,Jacob Martin,125,0.131634256,4,4,3,1,11,0,0,1,73,52,98,23,2,0,0,0,0,3,0,4,14,21,29,2,50,0,0,125,Texans
6412,J.C. Jackson,4,-0.02542,0,0,0,0,1,0,0,0,0,4,1,3,0,0,0,0,0,0,0,0,0,0,0,0,4,0,0,0,Patriots
6416,Carlton Davis,1,-0.05348,0,0,0,0,0,0,0,0,0,1,0,1,0,0,0,0,0,0,0,0,0,0,0,0,1,0,0,0,Buccaneers
6418,Jordan Whitehead,26,-0.380854538,1,1,0,0,1,0,0,0,0,26,13,13,0,0,0,0,0,0,0,0,0,0,0,0,26,0,0,0,Buccaneers
6420,Daron Payne,292,0.119152137,15,5,1,0,4,1,0,0,281,11,116,65,102,56,30,12,43,12,15,8,0,1,2,9,2,292,0,0,Redskins
6426,Marquis Haynes,50,0.14518744,1,1,1,0,2,0,0,0,34,16,38,11,0,0,0,0,1,0,1,2,3,7,20,1,15,0,50,0,Panthers
6427,Jermaine Carter,16,0.0222035,0,1,0,0,0,0,0,0,0,16,8,8,0,0,0,0,0,0,0,0,0,0,0,0,16,0,0,16,Panthers
6429,Tim Settle,117,-0.09950635,3,5,0,0,6,0,0,0,114,3,52,45,17,21,10,10,7,30,14,3,0,1,1,3,0,117,0,0,Redskins
6433,Dorance Armstrong,126,-0.045860976,5,3,1,0,4,0,0,1,126,0,3,123,0,0,0,0,0,1,4,1,45,21,54,0,0,0,126,0,Cowboys
6440,Chad Thomas,328,0.048103241,13,4,3,0,12,1,0,0,235,93,297,27,1,0,0,0,4,5,0,83,67,40,35,3,90,0,328,0,Browns
6443,Genard Avery,33,-0.120417333,1,1,0,1,1,1,0,0,0,33,18,11,0,0,0,0,0,0,0,0,0,0,0,4,29,0,33,0,Eagles
6462,Zach Sieler,91,-0.025185473,3,5,1,0,6,2,0,0,91,0,26,53,12,6,4,6,54,3,4,2,0,0,0,0,0,0,91,0,Ravens
6466,Lorenzo Carter,339,2.32E-04,9,11,2,0,17,2,0,0,146,193,54,248,0,1,0,0,6,2,0,39,12,17,69,37,156,0,0,339,Giants
6469,Isaiah Oliver,5,0.5198382,0,0,0,0,0,0,0,0,0,5,1,4,0,0,0,0,0,0,0,0,0,0,0,0,5,0,0,0,Falcons
6470,Foyesade Oluokun,25,-0.09388092,1,3,0,0,0,0,0,0,0,25,11,14,0,0,0,0,0,0,0,0,0,0,0,0,25,0,0,25,Falcons
6471,Deadrin Senat,18,0.256117333,0,0,0,0,1,0,0,0,18,0,7,7,4,4,1,2,7,0,0,0,0,0,0,0,0,18,0,0,Falcons
6476,BJ Hill,173,0.030174723,5,6,1,0,4,0,0,0,173,0,166,3,4,42,3,6,83,0,20,11,0,1,3,0,0,173,0,0,Giants
6482,Olasunkanmi Adeniyi,20,-0.58445475,0,0,0,0,1,0,0,0,0,20,16,4,0,0,0,0,0,0,0,0,0,0,0,0,20,0,0,20,Steelers
6485,Terrell Edmunds,5,-0.2115538,0,0,0,0,0,0,0,0,0,5,4,1,0,0,0,0,0,0,0,0,0,0,0,0,5,0,0,0,Steelers
6497,Ben Niemann,10,-0.5606034,1,1,0,0,0,0,0,0,0,10,4,6,0,0,0,0,0,0,0,0,0,0,0,0,10,0,0,10,Chiefs
6498,Charvarius Ward,1,-1.267008,0,0,0,0,0,0,0,0,0,1,0,1,0,0,0,0,0,0,0,0,0,0,0,0,1,0,0,0,Chiefs
6503,Ronnie Harrison,20,0.17748925,1,1,0,0,1,0,0,0,0,20,18,2,0,0,0,0,0,0,0,0,0,0,0,0,20,0,0,0,Jaguars
6504,Leon Jacobs,193,0.089246668,16,8,1,0,4,0,0,0,0,193,59,73,0,0,0,0,0,0,0,0,0,0,0,61,132,0,0,193,Jaguars
6511,Ogbonnia Okoronkwo,56,0.031899911,1,1,0,0,2,0,0,0,22,34,15,40,0,0,0,0,0,0,0,1,0,1,20,1,33,0,0,56,Rams
6515,Sebastian Joseph-Day,246,-0.106878154,12,12,1,0,9,1,0,0,246,0,109,103,34,139,7,8,26,5,4,4,5,8,6,0,0,246,0,0,Rams
6519,Travin Howard,1,1.023812,0,0,0,0,0,0,0,0,0,1,1,0,0,0,0,0,0,0,0,0,0,0,0,0,1,0,0,1,Rams
6524,Justin Reid,5,-0.1870824,0,1,0,0,1,0,0,0,0,5,0,5,0,0,0,0,0,0,0,0,0,0,0,0,5,0,0,0,Texans
6532,Peter Kalambayi,7,0.671886143,0,0,0,0,1,0,0,0,0,7,4,3,0,0,0,0,0,0,0,0,0,0,0,0,7,0,0,7,Texans
6535,Tre Herndon,5,-0.2358192,1,0,0,0,0,0,0,0,0,5,5,0,0,0,0,0,0,0,0,0,0,0,0,0,5,0,0,0,Jaguars
6537,A.J. Moore,3,0.609310667,0,0,0,0,1,0,0,0,0,3,2,1,0,0,0,0,0,0,0,0,0,0,0,0,3,0,0,0,Texans
6539,Darius Leonard,23,-0.050594348,0,2,0,0,0,0,0,0,0,23,16,7,0,0,0,0,0,0,0,0,0,0,0,0,23,0,0,23,Colts
6542,Tyquan Lewis,178,-0.093490135,2,3,0,0,6,0,0,0,178,0,138,39,1,1,10,4,2,33,22,0,38,29,38,0,0,0,178,0,Colts
6551,George Odum,3,-0.606865667,0,1,0,0,0,0,0,0,0,3,2,1,0,0,0,0,0,0,0,0,0,0,0,0,3,0,0,0,Colts
6553,Davontae Harris,2,-0.0421,0,0,0,0,0,0,0,0,0,2,1,1,0,0,0,0,0,0,0,0,0,0,0,0,2,0,0,0,Broncos
6556,Andrew Brown,45,0.173497689,1,1,0,0,3,0,0,0,33,12,21,20,1,1,2,0,20,1,0,3,2,3,0,3,9,45,0,0,Bengals
6569,Demone Harris,115,-0.119250435,3,1,0,0,5,0,0,0,67,48,69,42,0,0,0,0,0,0,1,4,19,7,36,4,44,0,0,115,Chiefs
6577,Jacob Tuioti-Mariner,178,-0.1234795,7,7,0,0,6,0,0,1,158,20,118,59,0,0,0,0,6,6,3,14,22,46,61,1,19,178,0,0,Falcons
6581,Chandon Sullivan,3,-0.561648333,1,0,0,0,1,0,0,0,0,3,1,2,0,0,0,0,0,0,0,0,0,0,0,0,3,0,0,0,Packers
6583,RJ McIntosh,33,0.057660636,0,3,0,0,0,0,0,0,33,0,0,33,0,11,1,0,18,0,0,3,0,0,0,0,0,33,0,0,Giants
6589,Donovan Olumba,1,-0.924961,0,0,0,0,0,0,0,0,0,1,0,1,0,0,0,0,0,0,0,0,0,0,0,0,1,0,0,0,Cowboys
6595,Kenny Ladler,1,2.567143,0,0,0,0,0,0,0,0,0,1,1,0,0,0,0,0,0,0,0,0,0,0,0,0,1,0,0,0,Redskins
6605,Frank Herron,99,0.237000646,1,5,0,0,4,0,0,0,99,0,72,20,7,4,9,4,57,1,10,5,0,1,1,0,0,99,0,0,Lions
6614,Robert Spillane,1,-0.513487,0,0,0,0,0,0,0,0,0,1,0,1,0,0,0,0,0,0,0,0,0,0,0,0,1,0,0,1,Steelers
6617,Marcell Harris,26,-0.201419692,1,2,0,0,0,0,0,0,0,26,18,8,0,0,0,0,0,0,0,0,0,0,0,0,26,0,0,0,49ers
6618,Kentavius Street,34,0.020579647,3,1,0,0,1,0,0,0,34,0,12,21,1,3,1,17,10,0,2,0,0,0,0,0,0,0,34,0,49ers
6626,Emmanuel Moseley,2,-0.6525025,0,0,0,0,0,0,0,0,0,2,0,2,0,0,0,0,0,0,0,0,0,0,0,0,2,0,0,0,49ers
6631,Dallin Leavitt,2,-0.6575795,0,0,0,0,0,0,0,0,0,2,2,0,0,0,0,0,0,0,0,0,0,0,0,0,2,0,0,0,Raiders
6652,Rob McCray,21,0.167620333,1,0,0,0,1,0,0,0,17,4,12,9,0,0,0,0,0,0,0,2,1,2,12,0,4,0,21,0,Browns
6657,Frankie Luvu,13,0.073592538,2,0,1,0,2,0,0,0,0,13,11,0,0,0,0,0,0,0,0,0,0,0,0,2,11,0,0,13,Jets
6664,Jeremy Reaves,1,0.542772,0,0,0,0,0,0,0,0,0,1,0,1,0,0,0,0,0,0,0,0,0,0,0,0,1,0,0,0,Redskins
6676,Trent Harris,156,-0.017889679,9,5,1,1,6,0,0,1,21,135,93,54,3,3,0,0,0,0,0,1,1,5,8,6,129,0,156,0,Dolphins
6699,Tyler Lancaster,169,0.025701639,6,9,0,1,2,0,0,0,169,0,86,81,2,23,6,31,98,1,6,2,0,0,0,0,0,169,0,0,Packers
6704,Hercules Mata'afa,13,0.231300769,0,0,0,0,0,1,0,0,13,0,6,6,1,0,0,0,5,3,4,0,0,0,0,0,0,0,13,0,Vikings
6747,Jonathan Wynn,7,0.061173143,0,1,0,0,0,0,0,0,7,0,4,3,0,0,0,0,7,0,0,0,0,0,0,0,0,0,7,0,Lions
6768,Alexander Johnson,3,-0.550214333,1,0,0,0,0,0,0,0,0,3,1,2,0,0,0,0,0,0,0,0,0,0,0,0,3,0,0,3,Broncos
6781,Jonathan Harris,44,0.189108659,1,6,0,0,0,0,0,0,44,0,34,10,0,0,0,4,12,9,6,13,0,0,0,0,0,44,0,0,Broncos
6797,Jeffery Simmons,246,-0.070730919,10,15,1,0,5,1,0,0,245,1,140,101,5,41,12,14,110,17,12,16,9,5,4,0,1,0,246,0,Titans
6800,David Long,4,0.18419625,0,0,0,0,0,0,0,0,0,4,1,3,0,0,0,0,0,0,0,0,0,0,0,0,4,0,0,4,Titans
6802,Amani Hooker,4,-0.0852175,0,0,0,0,0,0,0,0,0,4,1,3,0,0,0,0,0,0,0,0,0,0,0,0,4,0,0,0,Titans
6805,Austin Bryant,126,-0.05893869,4,4,0,0,1,0,0,0,43,83,63,60,0,0,0,0,3,0,0,2,3,4,31,3,80,0,126,0,Lions
6809,Will Harris,1,-0.629809,0,0,0,0,0,0,0,0,0,1,0,1,0,0,0,0,0,0,0,0,0,0,0,0,1,0,0,0,Lions
6821,Josh Allen,256,0.129228348,14,6,3,1,20,0,0,0,152,104,141,114,0,0,0,0,7,6,8,27,32,31,41,1,103,0,0,256,Jaguars
6823,Dontavius Russell,24,0.335083042,1,2,0,0,0,0,0,0,24,0,9,12,3,14,1,2,2,0,2,0,0,0,0,0,0,24,0,0,Jaguars
6826,Anthony Pittman,15,0.161053267,0,1,0,0,1,0,0,0,0,15,12,3,0,0,0,0,0,0,0,0,0,0,0,0,15,0,0,15,Lions
6827,Quincy Williams,9,1.290016778,0,0,0,0,0,0,0,0,0,9,6,3,0,0,0,0,0,0,0,0,0,0,0,0,9,0,0,9,Jaguars
6835,Kevin Strong,25,0.05442148,1,0,0,0,0,0,0,0,25,0,17,5,3,3,1,0,8,0,1,9,0,0,0,0,0,25,0,0,Lions
6836,Jahlani Tavai,77,0.038615506,3,1,1,0,3,0,0,0,0,77,5,72,0,0,0,0,0,0,0,0,0,0,0,0,77,0,0,77,Lions
6843,Ahmad Gooden,24,0.141588792,1,0,0,0,2,0,0,0,0,24,4,17,0,0,0,0,0,0,0,0,0,0,0,3,21,0,0,24,Broncos
6847,Rashan Gary,112,0.093048089,9,2,1,0,5,0,0,0,47,65,67,44,0,0,0,0,5,1,6,1,5,2,27,1,64,0,0,112,Packers
6852,Justin Hollins,170,-0.025497794,4,7,1,0,9,1,0,0,0,170,32,136,0,0,0,0,0,0,0,0,0,0,0,2,168,0,0,170,Broncos
6855,Dre'Mont Jones,139,0.039625892,9,3,3,1,9,1,1,0,139,0,76,41,22,4,12,12,38,19,26,3,0,2,1,0,0,0,139,0,Broncos
6859,Malik Reed,183,0.11078971,3,6,1,0,5,1,0,0,0,183,109,68,0,0,0,0,0,0,0,0,0,0,0,6,177,0,0,183,Broncos
6860,Kingsley Keke,58,0.158945017,2,5,0,0,0,0,0,0,58,0,23,34,1,0,2,10,40,1,2,1,0,1,0,0,0,58,0,0,Packers
6867,Deyon Sizer,5,0.1938308,0,1,0,0,0,0,0,0,5,0,0,5,0,0,0,0,1,2,1,1,0,0,0,0,0,0,5,0,Broncos
6868,Darnell Savage,7,-0.067399,2,0,0,0,0,0,0,0,0,7,3,4,0,0,0,0,0,0,0,0,0,0,0,0,7,0,0,0,Packers
6883,Charles Omenihu,268,0.196774578,4,3,1,0,14,1,0,0,258,10,166,76,24,4,2,2,24,22,56,25,26,19,54,2,8,0,268,0,Texans
6889,Kris Boyd,1,-3.149563,0,0,0,0,0,0,0,0,0,1,1,0,0,0,0,0,0,0,0,0,0,0,0,0,1,0,0,0,Vikings
6906,Cameron Smith,5,0.05078,0,1,0,0,0,0,0,0,0,5,3,2,0,0,0,0,0,0,0,0,0,0,0,0,5,0,0,5,Vikings
6909,Armon Watts,117,-0.113773171,6,8,1,1,6,1,0,1,117,0,47,66,4,85,1,16,11,0,0,0,0,0,0,0,0,117,0,0,Vikings
6916,Jaylon Ferguson,341,-0.154397698,18,9,2,1,18,1,0,0,90,251,142,157,0,0,0,1,40,0,13,5,7,3,21,42,209,0,0,341,Ravens
6934,Gerald Willis,18,-0.2228905,0,1,0,0,2,0,0,0,18,0,7,8,3,4,0,3,8,0,0,0,0,0,0,0,0,18,0,0,Dolphins
6940,Nick Bosa,469,-0.03631371,14,12,2,0,45,1,0,0,438,31,129,336,0,0,2,1,0,16,4,6,69,36,304,4,27,0,469,0,49ers
6946,Darryl Johnson,82,-0.179994524,2,2,0,0,5,0,0,0,81,1,7,75,0,0,0,0,0,0,0,6,22,44,9,0,1,0,82,0,Bills
6948,Jaquan Johnson,1,0.8163,0,0,0,0,1,0,0,0,0,1,0,1,0,0,0,0,0,0,0,0,0,0,0,0,1,0,0,0,Bills
6964,Ben Banogu,150,-0.035119747,1,2,1,0,16,0,0,0,150,0,134,16,0,0,0,0,0,4,0,2,25,15,104,0,0,0,150,0,Colts
6976,Ed Oliver,260,-0.179886323,12,13,4,0,11,1,0,1,260,0,118,141,1,23,5,7,192,7,24,1,0,0,0,0,0,260,0,0,Bills
6977,Khari Willis,36,-0.140270306,5,1,0,0,0,0,0,0,0,36,22,14,0,0,0,0,0,0,0,0,0,0,0,0,36,0,0,0,Colts
6987,Renell Wren,65,-0.261597215,1,3,0,0,0,0,0,0,65,0,41,24,0,0,0,2,18,2,17,22,0,3,1,0,0,65,0,0,Bengals
6989,Germaine Pratt,5,-0.027629,0,0,0,0,1,0,0,0,0,5,4,1,0,0,0,0,0,0,0,0,0,0,0,0,5,0,0,5,Bengals
7017,T.J. Edwards,2,-0.152973,0,1,0,0,0,0,0,0,0,2,2,0,0,0,0,0,0,0,0,0,0,0,0,0,2,0,0,2,Eagles
7019,Sheldrick Redwine,19,0.550023211,3,1,0,0,2,0,0,0,0,19,11,8,0,0,0,0,0,0,0,0,0,0,0,0,19,0,0,0,Browns
7027,Sione Takitaki,43,-0.15076,4,2,0,0,1,0,0,0,2,41,28,15,0,0,0,0,0,0,0,0,0,1,1,0,41,0,0,43,Browns
7032,Montre Hartage,2,-1.6252795,0,0,0,0,0,0,0,0,0,2,1,1,0,0,0,0,0,0,0,0,0,0,0,0,2,0,0,0,Dolphins
7034,Mack Wilson,70,-0.049669371,1,3,0,0,3,0,0,1,1,69,33,37,0,0,0,0,0,0,0,0,0,0,1,0,69,0,0,70,Browns
7043,Emeke Egbule,5,0.2864848,0,0,0,0,0,0,0,0,0,5,3,2,0,0,0,0,0,0,0,0,0,0,0,0,5,0,0,5,Chargers
7049,Isaiah Buggs,54,-0.132884907,2,1,0,0,1,0,0,0,53,1,17,36,1,1,4,10,29,1,5,2,0,0,0,0,1,0,54,0,Steelers
7050,Devin Bush,7,0.579868857,0,1,0,0,0,0,0,0,0,7,4,3,0,0,0,0,0,0,0,0,0,0,0,0,7,0,0,7,Steelers
7078,Andrew Van Ginkel,177,0.010077192,9,3,1,0,4,0,0,0,0,177,51,125,0,0,0,0,0,0,0,0,0,0,0,1,176,0,0,177,Dolphins
7086,Christian Wilkins,415,-0.004753342,13,19,2,0,20,1,0,0,407,8,293,43,78,31,23,37,153,4,32,34,0,14,1,1,7,415,0,0,Dolphins
7096,Dexter Lawrence,356,0.015339992,10,6,0,0,11,1,0,0,356,0,291,58,7,106,10,16,178,0,24,15,0,0,0,0,0,356,0,0,Giants
7097,Blessuan Austin,1,-3.231022,0,1,0,0,0,0,0,0,0,1,0,1,0,0,0,0,0,0,0,0,0,0,0,0,1,0,0,0,Jets
7100,Kyron Brown,1,-0.528823,0,0,0,0,0,0,0,0,0,1,0,1,0,0,0,0,0,0,0,0,0,0,0,0,1,0,0,0,Jets
7105,Oshane Ximines,199,0.176269116,4,3,2,0,13,0,0,0,74,125,42,152,1,0,0,0,0,1,1,16,3,19,33,4,121,0,0,199,Giants
7109,Corey Ballentine,3,-1.201228333,0,0,0,0,0,0,0,0,0,3,1,2,0,0,0,0,0,0,0,0,0,0,0,0,3,0,0,0,Giants
7112,Julian Love,9,-0.482666778,2,1,0,0,0,0,0,0,0,9,6,3,0,0,0,0,0,0,0,0,0,0,0,0,9,0,0,0,Giants
7113,Kyle Phillips,273,-0.091619106,8,6,1,0,9,0,0,0,184,89,203,70,0,0,2,5,14,21,34,16,15,14,63,0,89,0,273,0,Jets
7126,Quinnen Williams,289,-0.124083346,8,3,2,0,15,0,0,0,289,0,49,235,5,59,18,41,76,22,60,1,2,1,4,0,0,289,0,0,Jets
7135,Chris Peace,2,-0.324874,0,0,0,0,0,0,0,0,0,2,1,1,0,0,0,0,0,0,0,0,0,0,0,0,2,0,0,2,Giants
7141,Cole Holcomb,16,0.155191875,3,0,1,0,2,0,0,0,0,16,8,8,0,0,0,0,0,0,0,0,0,0,0,0,16,0,0,16,Redskins
7143,Montez Sweat,320,0.1493977,11,6,5,1,17,1,0,2,158,162,75,242,0,0,0,0,1,0,0,6,5,45,101,3,159,0,0,320,Redskins
7146,Jimmy Moreland,5,0.691515,0,0,0,0,2,0,0,0,0,5,4,1,0,0,0,0,0,0,0,0,0,0,0,0,5,0,0,0,Redskins
7147,Jerry Tillery,134,0.024933075,5,3,0,1,3,0,0,0,134,0,79,54,1,2,0,2,124,0,0,1,3,1,0,0,0,134,0,0,Chargers
7157,Byron Cowart,20,0.01590245,1,0,0,0,1,0,0,0,20,0,11,9,0,1,0,0,8,4,1,6,0,0,0,0,0,20,0,0,Patriots
7166,Rashad Fenton,1,-0.841341,0,0,0,0,1,0,0,0,0,1,1,0,0,0,0,0,0,0,0,0,0,0,0,0,1,0,0,0,Chiefs
7187,Trysten Hill,34,0.172124412,3,1,0,0,2,0,0,0,34,0,18,16,0,8,0,25,1,0,0,0,0,0,0,0,0,34,0,0,Cowboys
7196,Chase Winovich,123,0.019284057,6,3,1,0,13,0,0,0,0,123,17,83,0,0,0,0,0,0,0,0,0,0,0,23,100,0,123,0,Patriots
7201,Azeez Al-Shaair,17,-0.074261471,0,0,0,0,0,0,0,0,0,17,10,7,0,0,0,0,0,0,0,0,0,0,0,0,17,0,0,17,49ers
7204,Khalen Saunders,136,0.026913294,5,8,0,0,2,1,0,0,136,0,38,95,3,56,1,10,62,1,3,0,0,0,0,0,0,136,0,0,Chiefs
7209,Juan Thornhill,2,-0.7084785,0,0,0,0,0,0,0,0,0,2,1,1,0,0,0,0,0,0,0,0,0,0,0,0,2,0,0,0,Chiefs
7216,Kevin Givens,10,-0.0873006,1,0,0,0,1,0,0,0,10,0,4,6,0,2,0,5,3,0,0,0,0,0,0,0,0,10,0,0,49ers
7217,Dre Greenlaw,61,0.035242213,2,3,1,0,3,0,0,0,0,61,24,37,0,0,0,0,0,0,0,0,0,0,0,0,61,0,0,61,49ers
7236,Maxx Crosby,425,-0.001388506,19,10,7,2,34,1,0,2,424,1,285,139,0,0,0,0,10,13,6,66,75,64,190,1,0,0,425,0,Raiders
7239,Clelin Ferrell,314,-0.032176471,13,14,2,1,14,2,0,0,311,3,2,312,0,0,0,2,7,6,19,73,52,77,75,0,3,0,314,0,Raiders
7247,Trayvon Mullen,8,0.3310815,1,0,0,0,0,0,0,0,0,8,8,0,0,0,0,0,0,0,0,0,0,0,0,0,8,0,0,0,Raiders
7256,Sean Murphy-Bunting,7,1.101598429,0,0,0,0,0,0,0,0,0,7,2,5,0,0,0,0,0,0,0,0,0,0,0,0,7,0,0,0,Buccaneers
7257,Kahzin Daniels,3,1.436863333,0,0,0,0,0,0,0,0,0,3,2,0,0,0,0,0,0,0,0,0,0,0,0,1,2,0,0,3,Buccaneers
7261,Mike Edwards,3,0.580343667,1,0,0,0,0,0,0,0,0,3,2,1,0,0,0,0,0,0,0,0,0,0,0,0,3,0,0,0,Buccaneers
7270,Anthony Nelson,22,-0.338606273,0,1,0,0,0,0,0,0,16,6,2,19,0,0,0,1,4,0,1,3,0,5,2,1,5,0,0,22,Buccaneers
7279,Devin White,12,0.0727715,0,1,0,0,1,0,0,0,0,12,4,8,0,0,0,0,0,0,0,0,0,0,0,0,12,0,0,12,Buccaneers
7286,John Cominsky,31,-0.302684533,1,4,0,1,5,1,0,0,31,0,28,3,0,0,0,0,6,1,4,2,6,2,10,0,0,0,31,0,Falcons
7289,Austin Larkin,6,1.041215333,0,0,0,0,0,0,0,0,3,3,0,6,0,0,0,0,0,0,0,0,0,0,3,0,3,0,6,0,Falcons
7299,Kendall Sheffield,13,-0.139217077,0,0,0,0,0,0,0,0,0,13,9,4,0,0,0,0,0,0,0,0,0,0,0,0,13,0,0,0,Falcons
7309,Miles Brown,90,-0.079207222,1,0,0,0,1,1,0,0,90,0,33,51,6,9,4,51,15,1,3,1,0,0,0,0,0,90,0,0,Cardinals
7312,Michael Dogbe,68,0.040235662,4,1,0,0,0,0,0,0,68,0,28,40,0,1,0,1,33,2,21,5,1,4,0,0,0,0,68,0,Cardinals
7318,Byron Murphy,8,0.307698125,0,0,0,0,1,1,0,0,0,8,5,3,0,0,0,0,0,0,0,0,0,0,0,0,8,0,0,0,Cardinals
7324,Deionte Thompson,2,-0.195017,0,0,0,0,0,0,0,0,0,2,0,2,0,0,0,0,0,0,0,0,0,0,0,0,2,0,0,0,Cardinals
7332,Brian Burns,187,0.154487893,4,2,2,0,13,0,0,0,113,74,33,150,0,0,0,0,2,0,2,12,14,18,65,4,70,0,0,187,Panthers
7342,Christian Miller,23,0.213275957,0,0,0,0,1,0,0,0,8,15,15,7,0,0,0,0,1,0,0,0,2,1,4,1,14,0,0,23,Panthers
7347,Chauncey Gardner-Johnson,38,0.072865921,3,1,0,0,1,0,0,0,0,38,26,12,0,0,0,0,0,0,0,0,0,0,0,0,38,0,0,0,Saints
7348,Carl Granderson,78,-0.138250449,4,4,0,0,4,0,0,0,64,14,43,35,0,0,0,0,1,1,1,3,11,20,27,0,14,0,78,0,Saints
7350,Porter Gustin,213,0.018202146,8,4,1,0,7,0,0,0,203,10,82,130,0,0,0,0,10,5,12,51,52,30,43,1,9,0,213,0,Browns
7352,Saquan Hampton,1,-0.303485,0,0,0,0,0,0,0,0,0,1,1,0,0,0,0,0,0,0,0,0,0,0,0,0,1,0,0,0,Saints
7363,Shy Tuttle,184,-0.016559962,5,7,1,0,6,1,0,0,184,0,85,82,17,70,9,59,28,0,0,1,0,0,0,0,0,184,0,0,Saints
7375,Greg Gaines,130,0.097138777,4,3,0,0,3,0,0,0,130,0,61,65,4,121,1,3,1,0,0,0,0,0,0,0,0,130,0,0,Rams
7387,Taylor Rapp,9,-0.61705,0,0,0,0,0,0,0,0,0,9,4,5,0,0,0,0,0,0,0,0,0,0,0,0,9,0,0,0,Rams
7388,Troy Reeder,2,1.2463405,0,0,0,0,0,0,0,0,0,2,1,1,0,0,0,0,0,0,0,0,0,0,0,0,2,0,0,2,Rams
7394,Ugo Amadi,3,-0.236655,0,0,0,0,0,0,0,0,0,3,3,0,0,0,0,0,0,0,0,0,0,0,0,0,3,0,0,0,Seahawks
7395,Cody Barton,126,0.16279069,2,12,0,0,1,1,0,0,0,126,28,61,0,0,0,0,0,0,0,0,0,0,0,37,89,0,0,126,Seahawks
7397,Ben Burr-Kirven,4,1.1301205,0,0,0,0,0,0,0,0,0,4,0,2,0,0,0,0,0,0,0,0,0,0,0,2,2,0,0,4,Seahawks
7399,L.J. Collier,84,0.002818821,0,1,0,0,1,0,0,0,83,1,40,43,1,0,0,0,14,3,6,30,1,26,2,0,1,0,84,0,Seahawks
7409,Bryan Mone,17,0.088094,0,1,0,0,0,0,0,0,17,0,7,7,3,14,0,0,0,0,0,0,0,0,0,0,0,17,0,0,Seahawks
7424,Anthony Rush,123,0.034663236,6,3,0,0,2,2,0,0,123,0,36,81,6,22,5,36,46,2,6,0,0,0,0,0,0,123,0,0,Eagles
7438,Sam Eguavoen,93,-0.114899344,1,4,1,0,8,0,0,0,0,93,54,39,0,0,0,0,0,0,0,0,0,0,0,0,93,0,0,93,Dolphins
7469,Freedom Akinmoladun,2,0.0989355,0,0,0,0,0,0,0,0,2,0,2,0,0,0,0,0,2,0,0,0,0,0,0,0,0,0,2,0,Bengals
7482,Ryan Bee,1,-0.115956,0,1,0,0,0,0,0,0,1,0,0,1,0,0,0,0,0,0,0,1,0,0,0,0,0,1,0,0,Redskins
7507,Jamal Davis II,10,-0.2185234,0,0,0,0,0,0,0,0,0,10,10,0,0,0,0,0,0,0,0,0,0,0,0,0,10,0,10,0,Dolphins
7512,Albert Huggins,30,-0.0788479,0,2,0,0,1,0,0,0,30,0,6,23,1,0,3,8,14,0,4,0,0,0,0,0,0,0,30,0,Eagles
7535,Andrew Wingard,13,-0.405195231,1,1,1,0,2,0,0,1,0,13,8,5,0,0,0,0,0,0,0,0,0,0,0,0,13,0,0,0,Jaguars
7542,Isaiah Mack,39,0.080536821,0,3,0,0,0,0,0,0,39,0,11,27,1,8,4,4,17,1,4,0,0,0,0,0,0,39,0,0,Titans
7547,Derick Roberson,28,-0.271993536,4,1,3,0,4,0,0,0,23,5,9,18,0,0,0,0,1,1,0,0,0,3,18,1,4,0,0,28,Titans
7555,Jalen Thompson,2,0.0453135,0,0,0,0,0,0,0,0,0,2,1,1,0,0,0,0,0,0,0,0,0,0,0,0,2,0,0,0,Cardinals
