PlayerId,Name,count,EPA,SoloTackle,AssistedTackle,SoloSack,AssistedSack,Pressure,PassBreakup,Interception,ForcedFumble,DL,LB,LeftSide,RightSide,Tech0,Tech1,Tech2,Tech2i,Tech3,Tech4,Tech4i,Tech5,Tech6,Tech7,Tech9,TechOff,TechOutside,DLBinary,LBBinary,Hybrid,DLL,LBR,HybridR,HybridL,DLR,LBL,DominantSide,DLRPrediction,DLLPrediction,LBRPrediction,LBLPrediction,HybridRPrediction,HybridLPrediction,HybridPrediction
26,Bud Dupree,478,-0.228819077,19,19,7,1,30,1,0,3,0,478,15,455,0,0,0,0,0,0,0,0,0,0,0,8,470,0,1,0,0,1,0,0,0,0,R,0,0,0,1,0,0,0
27,Cameron Heyward,476,-0.212083763,22,25,4,1,34,5,0,0,440,36,48,401,17,25,46,67,132,37,54,20,17,9,16,10,26,1,0,0,0,0,0,0,1,0,R,0,1,0,0,0,0,0
68,Chandler Jones,498,0.040738221,21,11,10,1,38,4,0,4,55,443,247,245,0,0,0,0,2,0,1,2,2,8,40,6,437,0,1,0,0,0,0,0,0,1,L,0,0,0,1,0,0,0
69,Jamie Collins,106,0.042196934,1,9,0,0,2,1,0,0,0,106,20,86,0,0,0,0,0,0,0,0,0,0,0,0,106,0,1,0,0,1,0,0,0,0,R,0,0,0,1,0,0,0
71,Dont'a Hightower,86,-0.055113209,4,2,1,0,8,0,0,0,1,85,58,28,0,0,0,1,0,0,0,0,0,0,0,0,85,0,1,0,0,0,0,0,0,1,L,0,0,0,0,0,0,0
97,Steve McLendon,224,-0.103390397,13,8,1,1,8,0,0,0,224,0,164,26,34,45,32,38,41,8,25,1,0,0,0,0,0,1,0,0,1,0,0,0,0,0,L,1,0,0,0,0,0,0
132,Jerry Hughes,344,-0.072260227,3,3,2,0,21,0,0,0,294,50,8,332,0,0,0,0,2,4,2,43,66,56,121,4,46,1,0,0,0,0,0,0,1,0,R,1,0,0,0,0,0,0
162,Aaron Lynch,139,0.178410842,2,0,1,0,11,2,0,0,59,80,86,45,0,2,1,1,26,6,6,1,2,7,7,8,72,0,0,1,0,0,0,1,0,0,L,0,0,0,0,0,0,1
172,Eric Reid,65,0.2032696,3,4,0,0,1,0,0,0,0,65,37,28,0,0,0,0,0,0,0,0,0,0,0,0,65,0,1,0,0,0,0,0,0,1,L,0,0,0,1,0,0,0
180,Arik Armstead,458,-0.005730194,16,12,3,3,32,2,0,1,444,14,389,62,5,14,8,20,53,38,47,11,70,56,122,2,12,1,0,0,1,0,0,0,0,0,L,0,1,0,0,0,0,0
224,Damon Harrison,291,-0.039518663,17,12,0,0,4,0,0,0,291,0,133,19,139,46,18,15,73,0,0,0,0,0,0,0,0,1,0,0,1,0,0,0,0,0,L,0,1,0,0,0,0,0
226,Leonard Williams,333,-0.035340604,10,15,0,1,26,2,0,0,327,6,37,283,10,68,5,12,138,3,23,25,5,19,19,3,3,1,0,0,0,0,0,0,1,0,R,0,1,0,0,0,0,0
231,Demario Davis,58,0.057592931,4,2,1,0,4,2,0,0,0,58,17,41,0,0,0,0,0,0,0,0,0,0,0,0,58,0,1,0,0,1,0,0,0,0,R,0,0,0,0,0,0,0
258,Cameron Wake,58,0.214934707,0,0,0,0,8,0,0,0,57,1,56,2,0,0,0,0,3,0,1,2,3,2,46,0,1,1,0,0,1,0,0,0,0,0,L,0,0,0,0,0,0,0
259,Ndamukong Suh,458,-0.149087952,16,8,2,0,21,5,0,0,453,5,343,107,5,16,16,49,218,33,83,17,1,8,7,3,2,1,0,0,1,0,0,0,0,0,L,1,1,0,0,0,0,0
268,Olivier Vernon,98,0.069342735,2,3,1,1,5,0,0,0,69,29,6,91,0,0,0,0,5,0,0,34,17,7,6,1,28,1,0,0,0,0,0,0,1,0,R,0,0,0,0,0,0,0
291,Timmy Jernigan,212,-0.049935108,6,3,1,0,8,0,0,0,212,0,19,192,1,20,20,70,77,4,19,1,0,0,0,0,0,1,0,0,0,0,0,0,1,0,R,1,0,0,0,0,0,0
292,Reshad Jones,28,0.317117857,0,1,0,0,0,1,0,0,0,28,14,14,0,0,0,0,0,0,0,0,0,0,0,0,28,0,1,0,0,0,0,0,0,0,L,0,0,0,1,0,0,0
301,Brandon Williams,288,-0.191546889,9,15,0,0,3,0,0,0,286,2,125,101,60,38,24,35,118,1,10,0,0,0,0,2,0,1,0,0,1,0,0,0,0,0,L,0,1,0,0,0,0,0
312,Terrell Suggs,275,0.123694116,6,8,0,1,12,0,0,0,21,254,91,179,0,0,0,0,0,1,0,0,0,0,20,5,249,0,1,0,0,1,0,0,0,0,R,0,0,1,0,0,0,0
338,Derek Wolfe,185,-0.077736859,6,6,3,0,7,1,0,0,184,1,178,6,0,2,25,15,76,27,13,24,1,1,0,1,0,1,0,0,1,0,0,0,0,0,L,0,1,0,0,0,0,0
343,Sylvester Williams,32,0.037320156,2,3,0,0,0,0,0,0,32,0,10,17,5,26,0,1,0,0,0,0,0,0,0,0,0,1,0,0,0,0,0,0,1,0,R,0,0,0,0,0,0,0
347,Justin Ellis,59,-0.225227966,1,5,0,0,2,0,0,0,59,0,17,35,7,23,1,15,12,0,1,0,0,0,0,0,0,1,0,0,0,0,0,0,1,0,R,1,0,0,0,0,0,0
354,Mario Edwards Jr,157,0.024147631,5,1,3,0,7,0,0,1,148,9,98,59,0,0,0,0,12,6,4,57,18,38,13,0,9,1,0,0,1,0,0,0,0,0,L,1,0,0,0,0,0,0
363,Von Miller,337,0.052503297,11,9,4,0,29,2,0,0,0,337,221,104,0,0,0,0,0,0,0,0,0,0,0,12,325,0,1,0,0,0,0,0,0,1,L,0,0,0,1,0,0,0
365,Khalil Mack,474,-0.049584169,14,5,3,0,32,1,0,1,296,178,231,236,0,0,0,0,0,4,1,13,10,42,226,7,171,1,0,0,0,0,0,0,1,0,R,0,0,0,0,0,0,0
380,Corey Liuget,120,-0.224815775,6,4,1,0,1,1,0,0,120,0,66,54,0,68,0,11,21,2,1,5,3,9,0,0,0,1,0,0,1,0,0,0,0,0,L,0,0,0,0,0,0,0
390,Melvin Ingram III,385,-0.015830945,21,10,5,2,30,5,1,0,2,383,173,148,0,0,0,0,1,0,1,0,0,0,0,64,319,0,1,0,0,0,0,0,0,1,L,0,0,0,1,0,0,0
420,Danny Shelton,265,-0.065127302,12,23,1,0,7,0,0,1,265,0,59,81,125,74,11,12,29,2,10,2,0,0,0,0,0,1,0,0,0,0,0,0,1,0,R,0,1,0,0,0,0,0
427,Eddie Goldman,187,-0.123048043,10,5,1,0,5,0,0,0,184,3,17,138,30,47,19,44,41,0,2,0,0,1,0,2,1,1,0,0,0,0,0,0,1,0,R,0,1,0,0,0,0,0
430,Sam Acho,36,0.096506111,1,1,1,0,2,0,0,1,1,35,7,26,0,0,0,0,1,0,0,0,0,0,0,3,32,0,1,0,0,1,0,0,0,0,R,0,0,0,1,0,0,0
432,Christian Jones,225,0.028350458,5,15,0,0,2,0,0,0,2,223,79,83,0,0,0,0,1,0,0,0,1,0,0,63,160,0,1,0,0,1,0,0,0,0,R,0,0,0,0,0,0,0
439,Jadeveon Clowney,235,-0.020525034,10,3,1,0,14,0,0,2,185,50,91,135,0,0,0,0,3,1,3,45,18,70,45,9,41,1,0,0,0,0,0,0,1,0,R,1,0,0,0,0,0,0
443,Jeremiah Attaochu,267,0.023503978,8,7,3,1,14,0,0,0,5,262,102,150,0,0,0,0,0,0,0,0,0,0,5,15,247,0,1,0,0,1,0,0,0,0,R,0,0,1,0,0,0,0
452,Patrick Robinson,31,-0.419815419,1,1,0,0,4,0,0,0,0,31,15,16,0,0,0,0,0,0,0,0,0,0,0,0,31,0,1,0,0,1,0,0,0,0,R,0,0,0,1,0,0,0
514,Star Lotulelei,258,-0.094134895,8,4,2,0,4,1,1,0,258,0,116,141,1,177,4,38,25,4,9,0,0,0,0,0,0,1,0,0,0,0,0,0,1,0,R,1,0,0,0,0,0,0
518,AJ Klein,78,-0.163545179,5,0,0,0,0,0,0,0,0,78,51,27,0,0,0,0,0,0,0,0,0,0,0,0,78,0,1,0,0,0,0,0,0,1,L,0,0,1,0,0,0,0
533,Tre Boston,29,0.312364931,2,0,0,0,0,0,0,0,0,29,25,4,0,0,0,0,0,0,0,0,0,0,0,0,29,0,1,0,0,0,0,0,0,1,L,0,0,0,1,0,0,0
537,Calais Campbell,366,0.067477738,16,7,2,0,25,2,0,1,349,17,191,162,8,10,2,11,88,28,29,76,33,47,17,5,12,1,0,0,1,0,0,0,0,0,L,0,1,0,0,0,0,0
541,Corey Peters,371,0.053969722,8,9,0,0,8,0,0,0,371,0,127,188,56,79,6,155,59,5,11,0,0,0,0,0,0,1,0,0,0,0,0,0,1,0,R,0,1,0,0,0,0,0
544,Lorenzo Alexander,78,0.176040192,5,4,0,0,4,0,0,0,0,78,38,40,0,0,0,0,0,0,0,0,0,0,0,0,78,0,1,0,0,1,0,0,0,0,R,0,0,0,1,0,0,0
547,Alex Okafor,87,-0.139011828,2,2,2,0,6,0,0,0,61,26,78,4,0,0,0,0,0,2,0,4,20,3,32,5,21,1,0,0,1,0,0,0,0,0,L,0,0,0,0,0,0,0
558,Markus Golden,456,-0.003649498,18,19,4,0,34,1,0,0,237,219,370,81,0,0,0,0,3,2,2,16,12,36,166,5,214,0,0,1,0,0,0,1,0,0,L,0,0,0,0,0,0,0
588,Mike Daniels,126,0.006870056,4,3,1,0,6,0,0,0,126,0,88,25,13,8,2,5,59,6,16,9,1,6,1,0,0,1,0,0,1,0,0,0,0,0,L,1,0,0,0,0,0,0
597,Clay Matthews,350,-0.043921391,9,9,2,0,21,2,0,0,1,349,250,90,0,0,0,0,0,0,0,0,0,1,0,10,339,0,1,0,0,0,0,0,0,1,L,0,0,0,1,0,0,0
696,Ezekiel Ansah,166,0.065599265,3,4,1,1,9,2,0,1,133,33,52,110,0,0,0,0,1,3,5,11,7,33,73,4,29,1,0,0,0,0,0,0,1,0,R,0,0,0,0,0,0,0
709,DeMarcus Lawrence,348,-0.056315963,20,11,1,1,27,1,0,0,332,16,324,21,0,0,0,0,5,5,11,2,115,26,168,3,13,1,0,0,1,0,0,0,0,0,L,1,0,0,0,0,0,0
714,Tahir Whitehead,31,0.058586419,3,0,0,0,0,0,0,0,0,31,22,9,0,0,0,0,0,0,0,0,0,0,0,0,31,0,1,0,0,0,0,0,0,1,L,0,0,0,1,0,0,0
719,Kyle Van Noy,375,-0.051797552,20,11,2,0,22,1,0,1,0,375,265,42,0,0,0,0,0,0,0,0,0,0,0,68,307,0,1,0,0,0,0,0,0,1,L,0,0,0,1,0,0,0
740,K.J. Wright,35,0.067576286,1,1,0,0,0,1,0,0,0,35,24,11,0,0,0,0,0,0,0,0,0,0,0,0,35,0,1,0,0,0,0,0,0,1,L,0,0,0,1,0,0,0
748,Bruce Irvin,390,0.151061772,11,13,5,0,24,0,0,1,163,227,324,61,0,0,0,0,12,1,0,9,52,20,69,5,222,0,1,0,0,0,0,0,0,1,L,0,0,0,0,0,0,0
753,Michael Bennett,396,-0.065792364,20,6,4,0,26,0,0,0,381,15,331,62,2,6,6,7,24,40,43,47,38,17,151,1,14,1,0,0,1,0,0,0,0,0,L,0,1,0,0,0,0,0
755,Frank Clark,265,-0.197557962,8,7,4,0,19,1,0,1,137,128,88,170,0,2,0,0,1,2,0,4,11,4,113,7,121,0,0,1,0,0,1,0,0,0,R,0,0,0,0,0,0,0
759,Vic Beasley Jr,339,-0.093911402,16,6,6,1,18,1,0,2,183,156,182,140,0,0,0,0,0,1,1,7,7,36,131,17,139,1,0,0,1,0,0,0,0,0,L,0,0,0,0,0,0,0
763,Brandon Mebane,206,-0.031401209,5,3,0,0,3,0,0,0,206,0,86,115,5,190,1,4,6,0,0,0,0,0,0,0,0,1,0,0,0,0,0,0,1,0,R,1,0,0,0,0,0,0
767,Adrian Clayborn,241,-0.095962697,4,2,3,0,21,0,0,0,210,31,1,234,0,0,0,0,21,13,17,3,5,10,141,6,25,1,0,0,0,0,0,0,1,0,R,0,0,0,0,0,0,0
771,Cassius Marsh,253,-0.043898482,11,10,1,1,13,0,0,0,10,243,132,95,0,0,0,0,3,0,1,0,0,0,6,26,217,0,1,0,0,0,0,0,0,1,L,0,0,0,1,0,0,0
794,DaQuan Jones,355,0.021807865,10,12,0,0,7,2,0,0,347,8,171,143,33,180,26,33,65,3,7,0,0,0,0,8,0,1,0,0,1,0,0,0,0,0,L,1,0,0,0,0,0,0
805,Jurrell Casey,273,-0.013721667,9,9,3,0,12,0,0,0,171,102,115,104,10,4,7,17,47,12,29,12,7,4,22,44,58,1,0,0,1,0,0,0,0,0,L,0,0,0,0,0,0,0
810,Gerald McCoy,342,0.163691088,8,14,2,1,19,1,0,0,342,0,112,219,11,67,2,5,198,2,23,24,0,8,2,0,0,1,0,0,0,0,0,0,1,0,R,0,1,0,0,0,0,0
825,Lavonte David,65,-0.245118831,3,0,0,0,4,2,0,0,0,65,9,56,0,0,0,0,0,0,0,0,0,0,0,0,65,0,1,0,0,1,0,0,0,0,R,0,0,1,0,0,0,0
836,Bradley McDougald,37,0.272308541,1,1,0,0,0,0,0,0,0,37,21,16,0,0,0,0,0,0,0,0,0,0,0,0,37,0,1,0,0,0,0,0,0,1,L,0,0,0,1,0,0,0
839,Linval Joseph,199,-0.089913618,8,9,0,0,4,0,0,0,199,0,68,113,18,129,17,24,10,1,0,0,0,0,0,0,0,1,0,0,0,0,0,0,1,0,R,1,0,0,0,0,0,0
842,Everson Griffen,374,-0.052201757,11,8,3,1,28,0,0,0,347,27,0,374,0,0,0,0,0,32,3,21,60,111,120,0,27,1,0,0,0,0,0,0,1,0,R,0,0,0,0,0,0,0
843,Danielle Hunter,415,-0.014908313,17,9,6,0,35,0,0,2,397,18,390,25,0,0,0,0,1,30,13,30,120,91,112,0,18,1,0,0,1,0,0,0,0,0,L,1,0,0,0,0,0,0
845,Al Woods,178,-0.098525287,7,6,1,0,7,0,0,0,175,3,93,81,1,71,8,8,86,0,1,0,0,0,0,3,0,1,0,0,1,0,0,0,0,0,L,0,1,0,0,0,0,0
848,Anthony Barr,58,0.0397805,2,3,0,0,1,0,0,0,0,58,29,29,0,0,0,0,0,0,0,0,0,0,0,0,58,0,1,0,0,0,0,0,0,0,L,0,0,1,0,0,0,0
856,Harrison Smith,41,-0.023235732,3,2,0,0,3,1,0,0,0,41,17,24,0,0,0,0,0,0,0,0,0,0,0,0,41,0,1,0,0,1,0,0,0,0,R,0,0,0,1,0,0,0
890,Akiem Hicks,35,-0.3415606,4,0,0,0,3,0,0,0,32,3,33,1,1,1,3,0,14,8,5,0,0,0,0,0,3,1,0,0,1,0,0,0,0,0,L,1,0,0,0,0,0,0
907,John Jenkins,252,-0.006040385,9,12,0,0,4,0,0,0,250,2,109,90,51,46,26,18,94,3,9,1,1,1,0,2,0,1,0,0,1,0,0,0,0,0,L,0,1,0,0,0,0,0
933,Carlos Dunlap,407,0.018903064,27,16,7,2,34,5,0,2,288,119,268,137,0,0,0,0,6,0,3,100,32,52,95,2,117,1,0,0,1,0,0,0,0,0,L,0,0,0,0,0,0,0
934,Domata Peko,132,-0.212521023,7,7,0,0,3,0,0,0,131,1,46,55,30,44,6,16,31,0,4,0,0,0,0,1,0,1,0,0,0,0,0,0,1,0,R,0,1,0,0,0,0,0
935,Geno Atkins,394,0.061083165,7,13,1,1,15,0,0,0,387,7,135,232,20,13,7,23,309,5,5,5,0,0,0,7,0,1,0,0,0,0,0,0,1,0,R,0,1,0,0,0,0,0
995,Aaron Donald,415,-0.037729183,11,12,6,3,38,1,0,0,410,5,199,212,1,5,4,2,300,26,25,31,1,5,10,3,2,1,0,0,0,0,0,0,1,0,R,0,1,0,0,0,0,0
997,Michael Brockers,341,-0.030413933,17,12,1,1,9,1,0,0,341,0,173,162,6,41,15,1,47,138,23,30,31,7,2,0,0,1,0,0,1,0,0,0,0,0,L,0,1,0,0,0,0,0
998,Robert Quinn,400,-0.065161773,16,6,5,0,34,0,0,2,394,6,0,400,0,0,0,0,2,10,9,5,99,27,242,0,6,1,0,0,0,0,0,0,1,0,R,0,1,0,0,0,0,0
1011,Trent Murphy,343,-0.119649455,15,10,5,0,23,0,0,2,257,86,339,1,0,0,0,0,4,10,5,44,60,59,75,3,83,1,0,0,1,0,0,0,0,0,L,0,0,0,0,0,0,0
1016,Ryan Kerrigan,179,0.066455631,5,5,3,1,10,0,0,1,77,102,132,42,0,0,0,0,1,0,0,5,4,13,54,5,97,0,0,1,0,0,0,1,0,0,L,0,0,0,0,0,0,1
1027,Mark Barron,47,-0.900508936,3,2,0,0,0,1,0,0,0,47,21,26,0,0,0,0,0,0,0,0,0,0,0,0,47,0,1,0,0,1,0,0,0,0,R,0,0,0,1,0,0,0
1031,Rodney McLeod,33,-0.208715758,1,2,0,0,3,0,0,1,0,33,18,15,0,0,0,0,0,0,0,0,0,0,0,0,33,0,1,0,0,0,0,0,0,1,L,0,0,0,1,0,0,0
1047,Vinny Curry,203,-0.135382429,10,5,4,0,20,0,0,0,202,1,97,106,0,5,3,7,23,6,14,15,10,32,87,0,1,1,0,0,0,0,0,0,1,0,R,0,1,0,0,0,0,0
1048,Fletcher Cox,384,-0.12842188,10,7,0,2,13,0,0,1,383,1,321,35,27,33,37,57,153,8,58,2,0,0,8,1,0,1,0,0,1,0,0,0,0,0,L,1,1,0,0,0,0,0
1050,Brandon Graham,355,-0.169409315,12,8,3,1,22,0,0,0,342,13,281,72,0,2,2,8,17,42,29,21,31,31,159,2,11,1,0,0,1,0,0,0,0,0,L,0,1,0,0,0,0,0
1053,Mychal Kendricks,174,-0.100006241,9,9,1,0,3,0,0,1,0,174,72,53,0,0,0,0,0,0,0,0,0,0,0,49,125,0,1,0,0,0,0,0,0,1,L,0,0,1,0,0,0,0
1056,Beau Allen,74,-0.177247757,1,4,0,1,4,0,0,0,74,0,10,45,19,17,4,12,17,0,5,0,0,0,0,0,0,1,0,0,0,0,0,0,1,0,R,1,0,0,0,0,0,0
1060,Malcolm Jenkins,51,-0.011378941,5,0,0,0,1,1,0,1,0,51,32,19,0,0,0,0,0,0,0,0,0,0,0,0,51,0,1,0,0,0,0,0,0,1,L,0,0,0,0,0,0,0
1066,Barkevious Mingo,69,-0.142522246,0,1,0,0,6,0,0,0,1,68,28,31,0,0,0,0,0,0,0,0,0,1,0,10,58,0,1,0,0,1,0,0,0,0,R,0,0,0,1,0,0,0
1101,Johnathan Hankins,327,0.013431945,7,18,0,1,7,0,0,0,327,0,145,173,9,196,39,54,28,0,1,0,0,0,0,0,0,1,0,0,0,0,0,0,1,0,R,0,1,0,0,0,0,0
1106,Devon Kennard,432,0.044648609,18,9,4,0,25,0,0,1,79,353,357,46,0,0,0,0,4,0,7,1,0,1,66,29,324,0,1,0,0,0,0,0,0,1,L,0,0,0,1,0,0,0
1112,Landon Collins,28,-0.284230714,1,0,0,0,1,0,0,0,0,28,18,10,0,0,0,0,0,0,0,0,0,0,0,0,28,0,1,0,0,0,0,0,0,1,L,0,0,0,1,0,0,0
1142,Damontre Moore,51,-0.321521137,1,3,0,0,5,0,0,1,47,4,19,32,0,0,0,0,0,0,1,2,14,2,28,0,4,1,0,0,0,0,0,0,1,0,R,0,0,0,0,0,0,0
1164,Cameron Jordan,395,-0.123500871,17,7,7,1,41,4,0,0,163,232,318,73,0,1,2,0,6,5,12,58,13,37,29,4,228,0,1,0,0,0,0,0,0,1,L,0,0,0,0,0,0,0
1167,Kenny Vaccaro,40,0.083719925,2,1,0,0,2,0,0,0,0,40,20,20,0,0,0,0,0,0,0,0,0,0,0,0,40,0,1,0,0,0,0,0,0,0,L,0,0,0,1,0,0,0
1177,Tyeler Davison,223,0.017327072,6,10,0,0,3,0,0,0,223,0,82,102,39,117,1,46,16,0,4,0,0,0,0,0,0,1,0,0,0,0,0,0,1,0,R,1,0,0,0,0,0,0
1184,Justin Houston,329,-0.044954863,13,9,6,0,24,1,0,2,320,9,5,323,0,0,0,0,3,1,0,2,23,17,274,1,8,1,0,0,0,0,0,0,1,0,R,0,0,0,0,0,0,0
1190,Allen Bailey,158,-0.052762563,4,4,1,0,8,0,0,0,157,1,64,90,4,13,2,23,42,6,18,21,1,24,3,0,1,1,0,0,0,0,0,0,1,0,R,0,1,0,0,0,0,0
1219,Denico Autry,276,-0.024455283,4,12,0,2,14,2,0,0,273,3,130,141,2,14,1,24,72,60,94,5,1,0,0,3,0,1,0,0,0,0,0,0,1,0,R,0,1,0,0,0,0,0
1233,Tavon Wilson,31,-0.08565671,1,0,1,0,1,0,0,0,0,31,21,10,0,0,0,0,0,0,0,0,0,0,0,0,31,0,1,0,0,0,0,0,0,1,L,0,0,0,1,0,0,0
1235,Zach Kerr,241,-0.057920037,8,8,0,0,11,0,0,0,241,0,179,49,13,18,2,22,75,6,62,24,0,18,1,0,0,1,0,0,1,0,0,0,0,0,L,1,0,0,0,0,0,0
1245,Sheldon Richardson,408,-0.007870382,18,14,2,0,19,3,0,2,393,15,247,153,5,20,14,13,235,8,31,11,28,10,18,3,12,1,0,0,1,0,0,0,0,0,L,0,1,0,0,0,0,0
1265,John Simon,243,-0.105927753,12,6,1,0,10,0,0,0,0,243,45,128,0,0,0,0,0,0,0,0,0,0,0,70,173,0,1,0,0,1,0,0,0,0,R,0,0,0,1,0,0,0
1287,Shamar Stephen,262,-0.130183989,3,5,0,0,2,2,0,1,262,0,161,101,0,6,27,10,203,7,9,0,0,0,0,0,0,1,0,0,1,0,0,0,0,0,L,0,1,0,0,0,0,0
1340,Jordan Poyer,30,-0.068164033,1,2,0,0,0,0,0,0,0,30,20,10,0,0,0,0,0,0,0,0,0,0,0,0,30,0,1,0,0,0,0,0,0,1,L,0,0,0,1,0,0,0
1410,Dion Jordan,156,-0.022741904,4,2,2,0,13,1,0,0,133,23,40,103,0,0,4,1,11,28,27,21,23,11,7,13,10,1,0,0,0,0,0,0,1,0,R,0,1,0,0,0,0,0
1481,Wes Horton,112,-0.025597125,2,2,0,0,4,0,0,0,112,0,77,35,0,2,0,2,61,0,4,26,7,7,3,0,0,1,0,0,1,0,0,0,0,0,L,1,0,0,0,0,0,0
1482,Mario Addison,348,0.158174897,8,10,2,2,17,0,0,1,204,144,65,260,0,1,0,0,5,0,3,27,41,70,57,23,121,1,0,0,0,0,0,0,1,0,R,0,0,0,0,0,0,0
1714,Jeff Heath,27,-0.096936444,0,0,0,0,2,0,0,0,0,27,12,15,0,0,0,0,0,0,0,0,0,0,0,0,27,0,1,0,0,1,0,0,0,0,R,0,0,0,1,0,0,0
2091,Jabaal Sheard,374,-0.045801414,8,4,3,0,25,2,0,0,366,8,369,5,0,3,5,5,4,25,17,6,79,21,201,0,8,1,0,0,1,0,0,0,0,0,L,0,1,0,0,0,0,0
2186,William Gholston,221,-0.098566937,16,4,0,0,8,1,0,0,220,1,93,119,8,11,1,11,83,20,30,36,10,9,1,1,0,1,0,0,0,0,0,0,1,0,R,0,1,0,0,0,0,0
2188,Akeem Spence,145,0.129553152,6,1,0,0,3,0,0,0,145,0,71,72,2,45,4,24,63,2,4,1,0,0,0,0,0,1,0,0,0,0,0,0,1,0,R,1,1,0,0,0,0,0
2243,Jack Crawford,196,-0.029162791,3,7,0,1,10,3,0,0,196,0,130,64,2,7,3,24,63,34,43,15,0,1,4,0,0,1,0,0,1,0,0,0,0,0,L,1,0,0,0,0,0,0
2365,Jason Pierre-Paul,495,-0.13880781,20,3,7,1,37,3,0,2,296,199,181,298,0,1,1,0,28,3,7,14,32,74,136,16,183,1,0,0,0,0,0,0,1,0,R,0,0,0,0,0,0,0
2450,Chris Smith,50,-0.03460754,0,1,0,0,3,0,0,0,45,5,25,23,1,0,1,0,11,2,4,3,6,4,13,1,4,1,0,0,1,0,0,0,0,0,L,0,0,0,0,0,0,0
2562,Mike Purcell,277,0.016269596,11,20,0,0,8,0,0,0,277,0,162,57,58,73,35,33,76,0,2,0,0,0,0,0,0,1,0,0,1,0,0,0,0,0,L,0,1,0,0,0,0,0
2606,Brandon Dunn,224,0.063598205,7,10,1,0,7,0,0,0,224,0,121,89,14,102,9,38,32,4,24,1,0,0,0,0,0,1,0,0,1,0,0,0,0,0,L,1,0,0,0,0,0,0
2636,Margus Hunt,260,-0.031328069,9,4,0,0,3,0,0,0,260,0,157,102,1,4,9,48,175,1,22,0,0,0,0,0,0,1,0,0,1,0,0,0,0,0,L,1,0,0,0,0,0,0
2652,Shaquil Barrett,448,-0.10023983,24,7,9,1,55,0,0,2,2,446,261,182,0,0,0,0,0,1,0,0,0,0,1,5,441,0,1,0,0,0,0,0,0,1,L,0,0,1,0,0,0,0
2666,Nate Orchard,110,0.070961618,9,5,1,0,5,1,0,0,70,40,22,86,0,0,0,0,0,0,3,2,1,37,27,2,38,1,0,0,0,0,0,0,1,0,R,0,0,0,0,0,0,0
2701,Rodney Gunter,207,0.031478981,9,3,2,1,14,0,0,0,207,0,70,137,0,6,2,9,109,8,47,22,0,4,0,0,0,1,0,0,0,0,0,0,1,0,R,0,1,0,0,0,0,0
2702,Kareem Martin,39,0.016381949,2,2,0,0,3,0,0,0,29,10,28,11,0,0,0,0,0,0,0,9,1,6,13,0,10,0,0,1,0,0,0,1,0,0,L,0,0,0,0,0,0,1
2703,Josh Mauro,82,0.115722183,3,7,0,0,3,0,0,0,76,6,81,1,0,0,0,0,1,7,2,10,31,21,4,0,6,1,0,0,1,0,0,0,0,0,L,0,0,0,0,0,0,0
2722,Dan McCullers,64,-0.144628266,2,4,0,0,0,0,0,0,64,0,23,11,30,28,0,4,2,0,0,0,0,0,0,0,0,1,0,0,1,0,0,0,0,0,L,1,0,0,0,0,0,0
2739,Trey Flowers,362,0.134443077,18,8,4,0,38,0,0,0,343,19,31,321,9,2,1,2,61,1,37,52,12,19,147,1,18,1,0,0,0,0,0,0,1,0,R,0,1,0,0,0,0,0
2743,Malcom Brown,220,-0.083879059,7,8,0,0,4,1,0,0,219,1,102,86,31,93,4,52,39,0,0,0,0,0,0,1,0,1,0,0,1,0,0,0,0,0,L,1,0,0,0,0,0,0
2750,Dee Ford,68,0.073821456,5,0,2,0,5,0,0,0,45,23,53,9,0,0,0,0,0,0,0,0,6,17,22,6,17,0,0,1,0,0,0,1,0,0,L,0,0,0,0,0,0,1
2758,Dontari Poe,123,0.075579341,4,2,2,0,4,0,0,0,123,0,49,64,10,88,0,5,8,3,9,0,0,0,0,0,0,1,0,0,0,0,0,0,1,0,R,1,0,0,0,0,0,0
2762,Nick Williams,291,-0.105876045,9,13,2,0,8,0,0,0,286,5,196,43,50,50,44,36,83,9,8,5,0,1,0,2,3,1,0,0,1,0,0,0,0,0,L,0,1,0,0,0,0,0
2763,Rakeem Nunez-Roches,146,-0.093966027,1,3,0,0,3,0,0,0,146,0,50,78,18,24,3,13,59,13,9,4,0,2,1,0,0,1,0,0,0,0,0,0,1,0,R,1,1,0,0,0,0,0
2765,Grady Jarrett,357,-0.052180258,14,10,4,1,28,0,0,0,357,0,173,163,21,37,4,23,214,14,42,0,0,0,2,0,0,1,0,0,1,0,0,0,0,0,L,0,1,0,0,0,0,0
2786,Henry Anderson,287,-0.056576404,13,7,1,0,16,0,0,0,260,27,262,25,0,3,8,10,39,29,63,13,10,11,74,0,27,1,0,0,1,0,0,0,0,0,L,0,1,0,0,0,0,0
2796,Kyle Love,212,0.070018519,3,2,0,0,4,1,0,0,212,0,52,150,10,117,0,2,63,1,14,1,0,3,1,0,0,1,0,0,0,0,0,0,1,0,R,0,1,0,0,0,0,0
2802,Brandon Copeland,74,-0.196934108,4,4,0,1,5,0,0,0,1,73,64,10,0,0,0,0,0,0,0,0,0,0,1,0,73,0,1,0,0,0,0,0,0,1,L,0,0,1,1,0,0,0
2816,Caraun Reid,124,-0.016685202,1,3,0,0,5,0,0,0,124,0,46,71,7,1,0,2,65,6,28,11,0,4,0,0,0,1,0,0,0,0,0,0,1,0,R,0,1,0,0,0,0,0
2876,Abry Jones,263,0.160249464,7,6,0,1,5,0,0,0,262,1,127,124,11,147,4,71,23,1,5,0,0,0,0,1,0,1,0,0,1,0,0,0,0,0,L,1,0,0,0,0,0,0
2879,Tyson Alualu,251,-0.314749984,8,19,0,0,6,1,0,1,247,4,169,78,1,26,5,25,86,53,29,15,2,5,0,3,1,1,0,0,1,0,0,0,0,0,L,1,0,0,0,0,0,0
2900,Jordan Phillips,319,-0.095012809,10,7,4,1,12,0,0,0,319,0,180,136,3,32,0,14,198,22,44,5,1,0,0,0,0,1,0,0,1,0,0,0,0,0,L,1,1,0,0,0,0,0
2910,Stacy McGee,90,0.062442167,0,3,0,1,2,0,0,0,89,1,48,34,7,60,0,1,21,0,0,0,0,0,0,1,0,1,0,0,1,0,0,0,0,0,L,1,0,0,0,0,0,0
2911,Benson Mayowa,147,-0.028512531,1,3,0,1,13,0,0,0,145,2,145,1,0,0,0,0,1,0,2,17,15,7,103,1,1,1,0,0,1,0,0,0,0,0,L,1,0,0,0,0,0,0
2937,Christian Covington,225,-0.057147711,12,6,1,0,7,0,0,0,223,2,95,127,1,15,17,145,22,1,22,0,0,0,0,2,0,1,0,0,0,0,0,0,1,0,R,1,0,0,0,0,0,0
2971,Angelo Blackson,189,0.038254804,2,8,0,0,3,0,0,0,189,0,92,96,1,9,8,21,83,3,45,6,5,2,6,0,0,1,0,0,0,0,0,0,1,0,R,0,1,0,0,0,0,0
2975,Jordan Hicks,29,0.346344793,0,0,0,0,1,0,0,0,0,29,17,12,0,0,0,0,0,0,0,0,0,0,0,0,29,0,1,0,0,0,0,0,0,1,L,0,0,0,1,0,0,0
2985,Mike Pennel,121,0.047275132,10,10,1,0,6,0,0,0,121,0,61,56,4,57,1,12,43,0,4,0,0,0,0,0,0,1,0,0,1,0,0,0,0,0,L,1,0,0,0,0,0,0
3000,Lawrence Guy,289,-0.023211948,14,20,2,0,10,0,0,0,288,1,192,85,11,17,6,8,105,28,13,98,1,0,1,1,0,1,0,0,1,0,0,0,0,0,L,0,1,0,0,0,0,0
3002,Carl Davis,35,-0.362616143,1,0,0,0,0,0,0,0,35,0,15,19,1,19,3,9,3,0,0,0,0,0,0,0,0,1,0,0,0,0,0,0,1,0,R,0,1,0,0,0,0,0
3007,Preston Smith,394,-0.102678675,15,12,4,2,21,1,0,0,20,374,241,143,0,0,0,0,1,0,0,3,1,6,9,10,364,0,1,0,0,0,0,0,0,1,L,0,0,0,1,0,0,0
3009,Za'Darius Smith,418,-0.086729663,19,11,4,3,47,0,0,1,107,311,138,220,0,0,0,0,10,11,12,10,9,12,43,60,251,0,1,0,0,1,0,0,0,0,R,0,0,0,0,0,0,0
3026,Brent Urban,176,-0.0708535,10,7,0,0,4,3,0,0,176,0,97,78,1,1,7,19,56,43,19,25,4,0,1,0,0,1,0,0,1,0,0,0,0,0,L,0,1,0,0,0,0,0
3053,Dante Fowler Jr.,378,-0.030491492,17,8,4,2,23,4,0,1,105,273,160,217,0,0,0,0,0,0,0,0,0,22,83,1,272,0,1,0,0,1,0,0,0,0,R,0,0,0,0,0,0,0
3129,Damion Square,162,-0.028653617,6,10,0,0,2,0,0,0,162,0,81,79,2,93,0,12,50,2,2,1,0,0,0,0,0,1,0,0,1,0,0,0,0,0,L,1,0,0,0,0,0,0
3131,Whitney Mercilus,417,0.109746871,15,4,2,0,22,1,1,0,2,415,60,350,0,0,0,0,0,0,0,0,0,0,2,7,408,0,1,0,0,1,0,0,0,0,R,0,0,0,1,0,0,0
3168,Joe Thomas,36,-0.050290139,1,3,0,0,1,0,0,0,0,36,18,18,0,0,0,0,0,0,0,0,0,0,0,0,36,0,1,0,0,0,0,0,0,0,L,0,0,0,1,0,0,0
3214,Kerry Hyder,197,-0.128186269,4,4,1,0,10,0,0,0,196,1,118,78,0,1,0,3,79,2,66,7,9,3,26,1,0,1,0,0,1,0,0,0,0,0,L,0,0,0,0,0,0,0
3242,Shelby Harris,315,-0.017153686,11,12,5,0,18,3,0,1,315,0,8,296,11,5,12,89,115,10,55,16,0,2,0,0,0,1,0,0,0,0,0,0,1,0,R,0,1,0,0,0,0,0
3250,Shaq Thompson,28,-0.010896643,1,0,0,0,0,0,0,0,0,28,18,10,0,0,0,0,0,0,0,0,0,0,0,0,28,0,1,0,0,0,0,0,0,1,L,0,0,0,1,0,0,0
3275,Anthony Chickillo,90,-0.124246144,5,3,0,0,0,0,0,0,26,64,32,56,0,0,0,0,0,0,0,6,5,8,7,2,62,0,1,0,0,1,0,0,0,0,R,0,0,0,0,0,0,0
3375,Anthony Zettel,42,0.310269643,0,3,0,0,2,0,0,0,34,8,19,23,0,0,1,1,1,0,0,4,8,7,12,0,8,1,0,0,0,0,0,0,1,0,R,0,0,0,0,0,0,0
3376,A'Shawn Robinson,215,0.005173149,15,5,1,0,5,2,0,0,215,0,113,86,16,8,7,8,116,3,15,25,1,15,1,0,0,1,0,0,1,0,0,0,0,0,L,0,1,0,0,0,0,0
3382,Miles Killebrew,49,-0.145392429,3,0,0,0,1,0,0,0,0,49,16,33,0,0,0,0,0,0,0,0,0,0,0,0,49,0,1,0,0,1,0,0,0,0,R,0,0,0,1,0,0,0
3391,Morgan Fox,185,-0.079142314,5,4,2,0,8,0,0,0,182,3,96,71,15,26,4,5,23,62,14,11,16,5,1,3,0,1,0,0,1,0,0,0,0,0,L,0,1,0,0,0,0,0
3427,Javon Hargrave,412,-0.168382723,18,25,2,0,22,0,0,1,404,8,326,19,61,49,34,66,161,4,27,2,0,0,0,6,2,1,0,0,1,0,0,0,0,0,L,0,0,0,0,0,0,0
3457,Jonathan Bullard,100,0.14542429,4,1,0,1,4,0,0,0,100,0,89,11,0,0,0,3,64,3,11,11,0,8,0,0,0,1,0,0,1,0,0,0,0,0,L,1,0,0,0,0,0,0
3462,Leonard Floyd,430,-0.054277874,12,9,1,0,22,2,0,0,50,380,208,205,0,0,1,0,0,0,0,6,0,4,39,17,363,0,1,0,0,0,0,0,0,1,L,0,0,0,0,0,0,0
3473,Roy Robertson-Harris,274,0.02583954,9,6,0,0,11,1,0,0,264,10,108,142,18,16,18,29,82,31,34,29,0,6,1,6,4,1,0,0,0,0,0,0,1,0,R,0,1,0,0,0,0,0
3505,Austin Johnson,206,-0.07981201,7,10,0,0,5,1,0,0,205,1,90,114,1,35,5,12,106,14,18,13,1,0,0,1,0,1,0,0,0,0,0,0,1,0,R,0,1,0,0,0,0,0
3512,Shilique Calhoun,93,-0.133756419,2,1,0,0,6,0,0,1,48,45,19,63,0,0,0,0,6,5,3,9,1,0,24,11,34,0,0,1,0,0,1,0,0,0,R,0,0,0,0,0,0,0
3515,Jihad Ward,276,-0.340615029,2,2,1,0,17,0,0,0,150,126,122,126,1,1,4,2,72,5,44,8,6,3,4,27,99,0,0,1,0,0,1,0,0,0,R,0,0,0,0,0,0,0
3520,Andrew Billings,335,0.03896926,9,12,1,0,5,1,0,0,335,0,189,136,10,119,8,162,36,0,0,0,0,0,0,0,0,1,0,0,1,0,0,0,0,0,L,1,0,0,0,0,0,0
3534,Kenny Clark,413,-0.095843843,18,18,4,1,24,1,0,0,411,2,184,167,60,88,12,134,77,5,33,1,0,1,0,2,0,1,0,0,1,0,0,0,0,0,L,1,0,0,0,0,0,0
3538,Kyler Fackrell,216,-0.060474412,5,4,0,1,16,0,0,0,1,215,66,130,0,0,0,0,0,0,0,1,0,0,0,20,195,0,1,0,0,1,0,0,0,0,R,0,0,1,1,0,0,0
3540,Reggie Gilbert,86,0.117451012,4,2,0,0,4,1,0,0,10,76,58,27,0,0,0,0,3,1,1,5,0,0,0,1,75,0,1,0,0,0,0,0,0,1,L,0,0,0,0,0,0,0
3547,Dean Lowry,275,-0.068781073,10,12,0,0,3,2,1,0,273,2,147,126,0,3,3,12,155,27,41,15,8,8,1,2,0,1,0,0,1,0,0,0,0,0,L,0,1,0,0,0,0,0
3584,Kamalei Correa,254,0.010017823,7,10,4,0,12,0,0,0,20,234,149,72,0,0,0,0,3,0,3,3,3,1,7,33,201,0,1,0,0,0,0,0,0,1,L,0,0,0,0,0,0,0
3590,Matt Judon,383,-0.196953191,22,8,5,1,32,0,0,4,27,356,149,152,0,0,0,0,0,2,0,3,2,0,20,82,274,0,1,0,0,1,0,0,0,0,R,0,0,0,1,0,0,0
3613,Emmanuel Ogbah,74,-0.030440811,1,3,1,0,4,0,0,0,69,5,64,10,0,0,0,0,0,1,0,3,19,9,37,0,5,1,0,0,1,0,0,0,0,0,L,0,0,0,0,0,0,0
3623,Carl Nassib,206,-0.170726796,8,3,3,0,12,0,0,1,62,144,168,33,0,1,0,4,12,0,1,6,3,13,22,5,139,0,1,0,0,0,0,0,0,1,L,0,0,0,0,0,0,0
3644,Reggie Ragland,50,-0.0642778,2,3,0,0,0,0,0,0,0,50,28,22,0,0,0,0,0,0,0,0,0,0,0,0,50,0,1,0,0,0,0,0,0,1,L,0,0,0,0,0,0,0
3648,Justin Zimmer,30,-0.108114833,2,3,0,0,0,0,0,0,30,0,7,23,0,24,0,3,3,0,0,0,0,0,0,0,0,1,0,0,0,0,0,0,1,0,R,0,0,0,0,0,0,0
3661,Shaq Lawson,267,-0.255558674,13,8,4,1,25,0,0,1,266,1,145,121,0,0,2,1,10,10,4,69,55,40,75,1,0,1,0,0,1,0,0,0,0,0,L,1,1,0,0,0,0,0
3699,Trevon Coley,62,-0.064322145,2,4,0,0,2,0,0,0,62,0,29,32,1,7,11,41,2,0,0,0,0,0,0,0,0,1,0,0,0,0,0,0,1,0,R,0,0,0,0,0,0,0
3700,Michael Pierce,202,-0.097041,4,10,0,1,7,0,0,0,199,3,65,99,35,64,20,56,18,0,6,0,0,0,0,3,0,1,0,0,0,0,0,0,1,0,R,1,0,0,0,0,0,0
3753,David Onyemata,285,-0.140471225,8,7,1,0,10,0,0,0,285,0,96,151,38,55,2,4,180,1,4,1,0,0,0,0,0,1,0,0,0,0,0,0,1,0,R,0,1,0,0,0,0,0
3757,Sheldon Rankins,151,0.025301709,3,1,1,0,9,0,0,0,133,18,72,58,3,40,3,1,84,0,2,0,0,0,0,18,0,1,0,0,1,0,0,0,0,0,L,0,0,0,0,0,0,0
3782,Efe Obada,154,0.103545364,6,5,0,0,5,0,0,0,154,0,50,103,1,3,0,0,45,0,4,38,29,21,13,0,0,1,0,0,0,0,0,0,1,0,R,0,1,0,0,0,0,0
3783,De'Vondre Campbell,121,0.151233248,3,6,1,0,3,1,0,0,0,121,70,51,0,0,0,0,0,0,0,0,0,0,0,0,121,0,1,0,0,0,0,0,0,1,L,0,0,1,0,0,0,0
3786,Jordan Jenkins,350,-0.047680494,15,7,6,0,19,2,0,1,142,208,41,301,0,0,0,0,3,16,8,16,15,13,71,8,200,0,1,0,0,1,0,0,0,0,R,0,0,0,0,0,0,0
3792,Romeo Okwara,278,0.051926004,7,6,1,0,15,0,0,0,256,22,52,219,5,2,4,3,81,8,29,31,4,12,77,2,20,1,0,0,0,0,0,0,1,0,R,0,0,0,0,0,0,0
3808,Antwaun Woods,181,-0.019758083,7,12,0,0,0,0,0,0,181,0,69,105,7,11,12,139,4,0,8,0,0,0,0,0,0,1,0,0,0,0,0,0,1,0,R,1,0,0,0,0,0,0
3855,Jarran Reed,356,0.032547593,9,16,1,2,15,1,0,1,355,1,228,115,12,59,12,11,188,18,49,4,1,1,0,1,0,1,0,0,1,0,0,0,0,0,L,1,0,0,0,0,0,0
3857,Brandin Bryant,40,0.155057975,0,3,0,0,1,0,0,0,40,0,20,18,2,21,0,11,5,0,0,1,0,0,0,0,0,1,0,0,1,0,0,0,0,0,L,1,0,0,0,0,0,0
3860,Quinton Jefferson,276,-0.049508159,6,3,1,1,6,0,0,0,268,8,111,160,1,11,2,3,86,22,49,46,5,34,9,4,4,1,0,0,0,0,0,0,1,0,R,1,0,0,0,0,0,0
3871,Branden Jackson,202,-0.096326965,3,6,0,0,3,2,0,0,195,7,80,119,0,2,1,1,31,11,37,45,5,51,11,3,4,1,0,0,0,0,0,0,1,0,R,1,0,0,0,0,0,0
3923,Vernon Butler,294,0.185855823,12,8,3,0,12,0,0,0,294,0,259,24,11,79,0,2,121,5,26,31,7,9,3,0,0,1,0,0,1,0,0,0,0,0,L,0,0,0,0,0,0,0
3941,Chris Jones,354,-0.118712723,13,10,7,0,32,2,0,1,349,5,179,157,17,17,9,16,128,19,75,6,22,6,34,1,4,1,0,0,1,0,0,0,0,0,L,0,1,0,0,0,0,0
3979,Adam Gotsis,117,-0.026600752,4,7,0,0,0,2,0,0,117,0,49,64,4,6,12,14,35,7,32,7,0,0,0,0,0,1,0,0,0,0,0,0,1,0,R,1,1,0,0,0,0,0
4048,Brennan Scarlett,295,0.088569064,15,13,2,0,10,1,0,1,55,240,202,52,0,0,0,0,2,1,1,2,10,9,30,41,199,0,1,0,0,0,0,0,0,1,L,0,0,0,0,0,0,0
4051,Joel Heath,33,-0.044069182,0,0,0,0,1,0,0,0,33,0,20,13,0,0,1,1,9,6,10,3,2,0,1,0,0,1,0,0,1,0,0,0,0,0,L,0,0,0,0,0,0,0
4054,D.J. Reader,281,-0.05035126,12,15,0,0,17,0,0,0,281,0,124,154,3,50,20,51,93,20,38,3,1,2,0,0,0,1,0,0,0,0,0,0,1,0,R,0,1,0,0,0,0,0
4141,Matt Ioannidis,364,0.118109115,16,7,4,0,19,1,0,0,356,8,343,6,11,10,82,15,55,106,51,20,2,4,0,4,4,1,0,0,1,0,0,0,0,0,L,1,1,0,0,0,0,0
4182,Stephen Weatherly,250,-0.057538728,12,8,3,0,18,0,0,1,200,50,175,28,0,9,3,9,4,24,14,17,46,35,39,47,3,1,0,0,1,0,0,0,0,0,L,0,0,0,0,0,0,0
4245,Maliek Collins,398,-0.044179274,7,3,2,0,21,0,0,0,398,0,212,179,7,29,11,38,213,8,90,1,1,0,0,0,0,1,0,0,1,0,0,0,0,0,L,1,0,0,0,0,0,0
4247,Ronald Blair III,30,0.118346333,2,0,0,0,0,0,0,0,29,1,8,22,0,0,0,0,0,0,0,1,4,18,6,0,1,1,0,0,0,0,0,0,1,0,R,0,0,0,0,0,0,0
4248,DeForest Buckner,464,-0.034814677,16,15,4,1,25,1,0,0,462,2,189,268,7,18,6,23,345,8,40,4,4,1,6,0,2,1,0,0,0,0,0,0,1,0,R,0,1,0,0,0,0,0
4251,Yannick Ngakoue,393,0.106151662,20,3,4,0,23,3,0,3,148,245,151,231,0,0,0,0,0,1,0,5,30,11,101,11,234,0,1,0,0,1,0,0,0,0,R,0,0,0,0,0,0,0
4252,Sheldon Day,200,0.01766711,6,3,1,0,5,0,0,0,200,0,108,80,12,14,10,95,63,1,1,0,1,0,3,0,0,1,0,0,1,0,0,0,0,0,L,1,0,0,0,0,0,0
4284,Joey Bosa,376,-0.009722282,17,8,4,1,36,0,0,0,368,8,175,201,0,0,0,0,16,21,14,175,23,10,109,0,8,1,0,0,0,0,0,0,1,0,R,0,1,0,0,0,0,0
4310,James Burgess,71,-0.145040352,8,0,0,0,1,3,0,1,0,71,35,36,0,0,0,0,0,0,0,0,0,0,0,0,71,0,1,0,0,1,0,0,0,0,R,0,0,1,1,0,0,0
4391,Nathan Gerry,43,-0.563995605,1,1,0,1,3,0,0,0,0,43,25,18,0,0,0,0,0,0,0,0,0,0,0,0,43,0,1,0,0,0,0,0,0,1,L,0,0,1,0,0,0,0
4399,Derek Barnett,268,-0.110346511,12,0,3,0,18,0,0,0,156,112,13,252,0,0,0,0,0,2,6,14,21,13,100,3,109,1,0,0,0,0,0,0,1,0,R,0,0,0,0,0,0,0
4423,Avery Moss,139,0.107944597,4,5,0,0,2,0,0,1,97,42,112,22,0,0,0,0,15,6,0,43,19,9,5,5,37,1,0,0,1,0,0,0,0,0,L,0,0,0,0,0,0,0
4424,Dalvin Tomlinson,296,-0.01879624,8,22,2,0,11,0,0,1,296,0,93,192,11,170,5,6,101,0,2,1,0,0,0,0,0,1,0,0,0,0,0,0,1,0,R,0,1,0,0,0,0,0
4445,Joey Ivie,85,-0.014362788,0,1,0,0,2,0,0,0,84,1,53,28,3,13,2,10,33,0,23,0,0,0,0,1,0,1,0,0,1,0,0,0,0,0,L,1,0,0,0,0,0,0
4448,Taco Charlton,170,-0.104695282,3,1,1,0,9,0,0,1,81,89,155,12,0,1,0,0,5,4,0,8,7,16,40,3,86,0,0,1,0,0,0,1,0,0,L,0,0,0,0,0,0,1
4461,Ryan Anderson,313,-0.009529939,15,9,4,0,16,0,0,3,68,245,219,83,0,0,0,0,1,0,3,1,1,12,50,11,234,0,1,0,0,0,0,0,0,1,L,0,0,0,0,0,0,0
4469,Jonathan Allen,401,0.060938212,25,15,1,2,18,0,0,0,389,12,6,373,12,14,101,32,44,119,50,13,0,4,0,10,2,1,0,0,0,0,0,0,1,0,R,0,1,0,0,0,0,0
4475,Isaiah Irving,45,0.2111874,2,2,0,0,1,0,0,0,14,31,20,25,0,0,0,0,0,0,0,1,2,4,7,0,31,0,0,1,0,0,1,0,0,0,R,0,0,0,0,0,0,0
4512,Jeremiah Valoaga,42,0.089953333,1,1,0,0,1,1,0,0,42,0,11,31,0,0,0,0,0,0,2,2,7,6,25,0,0,1,0,0,0,0,0,0,1,0,R,0,0,0,0,0,0,0
4517,Montravius Adams,66,0.009761318,1,7,0,0,3,1,0,0,65,1,36,29,0,5,4,6,38,5,5,2,0,0,0,1,0,1,0,0,1,0,0,0,0,0,L,1,0,0,0,0,0,0
4521,Vince Biegel,406,-0.026724067,15,20,0,1,12,1,1,0,24,382,38,344,0,0,0,0,0,10,0,4,7,3,0,24,358,0,1,0,0,1,0,0,0,0,R,0,0,1,0,0,0,0
4578,Jaleel Johnson,231,0.003888974,11,10,3,0,5,0,0,0,231,0,113,106,12,74,29,21,90,2,3,0,0,0,0,0,0,1,0,0,1,0,0,0,0,0,L,0,1,0,0,0,0,0
4594,Ifeadi Odenigbo,234,-0.041616047,11,6,5,0,20,0,0,1,232,2,19,189,24,9,14,3,34,12,16,31,31,40,18,2,0,1,0,0,0,0,0,0,1,0,R,0,1,0,0,0,0,0
4609,Eric Wilson,34,-0.219377941,4,4,0,0,0,0,0,0,0,34,23,11,0,0,0,0,0,0,0,0,0,0,0,0,34,0,1,0,0,0,0,0,0,1,L,0,0,0,1,0,0,0
4634,Isaac Rochell,113,-0.00354054,1,3,0,0,3,1,0,0,109,4,47,59,7,5,2,0,8,4,5,32,6,3,37,0,4,1,0,0,0,0,0,0,1,0,R,0,0,0,0,0,0,0
4644,Nicholas Morrow,51,0.23570549,3,1,0,0,1,0,0,0,0,51,26,25,0,0,0,0,0,0,0,0,0,0,0,0,51,0,1,0,0,0,0,0,0,1,L,0,0,0,1,0,0,0
4652,T.J. Watt,462,-0.182593353,18,15,7,3,46,3,0,4,160,302,419,15,0,0,0,0,0,1,0,0,4,12,143,28,274,0,1,0,0,0,0,0,0,1,L,0,0,1,0,0,0,0
4666,Treyvon Hester,76,-0.164699434,1,4,0,0,3,0,0,0,74,2,32,38,6,13,7,2,18,14,4,10,0,0,0,0,2,1,0,0,0,0,0,0,1,0,R,1,0,0,0,0,0,0
4667,Eddie Vanderdoes,73,0.076594534,5,3,0,0,0,0,0,0,73,0,50,22,1,14,0,4,27,2,18,4,0,3,0,0,0,1,0,0,1,0,0,0,0,0,L,1,0,0,0,0,0,0
4689,Takkarist McKinley,145,-0.162132138,6,4,3,0,10,0,0,0,83,62,109,31,0,0,0,0,4,3,10,3,3,13,47,5,57,0,0,1,0,0,0,1,0,0,L,0,0,0,0,0,0,1
4694,Chris Odom,44,0.206856886,3,1,1,0,1,0,0,0,19,25,33,10,0,0,0,0,0,0,0,0,1,10,8,1,24,0,0,1,0,0,0,1,0,0,L,0,0,0,0,0,0,1
4700,Carl Lawson,275,0.017016993,12,4,4,0,26,0,0,0,191,84,32,235,0,0,1,0,4,3,1,51,17,36,78,8,76,1,0,0,0,0,0,0,1,0,R,0,0,0,0,0,0,0
4707,Josh Tupou,222,-0.02268641,10,6,0,0,2,0,0,1,222,0,107,115,0,14,5,36,73,11,28,51,0,4,0,0,0,1,0,0,0,0,0,0,1,0,R,1,0,0,0,0,0,0
4710,Jamal Adams,50,0.1267209,5,1,3,0,8,0,0,1,0,50,27,23,0,0,0,0,0,0,0,0,0,0,0,0,50,0,1,0,0,0,0,0,0,1,L,0,0,0,1,0,0,0
4739,Bryan Cox Jr,198,0.074209545,9,4,0,1,6,0,0,0,152,46,63,132,0,0,0,0,1,2,3,46,30,14,56,3,43,1,0,0,0,0,0,0,1,0,R,1,0,0,0,0,0,0
4754,Davon Godchaux,373,-0.006976936,19,26,1,2,9,0,0,0,359,14,17,284,61,67,14,55,134,2,26,0,0,0,0,11,3,1,0,0,0,0,0,0,1,0,R,0,1,0,0,0,0,0
4756,Charles Harris,118,-0.041695619,3,8,0,1,6,0,0,0,59,59,105,12,1,0,0,0,7,1,2,8,7,9,24,0,59,0,0,1,0,0,0,1,0,0,L,0,0,0,0,0,0,1
4764,Raekwon McMillan,33,-0.30280303,1,3,0,0,1,0,0,0,0,33,24,9,0,0,0,0,0,0,0,0,0,0,0,0,33,0,1,0,0,0,0,0,0,1,L,0,0,0,1,0,0,0
4785,Vincent Taylor,46,-0.285141543,2,4,0,0,2,1,0,0,46,0,26,20,0,32,4,1,9,0,0,0,0,0,0,0,0,1,0,0,1,0,0,0,0,0,L,1,0,0,0,0,0,0
4787,Haason Reddick,190,0.046972353,8,10,0,0,11,2,0,0,0,190,67,39,0,0,0,0,0,0,0,0,0,0,0,84,106,0,1,0,0,0,0,0,0,1,L,0,0,1,0,0,0,0
4810,Jordan Willis,62,0.122124484,0,3,0,0,2,0,0,0,39,23,1,59,0,0,0,0,5,3,7,2,4,0,18,2,21,0,0,1,0,0,1,0,0,0,R,0,0,0,0,0,0,0
4825,Larry Ogunjobi,385,-0.011821852,18,10,2,1,16,1,0,0,385,0,120,251,14,199,20,82,54,2,10,4,0,0,0,0,0,1,0,0,0,0,0,0,1,0,R,0,1,0,0,0,0,0
4827,Adam Butler,218,-0.035613193,6,6,1,1,9,3,0,0,213,5,70,87,56,35,10,15,46,19,16,14,1,0,1,5,0,1,0,0,0,0,0,0,1,0,R,0,1,0,0,0,0,0
4847,Samson Ebukam,191,-0.128546037,13,9,4,0,10,1,0,0,2,189,52,136,0,0,0,0,0,0,0,0,0,2,0,3,186,0,1,0,0,1,0,0,0,0,R,0,0,0,1,0,0,0
4849,Carlos Watkins,165,0.17599583,7,11,1,0,8,0,0,0,163,2,68,89,8,7,4,11,38,3,76,9,2,3,2,0,2,1,0,0,0,0,0,0,1,0,R,0,1,0,0,0,0,0
4859,Eli Ankou,168,-0.042790173,5,2,0,0,2,0,0,0,168,0,107,60,1,16,5,5,127,1,11,2,0,0,0,0,0,1,0,0,1,0,0,0,0,0,L,1,1,0,0,0,0,0
4888,Tanzel Smart,71,-0.039501197,1,1,0,0,0,0,0,0,71,0,33,37,1,2,5,2,48,2,6,0,4,1,0,0,0,1,0,0,0,0,0,0,1,0,R,0,0,0,0,0,0,0
4905,Deatrich Wise Jr,106,-0.003217321,9,5,1,0,7,0,0,0,106,0,27,79,0,3,0,2,27,32,8,24,4,4,2,0,0,1,0,0,0,0,0,0,1,0,R,0,1,0,0,0,0,0
4921,D.J. Jones,129,0.068197085,5,5,1,0,4,0,0,1,129,0,38,69,22,52,0,48,5,0,1,0,0,1,0,0,0,1,0,0,0,0,0,0,1,0,R,0,0,0,0,0,0,0
4933,Solomon Thomas,258,0.003528388,4,4,0,0,5,0,0,0,251,7,118,131,8,17,5,58,35,9,8,5,12,12,82,1,6,1,0,0,0,0,0,0,1,0,R,1,1,0,0,0,0,0
4939,Dawuane Smoot,174,0.094829695,5,2,2,0,10,0,0,0,170,4,98,75,1,1,1,1,58,7,18,32,15,23,13,0,4,1,0,0,1,0,0,0,0,0,L,1,0,0,0,0,0,0
4953,Matt Milano,46,-0.10696013,1,3,0,0,2,0,0,0,0,46,34,12,0,0,0,0,0,0,0,0,0,0,0,0,46,0,1,0,0,0,0,0,0,1,L,0,0,0,0,0,0,0
4978,Myles Garrett,140,-0.23236805,3,2,0,0,13,0,0,0,113,27,36,103,0,0,0,0,2,1,2,22,15,19,52,1,26,1,0,0,0,0,0,0,1,0,R,0,0,0,0,0,0,0
4986,Chuck Clark,46,-0.284283174,2,0,1,0,6,2,0,1,0,46,30,16,0,0,0,0,0,0,0,0,0,0,0,0,46,0,1,0,0,0,0,0,0,1,L,0,0,0,0,0,0,0
4993,Tyus Bowser,236,-0.286351496,9,3,3,0,22,2,0,1,0,236,95,87,0,0,0,0,0,0,0,0,0,0,0,54,182,0,1,0,0,0,0,0,0,1,L,0,0,1,1,0,0,0
5017,Patrick Ricard,29,-0.386160621,3,1,1,0,1,0,0,1,29,0,10,6,13,0,10,3,2,0,1,0,0,0,0,0,0,1,0,0,1,0,0,0,0,0,L,1,0,0,0,0,0,0
5018,Chris Wormley,248,-0.141184149,13,14,1,1,5,1,0,0,247,1,156,91,0,0,7,7,121,26,45,22,17,1,1,1,0,1,0,0,1,0,0,0,0,0,L,0,1,0,0,0,0,0
5022,Tarell Basham,287,-0.15507876,6,6,1,0,15,5,1,0,30,257,135,139,0,0,0,0,4,1,3,1,4,7,10,13,244,0,1,0,0,1,0,0,0,0,R,0,0,0,0,0,0,0
5025,Grover Stewart,369,-0.026034374,8,12,1,0,13,1,0,0,369,0,141,228,0,6,23,280,54,2,4,0,0,0,0,0,0,1,0,0,0,0,0,0,1,0,R,1,0,0,0,0,0,0
5073,Tanoh Kpassagnon,359,-0.124931872,6,8,1,0,17,2,0,0,315,44,167,179,4,8,8,8,28,14,12,23,43,25,142,9,35,1,0,0,0,0,0,0,1,0,R,0,1,0,0,0,0,0
5127,DeMarcus Walker,50,-0.08548262,1,2,0,0,1,0,0,0,50,0,19,27,4,1,3,4,21,2,10,4,0,0,1,0,0,1,0,0,0,0,0,0,1,0,R,0,0,0,0,0,0,0
5138,Trey Hendrickson,235,-0.105811523,4,7,1,1,22,0,0,0,207,28,34,199,0,0,0,0,2,2,2,72,14,25,90,2,26,1,0,0,0,0,0,0,1,0,R,1,0,0,0,0,0,0
5143,Al-Quadin Muhammad,228,-0.042507206,4,10,2,0,17,0,0,0,226,2,10,218,0,0,0,0,0,1,0,9,39,87,90,0,2,1,0,0,0,0,0,0,1,0,R,1,0,0,0,0,0,0
5153,Devaroe Lawrence,75,-0.230269533,1,1,0,0,1,0,0,0,75,0,41,34,0,11,12,9,34,0,4,0,2,1,2,0,0,1,0,0,1,0,0,0,0,0,L,0,1,0,0,0,0,0
5194,Daeshon Hall,30,0.640904567,1,0,0,0,0,0,0,0,25,5,27,1,0,3,0,0,6,0,2,0,1,3,10,2,3,0,0,1,0,0,0,1,0,0,L,0,0,0,0,0,0,1
5219,Marcus Davenport,155,0.112760768,6,3,3,0,12,0,0,2,58,97,20,132,0,1,0,0,2,3,0,33,4,12,3,3,94,0,1,0,0,1,0,0,0,0,R,0,0,0,0,0,0,0
5221,Vita Vea,409,-0.136410156,12,6,2,0,20,3,0,0,406,3,80,228,98,133,13,54,85,4,18,0,0,0,1,3,0,1,0,0,0,0,0,0,1,0,R,0,1,0,0,0,0,0
6234,Taven Bryan,293,0.039746962,13,10,1,0,11,0,0,1,289,4,150,141,2,6,1,1,256,3,19,1,0,0,0,0,4,1,0,0,1,0,0,0,0,0,L,1,0,0,0,0,0,0
6236,Derwin James,66,0.188902091,8,3,0,0,1,1,0,0,0,66,38,28,0,0,0,0,0,0,0,0,0,0,0,0,66,0,1,0,0,0,0,0,0,1,L,0,0,0,0,0,0,0
6261,Nathan Shepherd,213,-0.23128054,7,5,2,0,13,0,0,0,213,0,76,127,10,22,13,30,53,29,45,5,2,0,4,0,0,1,0,0,0,0,0,0,1,0,R,1,1,0,0,0,0,0
6264,Folorunso Fatukasi,226,-0.159527332,6,6,1,0,3,1,0,0,226,0,92,107,27,21,34,26,55,21,42,0,0,0,0,0,0,1,0,0,0,0,0,0,1,0,R,1,0,0,0,0,0,0
6275,Jerome Baker,67,-0.125194313,2,1,0,0,0,1,0,1,0,67,22,45,0,0,0,0,0,0,0,0,0,0,0,0,67,0,1,0,0,1,0,0,0,0,R,0,0,0,1,0,0,0
6291,Derrick Nnadi,243,-0.024118284,3,13,0,0,7,1,1,0,243,0,126,112,5,104,5,31,87,0,9,1,0,0,1,0,0,1,0,0,1,0,0,0,0,0,L,0,1,0,0,0,0,0
6296,Uchenna Nwosu,107,0.004386318,2,0,1,0,8,0,0,0,33,74,55,49,0,0,0,0,0,0,0,2,0,0,31,3,71,0,1,0,0,0,0,0,0,1,L,0,0,0,0,0,0,0
6297,Justin Jones,238,0.024125261,8,2,0,0,9,0,0,0,237,1,124,99,14,14,0,7,182,5,7,5,0,1,2,1,0,1,0,0,1,0,0,0,0,0,L,0,0,0,0,0,0,0
6298,Kyzir White,116,-0.080757741,6,10,0,0,0,0,0,0,0,116,42,23,0,0,0,0,0,0,0,0,0,0,0,51,65,0,1,0,0,0,0,0,0,1,L,0,0,1,1,0,0,0
6303,PJ Hall,278,0.046483601,6,5,1,0,10,0,0,0,278,0,135,140,3,37,18,19,188,2,11,0,0,0,0,0,0,1,0,0,0,0,0,0,1,0,R,0,1,0,0,0,0,0
6307,Maurice Hurst,279,-0.014146387,5,3,1,1,19,2,1,0,279,0,160,99,20,25,48,19,149,4,14,0,0,0,0,0,0,1,0,0,1,0,0,0,0,0,L,1,0,0,0,0,0,0
6326,Kylie Fitts,33,0.153039394,0,1,0,0,2,0,0,0,1,32,16,15,0,0,0,0,0,1,0,0,0,0,0,2,30,0,1,0,0,0,0,0,0,1,L,0,0,0,0,0,0,0
6329,Bilal Nichols,307,-0.019112446,9,12,0,0,2,1,0,0,305,2,100,190,16,15,29,33,119,33,35,24,0,1,0,1,1,1,0,0,0,0,0,0,1,0,R,0,1,0,0,0,0,0
6340,Da'Shawn Hand,66,0.227674485,0,2,0,0,0,0,0,0,66,0,55,8,3,6,9,4,30,1,2,10,0,0,1,0,0,1,0,0,1,0,0,0,0,0,L,0,1,0,0,0,0,0
6344,John Atkins,303,0.034561835,10,8,0,0,5,0,0,0,303,0,77,163,63,22,29,18,151,2,15,2,1,0,0,0,0,1,0,0,0,0,0,0,1,0,R,0,1,0,0,0,0,0
6366,Jalyn Holmes,59,-0.227634068,2,2,0,0,0,0,0,0,59,0,33,26,0,2,8,0,41,1,0,2,1,3,1,0,0,1,0,0,1,0,0,0,0,0,L,0,0,0,0,0,0,0
6368,Jullian Taylor,63,-0.049177587,6,2,0,0,2,0,0,0,63,0,33,25,5,15,6,17,19,0,1,0,0,0,0,0,0,1,0,0,1,0,0,0,0,0,L,1,0,0,0,0,0,0
6378,Josh Sweat,185,-0.045377849,5,3,2,2,18,0,0,0,169,16,93,92,0,0,0,0,1,1,2,5,7,21,132,0,16,1,0,0,1,0,0,0,0,0,L,0,0,0,0,0,0,0
6380,Sam Hubbard,360,0.018795678,19,12,5,1,25,1,0,0,232,128,241,102,2,4,21,1,50,2,5,43,26,26,52,15,113,1,0,0,1,0,0,0,0,0,L,0,0,0,0,0,0,0
6387,Taylor Stallworth,67,-0.028763657,4,3,0,0,0,1,0,0,67,0,30,36,1,2,3,3,58,0,0,0,0,0,0,0,0,1,0,0,0,0,0,0,1,0,R,0,0,0,0,0,0,0
6392,Matt Dickerson,27,0.265182815,0,1,0,0,0,0,0,0,27,0,15,10,2,13,3,3,5,0,0,1,0,0,0,0,0,1,0,0,1,0,0,0,0,0,L,1,0,0,0,0,0,0
6393,Sharif Finch,61,-0.123582803,2,1,1,0,5,0,0,0,7,54,46,13,0,0,0,0,0,0,0,0,0,2,5,2,52,0,1,0,0,0,0,0,0,1,L,0,0,0,0,0,0,0
6394,Harold Landry,458,0.035562535,12,20,4,0,35,1,1,0,50,408,116,333,0,0,0,0,1,3,0,9,7,16,14,9,399,0,1,0,0,1,0,0,0,0,R,0,0,0,0,0,0,0
6399,Poona Ford,244,-0.011691176,11,6,0,1,9,1,0,0,244,0,98,122,24,189,2,19,8,1,1,0,0,0,0,0,0,1,0,0,0,0,0,0,1,0,R,1,0,0,0,0,0,0
6400,Rasheem Green,240,0.070345,9,10,2,0,6,1,0,2,235,5,144,96,0,3,0,2,8,11,15,55,18,95,28,0,5,1,0,0,1,0,0,0,0,0,L,1,1,0,0,0,0,0
6401,Shaquem Griffin,93,-0.117112892,2,0,0,0,10,1,0,0,0,93,70,6,0,0,0,0,0,0,0,0,0,0,0,17,76,0,1,0,0,0,0,0,0,1,L,0,0,1,0,0,0,0
6402,Jacob Martin,125,0.131634256,4,4,3,1,11,0,0,1,73,52,98,23,2,0,0,0,0,3,0,4,14,21,29,2,50,0,0,1,0,0,0,1,0,0,L,0,0,0,0,0,0,1
6418,Jordan Whitehead,26,-0.380854538,1,1,0,0,1,0,0,0,0,26,13,13,0,0,0,0,0,0,0,0,0,0,0,0,26,0,1,0,0,0,0,0,0,0,L,0,0,0,1,0,0,0
6420,Daron Payne,292,0.119152137,15,5,1,0,4,1,0,0,281,11,116,65,102,56,30,12,43,12,15,8,0,1,2,9,2,1,0,0,1,0,0,0,0,0,L,0,1,0,0,0,0,0
6426,Marquis Haynes,50,0.14518744,1,1,1,0,2,0,0,0,34,16,38,11,0,0,0,0,1,0,1,2,3,7,20,1,15,0,0,1,0,0,0,1,0,0,L,0,0,0,0,0,0,1
6429,Tim Settle,117,-0.09950635,3,5,0,0,6,0,0,0,114,3,52,45,17,21,10,10,7,30,14,3,0,1,1,3,0,1,0,0,1,0,0,0,0,0,L,1,0,0,0,0,0,0
6433,Dorance Armstrong,126,-0.045860976,5,3,1,0,4,0,0,1,126,0,3,123,0,0,0,0,0,1,4,1,45,21,54,0,0,1,0,0,0,0,0,0,1,0,R,0,1,0,0,0,0,0
6440,Chad Thomas,328,0.048103241,13,4,3,0,12,1,0,0,235,93,297,27,1,0,0,0,4,5,0,83,67,40,35,3,90,1,0,0,1,0,0,0,0,0,L,0,0,0,0,0,0,0
6443,Genard Avery,33,-0.120417333,1,1,0,1,1,1,0,0,0,33,18,11,0,0,0,0,0,0,0,0,0,0,0,4,29,0,1,0,0,0,0,0,0,1,L,0,0,0,1,0,0,0
6462,Zach Sieler,91,-0.025185473,3,5,1,0,6,2,0,0,91,0,26,53,12,6,4,6,54,3,4,2,0,0,0,0,0,1,0,0,0,0,0,0,1,0,R,1,0,0,0,0,0,0
6466,Lorenzo Carter,339,2.32e-4,9,11,2,0,17,2,0,0,146,193,54,248,0,1,0,0,6,2,0,39,12,17,69,37,156,0,1,0,0,1,0,0,0,0,R,0,0,0,0,0,0,0
6476,BJ Hill,173,0.030174723,5,6,1,0,4,0,0,0,173,0,166,3,4,42,3,6,83,0,20,11,0,1,3,0,0,1,0,0,1,0,0,0,0,0,L,0,1,0,0,0,0,0
6504,Leon Jacobs,193,0.089246668,16,8,1,0,4,0,0,0,0,193,59,73,0,0,0,0,0,0,0,0,0,0,0,61,132,0,1,0,0,1,0,0,0,0,R,0,0,0,0,0,0,0
6511,Ogbonnia Okoronkwo,56,0.031899911,1,1,0,0,2,0,0,0,22,34,15,40,0,0,0,0,0,0,0,1,0,1,20,1,33,0,0,1,0,0,1,0,0,0,R,0,0,0,0,0,0,0
6515,Sebastian Joseph-Day,246,-0.106878154,12,12,1,0,9,1,0,0,246,0,109,103,34,139,7,8,26,5,4,4,5,8,6,0,0,1,0,0,1,0,0,0,0,0,L,1,0,0,0,0,0,0
6542,Tyquan Lewis,178,-0.093490135,2,3,0,0,6,0,0,0,178,0,138,39,1,1,10,4,2,33,22,0,38,29,38,0,0,1,0,0,1,0,0,0,0,0,L,0,1,0,0,0,0,0
6556,Andrew Brown,45,0.173497689,1,1,0,0,3,0,0,0,33,12,21,20,1,1,2,0,20,1,0,3,2,3,0,3,9,0,0,1,0,0,0,1,0,0,L,0,0,0,0,0,0,1
6569,Demone Harris,115,-0.119250435,3,1,0,0,5,0,0,0,67,48,69,42,0,0,0,0,0,0,1,4,19,7,36,4,44,0,0,1,0,0,0,1,0,0,L,0,0,0,0,0,0,1
6577,Jacob Tuioti-Mariner,178,-0.1234795,7,7,0,0,6,0,0,1,158,20,118,59,0,0,0,0,6,6,3,14,22,46,61,1,19,1,0,0,1,0,0,0,0,0,L,1,0,0,0,0,0,0
6583,RJ McIntosh,33,0.057660636,0,3,0,0,0,0,0,0,33,0,0,33,0,11,1,0,18,0,0,3,0,0,0,0,0,1,0,0,0,0,0,0,1,0,R,0,1,0,0,0,0,0
6605,Frank Herron,99,0.237000646,1,5,0,0,4,0,0,0,99,0,72,20,7,4,9,4,57,1,10,5,0,1,1,0,0,1,0,0,1,0,0,0,0,0,L,0,1,0,0,0,0,0
6617,Marcell Harris,26,-0.201419692,1,2,0,0,0,0,0,0,0,26,18,8,0,0,0,0,0,0,0,0,0,0,0,0,26,0,1,0,0,0,0,0,0,1,L,0,0,0,0,0,0,0
6618,Kentavius Street,34,0.020579647,3,1,0,0,1,0,0,0,34,0,12,21,1,3,1,17,10,0,2,0,0,0,0,0,0,1,0,0,0,0,0,0,1,0,R,1,0,0,0,0,0,0
6676,Trent Harris,156,-0.017889679,9,5,1,1,6,0,0,1,21,135,93,54,3,3,0,0,0,0,0,1,1,5,8,6,129,0,1,0,0,0,0,0,0,1,L,0,0,0,0,0,0,0
6699,Tyler Lancaster,169,0.025701639,6,9,0,1,2,0,0,0,169,0,86,81,2,23,6,31,98,1,6,2,0,0,0,0,0,1,0,0,1,0,0,0,0,0,L,1,0,0,0,0,0,0
6781,Jonathan Harris,44,0.189108659,1,6,0,0,0,0,0,0,44,0,34,10,0,0,0,4,12,9,6,13,0,0,0,0,0,1,0,0,1,0,0,0,0,0,L,0,1,0,0,0,0,0
6797,Jeffery Simmons,246,-0.070730919,10,15,1,0,5,1,0,0,245,1,140,101,5,41,12,14,110,17,12,16,9,5,4,0,1,1,0,0,1,0,0,0,0,0,L,0,1,0,0,0,0,0
6805,Austin Bryant,126,-0.05893869,4,4,0,0,1,0,0,0,43,83,63,60,0,0,0,0,3,0,0,2,3,4,31,3,80,0,1,0,0,0,0,0,0,1,L,0,0,0,0,0,0,0
6821,Josh Allen,256,0.129228348,14,6,3,1,20,0,0,0,152,104,141,114,0,0,0,0,7,6,8,27,32,31,41,1,103,1,0,0,1,0,0,0,0,0,L,0,0,0,0,0,0,0
6836,Jahlani Tavai,77,0.038615506,3,1,1,0,3,0,0,0,0,77,5,72,0,0,0,0,0,0,0,0,0,0,0,0,77,0,1,0,0,1,0,0,0,0,R,0,0,1,0,0,0,0
6847,Rashan Gary,112,0.093048089,9,2,1,0,5,0,0,0,47,65,67,44,0,0,0,0,5,1,6,1,5,2,27,1,64,0,0,1,0,0,0,1,0,0,L,0,0,0,0,0,0,1
6852,Justin Hollins,170,-0.025497794,4,7,1,0,9,1,0,0,0,170,32,136,0,0,0,0,0,0,0,0,0,0,0,2,168,0,1,0,0,1,0,0,0,0,R,0,0,0,1,0,0,0
6855,Dre'Mont Jones,139,0.039625892,9,3,3,1,9,1,1,0,139,0,76,41,22,4,12,12,38,19,26,3,0,2,1,0,0,1,0,0,1,0,0,0,0,0,L,0,0,0,0,0,0,0
6859,Malik Reed,183,0.11078971,3,6,1,0,5,1,0,0,0,183,109,68,0,0,0,0,0,0,0,0,0,0,0,6,177,0,1,0,0,0,0,0,0,1,L,0,0,1,0,0,0,0
6860,Kingsley Keke,58,0.158945017,2,5,0,0,0,0,0,0,58,0,23,34,1,0,2,10,40,1,2,1,0,1,0,0,0,1,0,0,0,0,0,0,1,0,R,0,0,0,0,0,0,0
6883,Charles Omenihu,268,0.196774578,4,3,1,0,14,1,0,0,258,10,166,76,24,4,2,2,24,22,56,25,26,19,54,2,8,1,0,0,1,0,0,0,0,0,L,1,0,0,0,0,0,0
6909,Armon Watts,117,-0.113773171,6,8,1,1,6,1,0,1,117,0,47,66,4,85,1,16,11,0,0,0,0,0,0,0,0,1,0,0,0,0,0,0,1,0,R,1,0,0,0,0,0,0
6916,Jaylon Ferguson,341,-0.154397698,18,9,2,1,18,1,0,0,90,251,142,157,0,0,0,1,40,0,13,5,7,3,21,42,209,0,1,0,0,1,0,0,0,0,R,0,0,0,0,0,0,0
6940,Nick Bosa,469,-0.03631371,14,12,2,0,45,1,0,0,438,31,129,336,0,0,2,1,0,16,4,6,69,36,304,4,27,1,0,0,0,0,0,0,1,0,R,0,0,0,0,0,0,0
6946,Darryl Johnson,82,-0.179994524,2,2,0,0,5,0,0,0,81,1,7,75,0,0,0,0,0,0,0,6,22,44,9,0,1,1,0,0,0,0,0,0,1,0,R,0,0,0,0,0,0,0
6964,Ben Banogu,150,-0.035119747,1,2,1,0,16,0,0,0,150,0,134,16,0,0,0,0,0,4,0,2,25,15,104,0,0,1,0,0,1,0,0,0,0,0,L,1,0,0,0,0,0,0
6976,Ed Oliver,260,-0.179886323,12,13,4,0,11,1,0,1,260,0,118,141,1,23,5,7,192,7,24,1,0,0,0,0,0,1,0,0,0,0,0,0,1,0,R,0,1,0,0,0,0,0
6977,Khari Willis,36,-0.140270306,5,1,0,0,0,0,0,0,0,36,22,14,0,0,0,0,0,0,0,0,0,0,0,0,36,0,1,0,0,0,0,0,0,1,L,0,0,0,1,0,0,0
6987,Renell Wren,65,-0.261597215,1,3,0,0,0,0,0,0,65,0,41,24,0,0,0,2,18,2,17,22,0,3,1,0,0,1,0,0,1,0,0,0,0,0,L,0,0,0,0,0,0,0
7027,Sione Takitaki,43,-0.15076,4,2,0,0,1,0,0,0,2,41,28,15,0,0,0,0,0,0,0,0,0,1,1,0,41,0,1,0,0,0,0,0,0,1,L,0,0,0,1,0,0,0
7034,Mack Wilson,70,-0.049669371,1,3,0,0,3,0,0,1,1,69,33,37,0,0,0,0,0,0,0,0,0,0,1,0,69,0,1,0,0,1,0,0,0,0,R,0,0,0,0,0,0,0
7049,Isaiah Buggs,54,-0.132884907,2,1,0,0,1,0,0,0,53,1,17,36,1,1,4,10,29,1,5,2,0,0,0,0,1,1,0,0,0,0,0,0,1,0,R,1,0,0,0,0,0,0
7078,Andrew Van Ginkel,177,0.010077192,9,3,1,0,4,0,0,0,0,177,51,125,0,0,0,0,0,0,0,0,0,0,0,1,176,0,1,0,0,1,0,0,0,0,R,0,0,1,0,0,0,0
7086,Christian Wilkins,415,-0.004753342,13,19,2,0,20,1,0,0,407,8,293,43,78,31,23,37,153,4,32,34,0,14,1,1,7,1,0,0,1,0,0,0,0,0,L,0,1,0,0,0,0,0
7096,Dexter Lawrence,356,0.015339992,10,6,0,0,11,1,0,0,356,0,291,58,7,106,10,16,178,0,24,15,0,0,0,0,0,1,0,0,1,0,0,0,0,0,L,0,1,0,0,0,0,0
7105,Oshane Ximines,199,0.176269116,4,3,2,0,13,0,0,0,74,125,42,152,1,0,0,0,0,1,1,16,3,19,33,4,121,0,1,0,0,1,0,0,0,0,R,0,0,0,0,0,0,0
7113,Kyle Phillips,273,-0.091619106,8,6,1,0,9,0,0,0,184,89,203,70,0,0,2,5,14,21,34,16,15,14,63,0,89,1,0,0,1,0,0,0,0,0,L,0,0,0,0,0,0,0
7126,Quinnen Williams,289,-0.124083346,8,3,2,0,15,0,0,0,289,0,49,235,5,59,18,41,76,22,60,1,2,1,4,0,0,1,0,0,0,0,0,0,1,0,R,0,1,0,0,0,0,0
7143,Montez Sweat,320,0.1493977,11,6,5,1,17,1,0,2,158,162,75,242,0,0,0,0,1,0,0,6,5,45,101,3,159,0,0,1,0,0,1,0,0,0,R,0,0,0,0,0,0,0
7147,Jerry Tillery,134,0.024933075,5,3,0,1,3,0,0,0,134,0,79,54,1,2,0,2,124,0,0,1,3,1,0,0,0,1,0,0,1,0,0,0,0,0,L,0,0,0,0,0,0,0
7187,Trysten Hill,34,0.172124412,3,1,0,0,2,0,0,0,34,0,18,16,0,8,0,25,1,0,0,0,0,0,0,0,0,1,0,0,1,0,0,0,0,0,L,0,0,0,0,0,0,0
7196,Chase Winovich,123,0.019284057,6,3,1,0,13,0,0,0,0,123,17,83,0,0,0,0,0,0,0,0,0,0,0,23,100,0,1,0,0,1,0,0,0,0,R,0,0,0,0,0,0,0
7204,Khalen Saunders,136,0.026913294,5,8,0,0,2,1,0,0,136,0,38,95,3,56,1,10,62,1,3,0,0,0,0,0,0,1,0,0,0,0,0,0,1,0,R,0,1,0,0,0,0,0
7217,Dre Greenlaw,61,0.035242213,2,3,1,0,3,0,0,0,0,61,24,37,0,0,0,0,0,0,0,0,0,0,0,0,61,0,1,0,0,1,0,0,0,0,R,0,0,0,0,0,0,0
7236,Maxx Crosby,425,-0.001388506,19,10,7,2,34,1,0,2,424,1,285,139,0,0,0,0,10,13,6,66,75,64,190,1,0,1,0,0,1,0,0,0,0,0,L,0,1,0,0,0,0,0
7239,Clelin Ferrell,314,-0.032176471,13,14,2,1,14,2,0,0,311,3,2,312,0,0,0,2,7,6,19,73,52,77,75,0,3,1,0,0,0,0,0,0,1,0,R,0,1,0,0,0,0,0
7286,John Cominsky,31,-0.302684533,1,4,0,1,5,1,0,0,31,0,28,3,0,0,0,0,6,1,4,2,6,2,10,0,0,1,0,0,1,0,0,0,0,0,L,0,0,0,0,0,0,0
7309,Miles Brown,90,-0.079207222,1,0,0,0,1,1,0,0,90,0,33,51,6,9,4,51,15,1,3,1,0,0,0,0,0,1,0,0,0,0,0,0,1,0,R,1,0,0,0,0,0,0
7312,Michael Dogbe,68,0.040235662,4,1,0,0,0,0,0,0,68,0,28,40,0,1,0,1,33,2,21,5,1,4,0,0,0,1,0,0,0,0,0,0,1,0,R,0,1,0,0,0,0,0
7332,Brian Burns,187,0.154487893,4,2,2,0,13,0,0,0,113,74,33,150,0,0,0,0,2,0,2,12,14,18,65,4,70,1,0,0,0,0,0,0,1,0,R,0,0,0,0,0,0,0
7347,Chauncey Gardner-Johnson,38,0.072865921,3,1,0,0,1,0,0,0,0,38,26,12,0,0,0,0,0,0,0,0,0,0,0,0,38,0,1,0,0,0,0,0,0,1,L,0,0,0,1,0,0,0
7348,Carl Granderson,78,-0.138250449,4,4,0,0,4,0,0,0,64,14,43,35,0,0,0,0,1,1,1,3,11,20,27,0,14,1,0,0,1,0,0,0,0,0,L,0,0,0,0,0,0,0
7350,Porter Gustin,213,0.018202146,8,4,1,0,7,0,0,0,203,10,82,130,0,0,0,0,10,5,12,51,52,30,43,1,9,1,0,0,0,0,0,0,1,0,R,0,1,0,0,0,0,0
7363,Shy Tuttle,184,-0.016559962,5,7,1,0,6,1,0,0,184,0,85,82,17,70,9,59,28,0,0,1,0,0,0,0,0,1,0,0,1,0,0,0,0,0,L,1,0,0,0,0,0,0
7375,Greg Gaines,130,0.097138777,4,3,0,0,3,0,0,0,130,0,61,65,4,121,1,3,1,0,0,0,0,0,0,0,0,1,0,0,0,0,0,0,1,0,R,1,0,0,0,0,0,0
7395,Cody Barton,126,0.16279069,2,12,0,0,1,1,0,0,0,126,28,61,0,0,0,0,0,0,0,0,0,0,0,37,89,0,1,0,0,1,0,0,0,0,R,0,0,0,1,0,0,0
7399,L.J. Collier,84,0.002818821,0,1,0,0,1,0,0,0,83,1,40,43,1,0,0,0,14,3,6,30,1,26,2,0,1,1,0,0,0,0,0,0,1,0,R,0,1,0,0,0,0,0
7424,Anthony Rush,123,0.034663236,6,3,0,0,2,2,0,0,123,0,36,81,6,22,5,36,46,2,6,0,0,0,0,0,0,1,0,0,0,0,0,0,1,0,R,1,0,0,0,0,0,0
7438,Sam Eguavoen,93,-0.114899344,1,4,1,0,8,0,0,0,0,93,54,39,0,0,0,0,0,0,0,0,0,0,0,0,93,0,1,0,0,0,0,0,0,1,L,0,0,1,1,0,0,0
7512,Albert Huggins,30,-0.0788479,0,2,0,0,1,0,0,0,30,0,6,23,1,0,3,8,14,0,4,0,0,0,0,0,0,1,0,0,0,0,0,0,1,0,R,1,0,0,0,0,0,0
7542,Isaiah Mack,39,0.080536821,0,3,0,0,0,0,0,0,39,0,11,27,1,8,4,4,17,1,4,0,0,0,0,0,0,1,0,0,0,0,0,0,1,0,R,1,0,0,0,0,0,0
7547,Derick Roberson,28,-0.271993536,4,1,3,0,4,0,0,0,23,5,9,18,0,0,0,0,1,1,0,0,0,3,18,1,4,0,0,1,0,0,1,0,0,0,R,0,0,0,0,0,0,0
