PlayerId,Name,count,EPA,SoloTackle,AssistedTackle,SoloSack,AssistedSack,Pressure,PassBreakup,Interception,ForcedFumble,LeftSide,RightSide,Tech0,Tech1,Tech2,Tech2i,Tech3,Tech4,Tech4i,Tech5,Tech6,Tech7,Tech9,TechOff,TechOutside,DT,DE,RosterLB,DEBinary,DTBinary,RosterLBBinary,DER,DEL,RosterLBR,RosterLBL,DTR,DTL,DominantSide,DERPrediction,DELPrediction,DE,RosterLBRPrediction,RosterLBLPrediction,LB,DTRPrediction,DTLPrediction,MaxProb,SecondPRob
26,Bud Dupree,478,-0.228819077,19,19,7,1,30,1,0,3,15,455,0,0,0,0,0,0,0,0,0,0,0,8,470,0,0,478,0,0,1,0,0,1,0,0,0,R,0.022535211,0.092265193,0.057400202,0.316755793,0.739253188,,0.005524862,0.006979695,0.739253188,0.316755793
27,Cameron Heyward,476,-0.212083763,22,25,4,1,34,5,0,0,48,401,17,25,46,67,132,37,54,20,17,9,16,10,26,0,476,0,1,0,0,1,0,0,0,0,0,R,0.207412653,0.520324074,0.363868364,0.139826176,0.015833333,,0.219835069,0.498949772,0.520324074,0.498949772
68,Chandler Jones,498,0.040738221,21,11,10,1,38,4,0,4,247,245,0,0,0,0,2,0,1,2,2,8,40,6,437,0,0,498,0,0,1,0,0,0,1,0,0,L,0.125651042,0.188934803,0.157292922,0.350587741,0.504349817,,0.001526718,0.003798034,0.504349817,0.350587741
69,Jamie Collins,106,0.042196934,1,9,0,0,2,1,0,0,20,86,0,0,0,0,0,0,0,0,0,0,0,0,106,0,0,106,0,0,1,0,0,1,0,0,0,R,0.027826087,0.008194444,0.018010266,0.342349727,0.524206349,,-1.05E-15,0.002762431,0.524206349,0.342349727
71,Dont'a Hightower,86,-0.055113209,4,2,1,0,8,0,0,0,58,28,0,0,0,1,0,0,0,0,0,0,0,0,85,0,0,86,0,0,1,0,0,0,1,0,0,L,0.018555241,0.001812689,0.010183965,0.346838302,0.338415751,,0.00893186,0.012577778,0.346838302,0.338415751
97,Steve McLendon,224,-0.103390397,13,8,1,1,8,0,0,0,164,26,34,45,32,38,41,8,25,1,0,0,0,0,0,224,0,0,0,1,0,0,0,0,0,0,1,L,0.028993536,0.002139037,0.015566287,3.61E-16,-2.22E-16,,0.496204188,0.486701209,0.496204188,0.486701209
132,Jerry Hughes,344,-0.072260227,3,3,2,0,21,0,0,0,8,332,0,0,0,0,2,4,2,43,66,56,121,4,46,0,344,0,1,0,0,1,0,0,0,0,0,R,0.615336879,0.202058233,0.408697556,0.044533333,0.271557971,,-1.05E-15,0.011126894,0.615336879,0.408697556
162,Aaron Lynch,139,0.178410842,2,0,1,0,11,2,0,0,86,45,0,2,1,1,26,6,6,1,2,7,7,8,72,0,0,139,0,0,1,0,0,0,1,0,0,L,0.248296501,0.248406193,0.248351347,0.214829396,0.258264463,,0.024426079,0.168015666,0.258264463,0.248406193
172,Eric Reid,65,0.2032696,3,4,0,0,1,0,0,0,37,28,0,0,0,0,0,0,0,0,0,0,0,0,65,0,0,0,0,0,0,0,0,0,0,0,0,L,0.001312336,0.034699454,0.018005895,0.477198068,0.291833007,,-1.05E-15,-1.19E-15,0.477198068,0.291833007
180,Arik Armstead,458,-0.005730194,16,12,3,3,32,2,0,1,389,62,5,14,8,20,53,38,47,11,70,56,122,2,12,0,458,0,1,0,0,0,1,0,0,0,0,L,0.271089385,0.572980501,0.422034943,0.039319552,0.00188172,,0.145506536,0.324911817,0.572980501,0.422034943
224,Damon Harrison,291,-0.039518663,17,12,0,0,4,0,0,0,133,19,139,46,18,15,73,0,0,0,0,0,0,0,0,291,0,0,0,1,0,0,0,0,0,0,1,L,0.014824561,-1.05E-15,0.007412281,0.005649718,0.004109589,,0.437293299,0.569111111,0.569111111,0.437293299
226,Leonard Williams,333,-0.035340604,10,15,0,1,26,2,0,0,37,283,10,68,5,12,138,3,23,25,5,19,19,3,3,0,333,0,1,0,0,1,0,0,0,0,0,R,0.134675926,0.229075092,0.181875509,0.01827957,0.00273224,,0.261265005,0.426440038,0.426440038,0.261265005
231,Demario Davis,58,0.057592931,4,2,1,0,4,2,0,0,17,41,0,0,0,0,0,0,0,0,0,0,0,0,58,0,0,58,0,0,1,0,0,1,0,0,0,R,0.00868984,-8.60E-16,0.00434492,0.375403609,0.248554422,,-1.05E-15,-1.05E-15,0.375403609,0.248554422
258,Cameron Wake,58,0.214934707,0,0,0,0,8,0,0,0,56,2,0,0,0,0,3,0,1,2,3,2,46,0,1,0,58,0,1,0,0,0,1,0,0,0,0,L,0.210854701,0.41821608,0.314535391,0.146934866,0.059545924,,0.014859982,0.042441315,0.41821608,0.314535391
259,Ndamukong Suh,458,-0.149087952,16,8,2,0,21,5,0,0,343,107,5,16,16,49,218,33,83,17,1,8,7,3,2,458,0,0,0,1,0,0,0,0,0,0,1,L,0.342027142,0.204235727,0.273131435,0.018574024,0.005405405,,0.323835616,0.320445736,0.342027142,0.323835616
268,Olivier Vernon,98,0.069342735,2,3,1,1,5,0,0,0,6,91,0,0,0,0,5,0,0,34,17,7,6,1,28,0,98,0,1,0,0,1,0,0,0,0,0,R,0.357312441,0.37965812,0.36848528,0.034526854,0.170351759,,0.001978892,0.00994695,0.37965812,0.36848528
291,Timmy Jernigan,212,-0.049935108,6,3,1,0,8,0,0,0,19,192,1,20,20,70,77,4,19,1,0,0,0,0,0,212,0,0,0,1,0,0,0,0,0,1,0,R,0.010629252,0.002702703,0.006665977,1.39E-16,-2.22E-16,,0.473090746,0.379444444,0.473090746,0.379444444
292,Reshad Jones,28,0.317117857,0,1,0,0,0,1,0,0,14,14,0,0,0,0,0,0,0,0,0,0,0,0,28,0,0,0,0,0,0,0,0,0,0,0,0,L,0.016857143,0.206307551,0.111582347,0.032483475,0.454388036,,0.016324786,0.004837291,0.454388036,0.206307551
301,Brandon Williams,288,-0.191546889,9,15,0,0,3,0,0,0,125,101,60,38,24,35,118,1,10,0,0,0,0,2,0,288,0,0,0,1,0,0,0,0,0,0,1,L,0.010393258,-1.05E-15,0.005196629,0.00255102,-2.22E-16,,0.494805195,0.51884273,0.51884273,0.494805195
312,Terrell Suggs,275,0.123694116,6,8,0,1,12,0,0,0,91,179,0,0,0,0,0,1,0,0,0,0,20,5,249,0,0,275,0,0,1,0,0,1,0,0,0,R,0.030151947,0.042668488,0.036410217,0.531741821,0.417891514,,-1.05E-15,0.008807588,0.531741821,0.417891514
338,Derek Wolfe,185,-0.077736859,6,6,3,0,7,1,0,0,178,6,0,2,25,15,76,27,13,24,1,1,0,1,0,0,185,0,1,0,0,0,1,0,0,0,0,L,0.102589454,0.382394366,0.24249191,0.010897436,0.00987013,,0.273809524,0.131830601,0.382394366,0.273809524
343,Sylvester Williams,32,0.037320156,2,3,0,0,0,0,0,0,10,17,5,26,0,1,0,0,0,0,0,0,0,0,0,32,0,0,0,1,0,0,0,0,0,1,0,R,0.058011869,0.015143121,0.036577495,0.023796549,0.06689008,,0.386071766,0.351206434,0.386071766,0.351206434
347,Justin Ellis,59,-0.225227966,1,5,0,0,2,0,0,0,17,35,7,23,1,15,12,0,1,0,0,0,0,0,0,59,0,0,0,1,0,0,0,0,0,1,0,R,0.037800687,0.001396648,0.019598668,0.002695418,-2.22E-16,,0.6131177,0.420345141,0.6131177,0.420345141
354,Mario Edwards Jr,157,0.024147631,5,1,3,0,7,0,0,1,98,59,0,0,0,0,12,6,4,57,18,38,13,0,9,0,157,0,1,0,0,0,1,0,0,0,0,L,0.630761622,0.472315593,0.551538608,0.043,0.027877238,,0.00625,0.052746741,0.630761622,0.551538608
363,Von Miller,337,0.052503297,11,9,4,0,29,2,0,0,221,104,0,0,0,0,0,0,0,0,0,0,0,12,325,0,0,337,0,0,1,0,0,0,1,0,0,L,0.016382576,0.014661319,0.015521947,0.380677656,0.566195857,,-1.05E-15,-1.11E-15,0.566195857,0.380677656
365,Khalil Mack,474,-0.049584169,14,5,3,0,32,1,0,1,231,236,0,0,0,0,0,4,1,13,10,42,226,7,171,0,0,474,0,0,1,0,0,1,0,0,0,R,0.490796703,0.056421152,0.273608928,0.237042125,0.377747502,,0.004289544,0.002659574,0.490796703,0.377747502
380,Corey Liuget,120,-0.224815775,6,4,1,0,1,1,0,0,66,54,0,68,0,11,21,2,1,5,3,9,0,0,0,120,0,0,0,1,0,0,0,0,0,0,1,L,0.209308511,0.128685446,0.168996978,0.007022472,0.014135626,,0.294776119,0.509763851,0.509763851,0.294776119
390,Melvin Ingram III,385,-0.015830945,21,10,5,2,30,5,1,0,173,148,0,0,0,0,1,0,1,0,0,0,0,64,319,0,385,0,1,0,0,0,1,0,0,0,0,L,0.113919926,0.036507937,0.075213931,0.408564815,0.646242263,,0.002999143,0.004681648,0.646242263,0.408564815
420,Danny Shelton,265,-0.065127302,12,23,1,0,7,0,0,1,59,81,125,74,11,12,29,2,10,2,0,0,0,0,0,265,0,0,0,1,0,0,0,0,0,1,0,R,0.040778098,0.011079274,0.025928686,3.33E-16,-2.22E-16,,0.300601852,0.617768959,0.617768959,0.300601852
427,Eddie Goldman,187,-0.123048043,10,5,1,0,5,0,0,0,17,138,30,47,19,44,41,0,2,0,0,1,0,2,1,187,0,0,0,1,0,0,0,0,0,1,0,R,0.021969697,0.001820728,0.011895213,2.36E-16,0.002688172,,0.320134875,0.61372549,0.61372549,0.320134875
430,Sam Acho,36,0.096506111,1,1,1,0,2,0,0,1,7,26,0,0,0,0,1,0,0,0,0,0,0,3,32,0,36,0,1,0,0,1,0,0,0,0,0,R,0.003021719,0.013596491,0.008309105,0.085399449,0.265503876,,-1.05E-15,0.007412399,0.265503876,0.085399449
432,Christian Jones,225,0.028350458,5,15,0,0,2,0,0,0,79,83,0,0,0,0,1,0,0,0,1,0,0,63,160,0,0,225,0,0,1,0,0,1,0,0,0,R,0.053565062,0.064683664,0.059124363,0.524888293,0.544179229,,0.007640879,0.008012821,0.544179229,0.524888293
439,Jadeveon Clowney,235,-0.020525034,10,3,1,0,14,0,0,2,91,135,0,0,0,0,3,1,3,45,18,70,45,9,41,0,235,0,1,0,0,1,0,0,0,0,0,R,0.621761905,0.078873239,0.350317572,0.093611111,0.203937008,,-1.05E-15,0.042663043,0.621761905,0.350317572
443,Jeremiah Attaochu,267,0.023503978,8,7,3,1,14,0,0,0,102,150,0,0,0,0,0,0,0,0,0,0,5,15,247,0,0,267,0,0,1,0,0,1,0,0,0,R,0.052066116,0.013143631,0.032604874,0.403315168,0.429088472,,-1.05E-15,0.002785515,0.429088472,0.403315168
452,Patrick Robinson,31,-0.419815419,1,1,0,0,4,0,0,0,15,16,0,0,0,0,0,0,0,0,0,0,0,0,31,0,0,0,0,0,0,0,0,0,0,0,0,R,0.014757914,0.010270775,0.012514345,0.044057971,0.391856976,,-1.05E-15,0.017125382,0.391856976,0.044057971
514,Star Lotulelei,258,-0.094134895,8,4,2,0,4,1,1,0,116,141,1,177,4,38,25,4,9,0,0,0,0,0,0,258,0,0,0,1,0,0,0,0,0,1,0,R,0.013034188,0.047668394,0.030351291,2.36E-16,-2.22E-16,,0.504735883,0.401793526,0.504735883,0.401793526
518,AJ Klein,78,-0.163545179,5,0,0,0,0,0,0,0,51,27,0,0,0,0,0,0,0,0,0,0,0,0,78,0,0,78,0,0,1,0,0,0,1,0,0,L,0.00128866,0.00802139,0.004655025,0.671014135,0.216327601,,0.006727431,0.002688172,0.671014135,0.216327601
533,Tre Boston,29,0.312364931,2,0,0,0,0,0,0,0,25,4,0,0,0,0,0,0,0,0,0,0,0,0,29,0,0,0,0,0,0,0,0,0,0,0,0,L,0.009744991,0.08655303,0.048149011,0.018761384,0.62272004,,9.06E-04,0.00390554,0.62272004,0.08655303
537,Calais Campbell,366,0.067477738,16,7,2,0,25,2,0,1,191,162,8,10,2,11,88,28,29,76,33,47,17,5,12,0,366,0,1,0,0,0,1,0,0,0,0,L,0.306516291,0.595058401,0.450787346,0.021447368,0.023007246,,0.100722674,0.134673816,0.595058401,0.450787346
541,Corey Peters,371,0.053969722,8,9,0,0,8,0,0,0,127,188,56,79,6,155,59,5,11,0,0,0,0,0,0,371,0,0,0,1,0,0,0,0,0,1,0,R,0.170228311,0.003546099,0.086887205,0.00855615,-2.22E-16,,0.450045914,0.609336824,0.609336824,0.450045914
544,Lorenzo Alexander,78,0.176040192,5,4,0,0,4,0,0,0,38,40,0,0,0,0,0,0,0,0,0,0,0,0,78,0,0,78,0,0,1,0,0,1,0,0,0,R,0.00475,-8.60E-16,0.002375,0.342234332,0.405627706,,-1.05E-15,0.005208333,0.405627706,0.342234332
547,Alex Okafor,87,-0.139011828,2,2,2,0,6,0,0,0,78,4,0,0,0,0,0,2,0,4,20,3,32,5,21,0,87,0,1,0,0,0,1,0,0,0,0,L,0.281967985,0.329200359,0.305584172,0.087249545,0.085904255,,-1.05E-15,0.008547009,0.329200359,0.305584172
558,Markus Golden,456,-0.003649498,18,19,4,0,34,1,0,0,370,81,0,0,0,0,3,2,2,16,12,36,166,5,214,0,0,456,0,0,1,0,0,0,1,0,0,L,0.278208556,0.095669291,0.186938924,0.373905273,0.170516185,,-1.05E-15,-7.49E-16,0.373905273,0.278208556
588,Mike Daniels,126,0.006870056,4,3,1,0,6,0,0,0,88,25,13,8,2,5,59,6,16,9,1,6,1,0,0,126,0,0,0,1,0,0,0,0,0,0,1,L,0.182003546,0.066936208,0.124469877,2.78E-16,-2.22E-16,,0.150564972,0.230493482,0.230493482,0.182003546
597,Clay Matthews,350,-0.043921391,9,9,2,0,21,2,0,0,250,90,0,0,0,0,0,0,0,0,0,1,0,10,339,0,0,350,0,0,1,0,0,0,1,0,0,L,0.006703911,0.004086538,0.005395225,0.342655367,0.604933333,,-1.05E-15,-8.05E-16,0.604933333,0.342655367
696,Ezekiel Ansah,166,0.065599265,3,4,1,1,9,2,0,1,52,110,0,0,0,0,1,3,5,11,7,33,73,4,29,0,166,0,1,0,0,1,0,0,0,0,0,R,0.377363897,0.267497692,0.322430794,0.057579909,0.144344473,,-1.05E-15,0.001237624,0.377363897,0.322430794
709,DeMarcus Lawrence,348,-0.056315963,20,11,1,1,27,1,0,0,324,21,0,0,0,0,5,5,11,2,115,26,168,3,13,0,348,0,1,0,0,0,1,0,0,0,0,L,0.473500882,0.325696316,0.399598599,0.013926941,0.073013566,,0.002824859,0.012737127,0.473500882,0.399598599
714,Tahir Whitehead,31,0.058586419,3,0,0,0,0,0,0,0,22,9,0,0,0,0,0,0,0,0,0,0,0,0,31,0,0,31,0,0,1,0,0,0,1,0,0,L,0.009803922,0.004010695,0.006907308,0.021950048,0.315764554,,9.58E-04,0.005602241,0.315764554,0.021950048
719,Kyle Van Noy,375,-0.051797552,20,11,2,0,22,1,0,1,265,42,0,0,0,0,0,0,0,0,0,0,0,68,307,0,0,375,0,0,1,0,0,0,1,0,0,L,0.028865058,0.056786942,0.042826,0.547298535,0.481255646,,-1.05E-15,-8.88E-16,0.547298535,0.481255646
740,K.J. Wright,35,0.067576286,1,1,0,0,0,1,0,0,24,11,0,0,0,0,0,0,0,0,0,0,0,0,35,0,0,35,0,0,1,0,0,0,1,0,0,L,0.01971831,0.033706816,0.026712563,0.039804469,0.183926876,,0.002702703,-1.03E-15,0.183926876,0.039804469
748,Bruce Irvin,390,0.151061772,11,13,5,0,24,0,0,1,324,61,0,0,0,0,12,1,0,9,52,20,69,5,222,0,0,390,0,0,1,0,0,0,1,0,0,L,0.274933687,0.057789855,0.166361771,0.385921053,0.382112676,,-1.05E-15,0.029278075,0.385921053,0.382112676
753,Michael Bennett,396,-0.065792364,20,6,4,0,26,0,0,0,331,62,2,6,6,7,24,40,43,47,38,17,151,1,14,0,396,0,1,0,0,0,1,0,0,0,0,L,0.445586975,0.710789715,0.578188345,0.046753247,6.72E-04,,0.055411877,0.054891304,0.710789715,0.578188345
755,Frank Clark,265,-0.197557962,8,7,4,0,19,1,0,1,88,170,0,2,0,0,1,2,0,4,11,4,113,7,121,0,265,0,1,0,0,1,0,0,0,0,0,R,0.269489247,0.091788144,0.180638696,0.29175485,0.27800789,,0.004675325,0.016032609,0.29175485,0.27800789
759,Vic Beasley Jr,339,-0.093911402,16,6,6,1,18,1,0,2,182,140,0,0,0,0,0,1,1,7,7,36,131,17,139,0,0,339,0,0,1,0,0,0,1,0,0,L,0.392609127,0.033024691,0.212816909,0.460781671,0.236647454,,-1.05E-15,-8.60E-16,0.460781671,0.392609127
763,Brandon Mebane,206,-0.031401209,5,3,0,0,3,0,0,0,86,115,5,190,1,4,6,0,0,0,0,0,0,0,0,206,0,0,0,1,0,0,0,0,0,1,0,R,0.00359116,-8.60E-16,0.00179558,0.005555556,7.62E-04,,0.796025294,0.253141361,0.796025294,0.253141361
767,Adrian Clayborn,241,-0.095962697,4,2,3,0,21,0,0,0,1,234,0,0,0,0,21,13,17,3,5,10,141,6,25,0,241,0,1,0,0,1,0,0,0,0,0,R,0.385238095,0.305601852,0.345419974,0.127574906,0.059171076,,0.006598985,0.082770563,0.385238095,0.345419974
771,Cassius Marsh,253,-0.043898482,11,10,1,1,13,0,0,0,132,95,0,0,0,0,3,0,1,0,0,0,6,26,217,0,0,253,0,0,1,0,0,0,1,0,0,L,0.099227975,0.012116992,0.055672483,0.328767123,0.504857398,,0.002762431,0.005649718,0.504857398,0.328767123
794,DaQuan Jones,355,0.021807865,10,12,0,0,7,2,0,0,171,143,33,180,26,33,65,3,7,0,0,0,0,8,0,355,0,0,0,1,0,0,0,0,0,0,1,L,0.048525469,0.00137741,0.02495144,0.001333333,0.020632799,,0.54618928,0.447904762,0.54618928,0.447904762
805,Jurrell Casey,273,-0.013721667,9,9,3,0,12,0,0,0,115,104,10,4,7,17,47,12,29,12,7,4,22,44,58,273,0,0,0,1,0,0,0,0,0,0,1,L,0.239350649,0.167807018,0.203578833,0.217276995,0.1101983,,0.036189139,0.051236264,0.239350649,0.217276995
810,Gerald McCoy,342,0.163691088,8,14,2,1,19,1,0,0,112,219,11,67,2,5,198,2,23,24,0,8,2,0,0,342,0,0,0,1,0,0,0,0,0,1,0,R,0.133605072,0.095442359,0.114523716,0.010650888,0.003229974,,0.179213483,0.620812395,0.620812395,0.179213483
825,Lavonte David,65,-0.245118831,3,0,0,0,4,2,0,0,9,56,0,0,0,0,0,0,0,0,0,0,0,0,65,0,0,65,0,0,1,0,0,1,0,0,0,R,0.012203229,0.002832861,0.007518045,0.522038917,0.283238367,,-1.05E-15,0.005208333,0.522038917,0.283238367
836,Bradley McDougald,37,0.272308541,1,1,0,0,0,0,0,0,21,16,0,0,0,0,0,0,0,0,0,0,0,0,37,0,0,0,0,0,0,0,0,0,0,0,0,L,0.015285451,0.082635009,0.04896023,0.044031221,0.466985207,,-1.05E-15,0.002532928,0.466985207,0.082635009
839,Linval Joseph,199,-0.089913618,8,9,0,0,4,0,0,0,68,113,18,129,17,24,10,1,0,0,0,0,0,0,0,199,0,0,0,1,0,0,0,0,0,1,0,R,0.018909411,0.002645503,0.010777457,0.005194805,0.005263158,,0.705869176,0.340944882,0.705869176,0.340944882
842,Everson Griffen,374,-0.052201757,11,8,3,1,28,0,0,0,0,374,0,0,0,0,0,32,3,21,60,111,120,0,27,0,374,0,1,0,0,1,0,0,0,0,0,R,0.408646953,0.538069705,0.473358329,0.067486339,0.0409935,,0.004811899,0.030972616,0.538069705,0.473358329
843,Danielle Hunter,415,-0.014908313,17,9,6,0,35,0,0,2,390,25,0,0,0,0,1,30,13,30,120,91,112,0,18,0,415,0,1,0,0,0,1,0,0,0,0,L,0.568981481,0.367744834,0.468363158,0.048302055,0.04938918,,0.002666667,0.031044905,0.568981481,0.468363158
845,Al Woods,178,-0.098525287,7,6,1,0,7,0,0,0,93,81,1,71,8,8,86,0,1,0,0,0,0,3,0,178,0,0,0,1,0,0,0,0,0,0,1,L,0.010249554,-1.05E-15,0.005124777,3.75E-16,-2.22E-16,,0.468066492,0.52156048,0.52156048,0.468066492
848,Anthony Barr,58,0.0397805,2,3,0,0,1,0,0,0,29,29,0,0,0,0,0,0,0,0,0,0,0,0,58,0,0,58,0,0,1,0,0,0,0,0,0,L,2.91E-04,-1.05E-15,0.000145433,0.626128722,0.220691164,,-9.99E-16,-1.11E-15,0.626128722,0.220691164
856,Harrison Smith,41,-0.023235732,3,2,0,0,3,1,0,0,17,24,0,0,0,0,0,0,0,0,0,0,0,0,41,0,0,0,0,0,0,0,0,0,0,0,0,R,1.28E-15,0.008613264,0.004306632,0.048870822,0.224451265,,-1.05E-15,0.001515152,0.224451265,0.048870822
890,Akiem Hicks,35,-0.3415606,4,0,0,0,3,0,0,0,33,1,1,1,3,0,14,8,5,0,0,0,0,0,3,35,0,0,0,1,0,0,0,0,0,0,1,L,0.28963964,0.031960227,0.160799933,0.035211268,0.072452425,,0.160854947,0.197619048,0.28963964,0.197619048
907,John Jenkins,252,-0.006040385,9,12,0,0,4,0,0,0,109,90,51,46,26,18,94,3,9,1,1,1,0,2,0,252,0,0,0,1,0,0,0,0,0,0,1,L,0.007588076,0.038571429,0.023079752,0.002631579,-2.22E-16,,0.341442652,0.728082192,0.728082192,0.341442652
933,Carlos Dunlap,407,0.018903064,27,16,7,2,34,5,0,2,268,137,0,0,0,0,6,0,3,100,32,52,95,2,117,0,407,0,1,0,0,0,1,0,0,0,0,L,0.4109319,0.453163993,0.432047946,0.158659704,0.392189055,,-1.05E-15,0.059221902,0.453163993,0.432047946
934,Domata Peko,132,-0.212521023,7,7,0,0,3,0,0,0,46,55,30,44,6,16,31,0,4,0,0,0,0,1,0,132,0,0,0,1,0,0,0,0,0,1,0,R,5.42E-04,-8.60E-16,0.000271003,3.33E-16,-4.72E-16,,0.42173516,0.587899543,0.587899543,0.42173516
935,Geno Atkins,394,0.061083165,7,13,1,1,15,0,0,0,135,232,20,13,7,23,309,5,5,5,0,0,0,7,0,394,0,0,0,1,0,0,0,0,0,1,0,R,0.09761236,0.005900901,0.05175663,0.015588235,0.006068602,,0.384502165,0.58337766,0.58337766,0.384502165
995,Aaron Donald,415,-0.037729183,11,12,6,3,38,1,0,0,199,212,1,5,4,2,300,26,25,31,1,5,10,3,2,415,0,0,0,1,0,0,0,0,0,1,0,R,0.258725762,0.285354897,0.272040329,0.036309524,0.004234973,,0.178800366,0.358713137,0.358713137,0.285354897
997,Michael Brockers,341,-0.030413933,17,12,1,1,9,1,0,0,173,162,6,41,15,1,47,138,23,30,31,7,2,0,0,341,0,0,0,1,0,0,0,0,0,0,1,L,0.295458937,0.411994949,0.353726943,0.002680067,0.007731959,,0.16263644,0.242481884,0.411994949,0.353726943
998,Robert Quinn,400,-0.065161773,16,6,5,0,34,0,0,2,0,400,0,0,0,0,2,10,9,5,99,27,242,0,6,0,400,0,1,0,0,1,0,0,0,0,0,R,0.249602122,0.540857143,0.395229632,0.022190202,0.043964717,,-1.05E-15,0.008760684,0.540857143,0.395229632
1011,Trent Murphy,343,-0.119649455,15,10,5,0,23,0,0,2,339,1,0,0,0,0,4,10,5,44,60,59,75,3,83,0,0,343,0,0,1,0,0,0,1,0,0,L,0.379742908,0.238751148,0.309247028,0.082828283,0.124226348,,-1.05E-15,0.042164855,0.379742908,0.309247028
1016,Ryan Kerrigan,179,0.066455631,5,5,3,1,10,0,0,1,132,42,0,0,0,0,1,0,0,5,4,13,54,5,97,0,0,179,0,0,1,0,0,0,1,0,0,L,0.196808511,0.281098696,0.238953604,0.300529101,0.198387097,,-1.05E-15,0.007428041,0.300529101,0.281098696
1027,Mark Barron,47,-0.900508936,3,2,0,0,0,1,0,0,21,26,0,0,0,0,0,0,0,0,0,0,0,0,47,0,0,47,0,0,1,0,0,1,0,0,0,R,0.01,0.006565657,0.008282828,0.031117267,0.601419776,,0.00413403,0.024504249,0.601419776,0.031117267
1031,Rodney McLeod,33,-0.208715758,1,2,0,0,3,0,0,1,18,15,0,0,0,0,0,0,0,0,0,0,0,0,33,0,0,0,0,0,0,0,0,0,0,0,0,L,0.055926916,0.014773777,0.035350346,0.039732965,0.467099567,,-1.05E-15,0.00137741,0.467099567,0.055926916
1047,Vinny Curry,203,-0.135382429,10,5,4,0,20,0,0,0,97,106,0,5,3,7,23,6,14,15,10,32,87,0,1,0,203,0,1,0,0,1,0,0,0,0,0,R,0.389796861,0.440277778,0.415037319,0.015405405,0.008426966,,0.05431426,0.073881279,0.440277778,0.415037319
1048,Fletcher Cox,384,-0.12842188,10,7,0,2,13,0,0,1,321,35,27,33,37,57,153,8,58,2,0,0,8,1,0,384,0,0,0,1,0,0,0,0,0,0,1,L,0.048786181,0.086939314,0.067862748,0.016574586,0.004177898,,0.437609329,0.566195857,0.566195857,0.437609329
1050,Brandon Graham,355,-0.169409315,12,8,3,1,22,0,0,0,281,72,0,2,2,8,17,42,29,21,31,31,159,2,11,0,355,0,1,0,0,0,1,0,0,0,0,L,0.511577965,0.696070812,0.603824388,0.037861811,0.018808194,,0.019632768,0.049594595,0.696070812,0.603824388
1053,Mychal Kendricks,174,-0.100006241,9,9,1,0,3,0,0,1,72,53,0,0,0,0,0,0,0,0,0,0,0,49,125,0,0,174,0,0,1,0,0,0,1,0,0,L,0.021415525,8.70E-04,0.011142924,0.481120527,0.465507246,,-1.05E-15,-6.94E-16,0.481120527,0.465507246
1056,Beau Allen,74,-0.177247757,1,4,0,1,4,0,0,0,10,45,19,17,4,12,17,0,5,0,0,0,0,0,0,74,0,0,0,1,0,0,0,0,0,1,0,R,0.072922374,0.03677686,0.054849617,6.94E-17,0.002777778,,0.592938596,0.318954248,0.592938596,0.318954248
1060,Malcolm Jenkins,51,-0.011378941,5,0,0,0,1,1,0,1,32,19,0,0,0,0,0,0,0,0,0,0,0,0,51,0,0,0,0,0,0,0,0,0,0,0,0,L,0.029908676,6.30E-04,0.015269199,0.164838557,0.254718275,,-1.05E-15,0.002739726,0.254718275,0.164838557
1066,Barkevious Mingo,69,-0.142522246,0,1,0,0,6,0,0,0,28,31,0,0,0,0,0,0,0,0,0,1,0,10,58,0,0,69,0,0,1,0,0,1,0,0,0,R,0.059569597,0.063064236,0.061316917,0.304504316,0.621256614,,0.005925926,0.008356546,0.621256614,0.304504316
1101,Johnathan Hankins,327,0.013431945,7,18,0,1,7,0,0,0,145,173,9,196,39,54,28,0,1,0,0,0,0,0,0,327,0,0,0,1,0,0,0,0,0,1,0,R,0.01056701,-1.05E-15,0.005283505,2.91E-16,-2.22E-16,,0.429391602,0.623607648,0.623607648,0.429391602
1106,Devon Kennard,432,0.044648609,18,9,4,0,25,0,0,1,357,46,0,0,0,0,4,0,7,1,0,1,66,29,324,0,0,432,0,0,1,0,0,0,1,0,0,L,0.101914099,0.042260334,0.072087217,0.248087432,0.629852045,,0.002234637,0.011458333,0.629852045,0.248087432
1112,Landon Collins,28,-0.284230714,1,0,0,0,1,0,0,0,18,10,0,0,0,0,0,0,0,0,0,0,0,0,28,0,0,0,0,0,0,0,0,0,0,0,0,L,1.22E-15,0.008865248,0.004432624,0.026136364,0.30491573,,-1.05E-15,0.001912568,0.30491573,0.026136364
1142,Damontre Moore,51,-0.321521137,1,3,0,0,5,0,0,1,19,32,0,0,0,0,0,0,1,2,14,2,28,0,4,0,51,0,1,0,0,1,0,0,0,0,0,R,0.279380952,0.58962766,0.434504306,0.101164875,0.055896007,,0.005181347,0.038428325,0.58962766,0.434504306
1164,Cameron Jordan,395,-0.123500871,17,7,7,1,41,4,0,0,318,73,0,1,2,0,6,5,12,58,13,37,29,4,228,0,395,0,1,0,0,0,1,0,0,0,0,L,0.36468599,0.205736224,0.285211107,0.279677981,0.218733154,,0.023572744,0.072486772,0.36468599,0.285211107
1167,Kenny Vaccaro,40,0.083719925,2,1,0,0,2,0,0,0,20,20,0,0,0,0,0,0,0,0,0,0,0,0,40,0,0,0,0,0,0,0,0,0,0,0,0,L,0.018986254,-1.05E-15,0.009493127,0.002351097,0.215270588,,-1.05E-15,-1.08E-15,0.215270588,0.018986254
1177,Tyeler Davison,223,0.017327072,6,10,0,0,3,0,0,0,82,102,39,117,1,46,16,0,4,0,0,0,0,0,0,223,0,0,0,1,0,0,0,0,0,1,0,R,0.008751099,-1.05E-15,0.00437555,3.05E-16,-2.22E-16,,0.67884097,0.36452514,0.67884097,0.36452514
1184,Justin Houston,329,-0.044954863,13,9,6,0,24,1,0,2,5,323,0,0,0,0,3,1,0,2,23,17,274,1,8,0,329,0,1,0,0,1,0,0,0,0,0,R,0.330046296,0.31519337,0.322619833,0.085947712,0.085267857,,0.002538071,0.011778399,0.330046296,0.322619833
1190,Allen Bailey,158,-0.052762563,4,4,1,0,8,0,0,0,64,90,4,13,2,23,42,6,18,21,1,24,3,0,1,0,158,0,1,0,0,1,0,0,0,0,0,R,0.271651561,0.236746454,0.254199007,1.25E-16,-4.72E-16,,0.137780773,0.276062323,0.276062323,0.271651561
1219,Denico Autry,276,-0.024455283,4,12,0,2,14,2,0,0,130,141,2,14,1,24,72,60,94,5,1,0,0,3,0,0,276,0,1,0,0,1,0,0,0,0,0,R,0.201684882,0.498678602,0.350181742,0.002832861,8.57E-04,,0.320380687,0.359022222,0.498678602,0.359022222
1233,Tavon Wilson,31,-0.08565671,1,0,1,0,1,0,0,0,21,10,0,0,0,0,0,0,0,0,0,0,0,0,31,0,0,0,0,0,0,0,0,0,0,0,0,L,0.057606838,0.004775281,0.031191059,0.0180067,0.394846971,,-1.05E-15,-8.88E-16,0.394846971,0.057606838
1235,Zach Kerr,241,-0.057920037,8,8,0,0,11,0,0,0,179,49,13,18,2,22,75,6,62,24,0,18,1,0,0,241,0,0,0,1,0,0,0,0,0,0,1,L,0.230692168,0.04141286,0.136052514,0.005714286,-4.72E-16,,0.293387681,0.195606495,0.293387681,0.230692168
1245,Sheldon Richardson,408,-0.007870382,18,14,2,0,19,3,0,2,247,153,5,20,14,13,235,8,31,11,28,10,18,3,12,408,0,0,0,1,0,0,0,0,0,0,1,L,0.224444444,0.214259764,0.219352104,0.014770723,0.002881844,,0.120596206,0.322208437,0.322208437,0.224444444
1265,John Simon,243,-0.105927753,12,6,1,0,10,0,0,0,45,128,0,0,0,0,0,0,0,0,0,0,0,70,173,0,0,243,0,0,1,0,0,1,0,0,0,R,0.027807487,0.04620133,0.037004408,0.420728291,0.630216802,,-1.05E-15,6.65E-04,0.630216802,0.420728291
1287,Shamar Stephen,262,-0.130183989,3,5,0,0,2,2,0,1,161,101,0,6,27,10,203,7,9,0,0,0,0,0,0,262,0,0,0,1,0,0,0,0,0,0,1,L,0.174230072,0.006613757,0.090421915,0.001424501,0.006285714,,0.426496872,0.427881206,0.427881206,0.426496872
1340,Jordan Poyer,30,-0.068164033,1,2,0,0,0,0,0,0,20,10,0,0,0,0,0,0,0,0,0,0,0,0,30,0,0,0,0,0,0,0,0,0,0,0,0,L,0.009887006,0.00890411,0.009395558,0.004347826,0.429929035,,0.002251082,-1.17E-15,0.429929035,0.009887006
1410,Dion Jordan,156,-0.022741904,4,2,2,0,13,1,0,0,40,103,0,0,4,1,11,28,27,21,23,11,7,13,10,0,156,0,1,0,0,1,0,0,0,0,0,R,0.308125577,0.64640884,0.477267208,0.113404826,0.037652582,,0.022944896,0.071264368,0.64640884,0.477267208
1481,Wes Horton,112,-0.025597125,2,2,0,0,4,0,0,0,77,35,0,2,0,2,61,0,4,26,7,7,3,0,0,0,112,0,1,0,0,0,1,0,0,0,0,L,0.505331412,0.270037453,0.387684433,0.004021448,0.006614447,,0.069990366,0.164664804,0.505331412,0.387684433
1482,Mario Addison,348,0.158174897,8,10,2,2,17,0,0,1,65,260,0,1,0,0,5,0,3,27,41,70,57,23,121,0,348,0,1,0,0,1,0,0,0,0,0,R,0.284991274,0.132374429,0.208682852,0.309470752,0.368648649,,-1.05E-15,0.018866328,0.368648649,0.309470752
1714,Jeff Heath,27,-0.096936444,0,0,0,0,2,0,0,0,12,15,0,0,0,0,0,0,0,0,0,0,0,0,27,0,0,0,0,0,0,0,0,0,0,0,0,R,0.034953704,0.110714286,0.072833995,0.012467192,0.103253754,,0.007294552,0.002680965,0.110714286,0.103253754
2091,Jabaal Sheard,374,-0.045801414,8,4,3,0,25,2,0,0,369,5,0,3,5,5,4,25,17,6,79,21,201,0,8,0,374,0,1,0,0,0,1,0,0,0,0,L,0.566805556,0.664526412,0.615665984,0.01771978,0.004032258,,0.015552461,0.035128913,0.664526412,0.615665984
2186,William Gholston,221,-0.098566937,16,4,0,0,8,1,0,0,93,119,8,11,1,11,83,20,30,36,10,9,1,1,0,0,221,0,1,0,0,1,0,0,0,0,0,R,0.167660985,0.525619835,0.34664041,0.010217984,-2.22E-16,,0.093910256,0.228551913,0.525619835,0.34664041
2188,Akeem Spence,145,0.129553152,6,1,0,0,3,0,0,0,71,72,2,45,4,24,63,2,4,1,0,0,0,0,0,145,0,0,0,1,0,0,0,0,0,1,0,R,0.033027122,0.026638577,0.029832849,1.80E-16,0.002777778,,0.373295985,0.499776586,0.499776586,0.373295985
2243,Jack Crawford,196,-0.029162791,3,7,0,1,10,3,0,0,130,64,2,7,3,24,63,34,43,15,0,1,4,0,0,0,196,0,1,0,0,0,1,0,0,0,0,L,0.336723164,0.28457265,0.310647907,0.011871508,-2.22E-16,,0.305108225,0.103880597,0.336723164,0.310647907
2365,Jason Pierre-Paul,495,-0.13880781,20,3,7,1,37,3,0,2,181,298,0,1,1,0,28,3,7,14,32,74,136,16,183,0,495,0,1,0,0,1,0,0,0,0,0,R,0.367671233,0.249148746,0.308409989,0.265277778,0.279327808,,0.016756032,0.120526316,0.367671233,0.308409989
2450,Chris Smith,50,-0.03460754,0,1,0,0,3,0,0,0,25,23,1,0,1,0,11,2,4,3,6,4,13,1,4,0,50,0,1,0,0,0,1,0,0,0,0,L,0.51522158,0.509044715,0.512133148,0.026313406,0.008661049,,0.020424403,0.063988095,0.51522158,0.512133148
2562,Mike Purcell,277,0.016269596,11,20,0,0,8,0,0,0,162,57,58,73,35,33,76,0,2,0,0,0,0,0,0,277,0,0,0,1,0,0,0,0,0,0,1,L,0.002717391,0.007056639,0.004887015,1.11E-16,-2.22E-16,,0.395822891,0.668817204,0.668817204,0.395822891
2606,Brandon Dunn,224,0.063598205,7,10,1,0,7,0,0,0,121,89,14,102,9,38,32,4,24,1,0,0,0,0,0,224,0,0,0,1,0,0,0,0,0,0,1,L,0.021741155,0.00127551,0.011508332,0.002666667,-2.22E-16,,0.583906399,0.443383085,0.583906399,0.443383085
2636,Margus Hunt,260,-0.031328069,9,4,0,0,3,0,0,0,157,102,1,4,9,48,175,1,22,0,0,0,0,0,0,260,0,0,0,1,0,0,0,0,0,0,1,L,0.101201201,0.006994819,0.05409801,0.002754821,-2.22E-16,,0.441323024,0.42375,0.441323024,0.42375
2652,Shaquil Barrett,448,-0.10023983,24,7,9,1,55,0,0,2,261,182,0,0,0,0,0,1,0,0,0,0,1,5,441,0,0,448,0,0,1,0,0,0,1,0,0,L,0.097407407,0.180165289,0.138786348,0.648822976,0.32456382,,0.00117801,0.010080645,0.648822976,0.32456382
2666,Nate Orchard,110,0.070961618,9,5,1,0,5,1,0,0,22,86,0,0,0,0,0,0,3,2,1,37,27,2,38,0,110,0,1,0,0,1,0,0,0,0,0,R,0.34739726,0.271083789,0.309240524,0.178752182,0.41344697,,-1.05E-15,0.006306306,0.41344697,0.34739726
2701,Rodney Gunter,207,0.031478981,9,3,2,1,14,0,0,0,70,137,0,6,2,9,109,8,47,22,0,4,0,0,0,207,0,0,0,1,0,0,0,0,0,1,0,R,0.152645503,0.084402852,0.118524177,3.75E-16,-2.22E-16,,0.26810585,0.334765998,0.334765998,0.26810585
2702,Kareem Martin,39,0.016381949,2,2,0,0,3,0,0,0,28,11,0,0,0,0,0,0,0,9,1,6,13,0,10,0,39,0,1,0,0,0,1,0,0,0,0,L,0.229568411,0.346801802,0.288185107,0.118622222,0.009736842,,-1.05E-15,0.02266289,0.346801802,0.288185107
2703,Josh Mauro,82,0.115722183,3,7,0,0,3,0,0,0,81,1,0,0,0,0,1,7,2,10,31,21,4,0,6,0,82,0,1,0,0,0,1,0,0,0,0,L,0.574952919,0.251015228,0.412984074,0.025322997,0.058963964,,-1.05E-15,0.081367041,0.574952919,0.412984074
2722,Dan McCullers,64,-0.144628266,2,4,0,0,0,0,0,0,23,11,30,28,0,4,2,0,0,0,0,0,0,0,0,64,0,0,0,1,0,0,0,0,0,0,1,L,0.017012987,0.004,0.010506494,0.014344262,0.004561879,,0.821978942,0.181838768,0.821978942,0.181838768
2739,Trey Flowers,362,0.134443077,18,8,4,0,38,0,0,0,31,321,9,2,1,2,61,1,37,52,12,19,147,1,18,0,362,0,1,0,0,1,0,0,0,0,0,R,0.29198895,0.371825397,0.331907174,0.203633061,0.015962441,,0.065451895,0.08238342,0.371825397,0.331907174
2743,Malcom Brown,220,-0.083879059,7,8,0,0,4,1,0,0,102,86,31,93,4,52,39,0,0,0,0,0,0,1,0,220,0,0,0,1,0,0,0,0,0,0,1,L,0.010907504,0.002695418,0.006801461,0.010840108,-4.72E-16,,0.636478873,0.386095506,0.636478873,0.386095506
2750,Dee Ford,68,0.073821456,5,0,2,0,5,0,0,0,53,9,0,0,0,0,0,0,0,0,6,17,22,6,17,0,68,0,1,0,0,0,1,0,0,0,0,L,0.347344322,0.380400372,0.363872347,0.18782235,0.119763206,,-1.05E-15,0.018309859,0.380400372,0.363872347
2758,Dontari Poe,123,0.075579341,4,2,2,0,4,0,0,0,49,64,10,88,0,5,8,3,9,0,0,0,0,0,0,123,0,0,0,1,0,0,0,0,0,1,0,R,0.067834681,0.005141388,0.036488035,0.007760814,-2.22E-16,,0.593971631,0.339934457,0.593971631,0.339934457
2762,Nick Williams,291,-0.105876045,9,13,2,0,8,0,0,0,196,43,50,50,44,36,83,9,8,5,0,1,0,2,3,291,0,0,0,1,0,0,0,0,0,0,1,L,0.028434066,0.005479452,0.016956759,2.22E-16,-4.72E-16,,0.301413134,0.602868852,0.602868852,0.301413134
2763,Rakeem Nunez-Roches,146,-0.093966027,1,3,0,0,3,0,0,0,50,78,18,24,3,13,59,13,9,4,0,2,1,0,0,146,0,0,0,1,0,0,0,0,0,1,0,R,0.099317988,0.035990991,0.06765449,3.05E-16,-2.22E-16,,0.283423913,0.417107584,0.417107584,0.283423913
2765,Grady Jarrett,357,-0.052180258,14,10,4,1,28,0,0,0,173,163,21,37,4,23,214,14,42,0,0,0,2,0,0,357,0,0,0,1,0,0,0,0,0,0,1,L,0.031226054,0.026926782,0.029076418,0.00795756,0.002710027,,0.483984375,0.561738351,0.561738351,0.483984375
2786,Henry Anderson,287,-0.056576404,13,7,1,0,16,0,0,0,262,25,0,3,8,10,39,29,63,13,10,11,74,0,27,0,287,0,1,0,0,0,1,0,0,0,0,L,0.342984694,0.578197674,0.460591184,0.072077922,0.002617801,,0.044953704,0.081139122,0.578197674,0.460591184
2796,Kyle Love,212,0.070018519,3,2,0,0,4,1,0,0,52,150,10,117,0,2,63,1,14,1,0,3,1,0,0,212,0,0,0,1,0,0,0,0,0,1,0,R,0.054640152,0.032681564,0.043660858,0.007317073,-2.22E-16,,0.368787879,0.611759505,0.611759505,0.368787879
2802,Brandon Copeland,74,-0.196934108,4,4,0,1,5,0,0,0,64,10,0,0,0,0,0,0,0,0,0,0,1,0,73,0,0,74,0,0,1,0,0,0,1,0,0,L,1.22E-15,0.052636535,0.026318267,0.646740129,0.466801438,,-1.05E-15,-1.14E-15,0.646740129,0.466801438
2816,Caraun Reid,124,-0.016685202,1,3,0,0,5,0,0,0,46,71,7,1,0,2,65,6,28,11,0,4,0,0,0,124,0,0,0,1,0,0,0,0,0,1,0,R,0.203977273,0.099745547,0.15186141,0.016758494,0.00591716,,0.116008772,0.334183673,0.334183673,0.203977273
2876,Abry Jones,263,0.160249464,7,6,0,1,5,0,0,0,127,124,11,147,4,71,23,1,5,0,0,0,0,1,0,263,0,0,0,1,0,0,0,0,0,0,1,L,0.012790698,0.011275831,0.012033264,0.001745201,0.005141388,,0.636298293,0.29558011,0.636298293,0.29558011
2879,Tyson Alualu,251,-0.314749984,8,19,0,0,6,1,0,1,169,78,1,26,5,25,86,53,29,15,2,5,0,3,1,0,251,0,1,0,0,0,1,0,0,0,0,L,0.246410256,0.41071753,0.328563893,0.015748031,0.011373578,,0.420900901,0.164042357,0.420900901,0.41071753
2900,Jordan Phillips,319,-0.095012809,10,7,4,1,12,0,0,0,180,136,3,32,0,14,198,22,44,5,1,0,0,0,0,319,0,0,0,1,0,0,0,0,0,0,1,L,0.026032661,0.076151762,0.051092211,5.55E-17,0.012787724,,0.518617021,0.433289358,0.518617021,0.433289358
2910,Stacy McGee,90,0.062442167,0,3,0,1,2,0,0,0,48,34,7,60,0,1,21,0,0,0,0,0,0,1,0,90,0,0,0,1,0,0,0,0,0,0,1,L,0.020916905,0.06048738,0.040702143,0.021296296,0.018153153,,0.459127954,0.488352273,0.488352273,0.459127954
2911,Benson Mayowa,147,-0.028512531,1,3,0,1,13,0,0,0,145,1,0,0,0,0,1,0,2,17,15,7,103,1,1,0,147,0,1,0,0,0,1,0,0,0,0,L,0.514884135,0.472442681,0.493663408,0.03856383,0.009763851,,0.003602305,0.038003933,0.514884135,0.493663408
2937,Christian Covington,225,-0.057147711,12,6,1,0,7,0,0,0,95,127,1,15,17,145,22,1,22,0,0,0,0,2,0,0,225,0,1,0,0,1,0,0,0,0,0,R,0.011080332,0.050884544,0.030982438,0.010666667,0.006830601,,0.540780142,0.37996357,0.540780142,0.37996357
2971,Angelo Blackson,189,0.038254804,2,8,0,0,3,0,0,0,92,96,1,9,8,21,83,3,45,6,5,2,6,0,0,0,189,0,1,0,0,1,0,0,0,0,0,R,0.167649687,0.248853616,0.208251651,0.002873563,-2.22E-16,,0.227710843,0.427163904,0.427163904,0.248853616
2975,Jordan Hicks,29,0.346344793,0,0,0,0,1,0,0,0,17,12,0,0,0,0,0,0,0,0,0,0,0,0,29,0,0,29,0,0,1,0,0,0,1,0,0,L,0.016621377,0.117524842,0.067073109,0.014659197,0.238594907,,0.009433962,0.006770833,0.238594907,0.117524842
2985,Mike Pennel,121,0.047275132,10,10,1,0,6,0,0,0,61,56,4,57,1,12,43,0,4,0,0,0,0,0,0,121,0,0,0,1,0,0,0,0,0,0,1,L,0.012742616,-1.05E-15,0.006371308,2.36E-16,-2.22E-16,,0.591941392,0.364190981,0.591941392,0.364190981
3000,Lawrence Guy,289,-0.023211948,14,20,2,0,10,0,0,0,192,85,11,17,6,8,105,28,13,98,1,0,1,1,0,0,289,0,1,0,0,0,1,0,0,0,0,L,0.108044444,0.400439754,0.254242099,0.00698324,-4.72E-16,,0.41114106,0.263857143,0.41114106,0.400439754
3002,Carl Davis,35,-0.362616143,1,0,0,0,0,0,0,0,15,19,1,19,3,9,3,0,0,0,0,0,0,0,0,35,0,0,0,1,0,0,0,0,0,1,0,R,0.108841733,0.015889465,0.062365599,0.010267431,0.039795918,,0.445125348,0.346693122,0.445125348,0.346693122
3007,Preston Smith,394,-0.102678675,15,12,4,2,21,1,0,0,241,143,0,0,0,0,1,0,0,3,1,6,9,10,364,0,0,394,0,0,1,0,0,0,1,0,0,L,0.031339031,0.091207349,0.06127319,0.43177526,0.518738739,,-1.05E-15,-9.71E-16,0.518738739,0.43177526
3009,Za'Darius Smith,418,-0.086729663,19,11,4,3,47,0,0,1,138,220,0,0,0,0,10,11,12,10,9,12,43,60,251,0,0,418,0,0,1,0,0,1,0,0,0,R,0.163278388,0.234733158,0.199005773,0.303361345,0.4246878,,0.013608156,0.020410959,0.4246878,0.303361345
3026,Brent Urban,176,-0.0708535,10,7,0,0,4,3,0,0,97,78,1,1,7,19,56,43,19,25,4,0,1,0,0,0,176,0,1,0,0,0,1,0,0,0,0,L,0.264095745,0.622521368,0.443308556,0.011750936,0.002840909,,0.161280746,0.093478261,0.622521368,0.443308556
3053,Dante Fowler Jr.,378,-0.030491492,17,8,4,2,23,4,0,1,160,217,0,0,0,0,0,0,0,0,0,22,83,1,272,0,0,378,0,0,1,0,0,1,0,0,0,R,0.229066667,0.158828596,0.193947631,0.300222816,0.436598813,,0.005449591,0.002710027,0.436598813,0.300222816
3129,Damion Square,162,-0.028653617,6,10,0,0,2,0,0,0,81,79,2,93,0,12,50,2,2,1,0,0,0,0,0,162,0,0,0,1,0,0,0,0,0,0,1,L,0.007458564,0.002680965,0.005069764,0.002747253,0.011010363,,0.523436041,0.45716895,0.523436041,0.45716895
3131,Whitney Mercilus,417,0.109746871,15,4,2,0,22,1,1,0,60,350,0,0,0,0,0,0,0,0,0,0,2,7,408,0,0,417,0,0,1,0,0,1,0,0,0,R,0.059490741,0.098459384,0.078975062,0.296703297,0.494369973,,0.00210084,0.002666667,0.494369973,0.296703297
3168,Joe Thomas,36,-0.050290139,1,3,0,0,1,0,0,0,18,18,0,0,0,0,0,0,0,0,0,0,0,0,36,0,0,36,0,0,1,0,0,0,0,0,0,L,0.018473351,-8.60E-16,0.009236676,0.004907162,0.460205535,,-1.05E-15,-1.14E-15,0.460205535,0.018473351
3214,Kerry Hyder,197,-0.128186269,4,4,1,0,10,0,0,0,118,78,0,1,0,3,79,2,66,7,9,3,26,1,0,0,197,0,1,0,0,0,1,0,0,0,0,L,0.389646465,0.369589041,0.379617753,0.054537037,0.010928962,,0.111843362,0.091912422,0.389646465,0.379617753
3242,Shelby Harris,315,-0.017153686,11,12,5,0,18,3,0,1,8,296,11,5,12,89,115,10,55,16,0,2,0,0,0,315,0,0,0,1,0,0,0,0,0,1,0,R,0.129307116,0.084943182,0.107125149,0.004768392,-2.22E-16,,0.358288288,0.310990009,0.358288288,0.310990009
3250,Shaq Thompson,28,-0.010896643,1,0,0,0,0,0,0,0,18,10,0,0,0,0,0,0,0,0,0,0,0,0,28,0,0,28,0,0,1,0,0,0,1,0,0,L,0.004950495,0.001831502,0.003390998,0.011507937,0.0368823,,9.34E-04,-7.77E-16,0.0368823,0.011507937
3275,Anthony Chickillo,90,-0.124246144,5,3,0,0,0,0,0,0,32,56,0,0,0,0,0,0,0,6,5,8,7,2,62,0,0,90,0,0,1,0,0,1,0,0,0,R,0.292383778,0.246982358,0.269683068,0.202083333,0.493672794,,0.01366843,0.010115607,0.493672794,0.292383778
3375,Anthony Zettel,42,0.310269643,0,3,0,0,2,0,0,0,19,23,0,0,1,1,1,0,0,4,8,7,12,0,8,0,42,0,1,0,0,1,0,0,0,0,0,R,0.339525021,0.690362511,0.514943766,0.123127341,0.039055404,,0.026775956,0.05372549,0.690362511,0.514943766
3376,A'Shawn Robinson,215,0.005173149,15,5,1,0,5,2,0,0,113,86,16,8,7,8,116,3,15,25,1,15,1,0,0,215,0,0,0,1,0,0,0,0,0,0,1,L,0.254980843,0.056441441,0.155711142,0.005539359,-2.22E-16,,0.140740741,0.326396917,0.326396917,0.254980843
3382,Miles Killebrew,49,-0.145392429,3,0,0,0,1,0,0,0,16,33,0,0,0,0,0,0,0,0,0,0,0,0,49,0,0,0,0,0,0,0,0,0,0,0,0,R,1.22E-15,-8.60E-16,1.80411E-16,0.164969581,0.493808851,,-1.05E-15,-9.16E-16,0.493808851,0.164969581
3391,Morgan Fox,185,-0.079142314,5,4,2,0,8,0,0,0,96,71,15,26,4,5,23,62,14,11,16,5,1,3,0,0,185,0,1,0,0,0,1,0,0,0,0,L,0.284038143,0.510034014,0.397036078,2.64E-16,-2.22E-16,,0.201585145,0.323828125,0.510034014,0.397036078
3427,Javon Hargrave,412,-0.168382723,18,25,2,0,22,0,0,1,326,19,61,49,34,66,161,4,27,2,0,0,0,6,2,412,0,0,0,1,0,0,0,0,0,0,1,L,0.06591138,0.009326425,0.037618902,0.00295858,0.008984726,,0.442441315,0.534380032,0.534380032,0.442441315
3457,Jonathan Bullard,100,0.14542429,4,1,0,1,4,0,0,0,89,11,0,0,0,3,64,3,11,11,0,8,0,0,0,0,100,0,1,0,0,0,1,0,0,0,0,L,0.20844504,0.200466853,0.204455947,0.037246377,0.043048128,,0.233068783,0.242668488,0.242668488,0.233068783
3462,Leonard Floyd,430,-0.054277874,12,9,1,0,22,2,0,0,208,205,0,0,1,0,0,0,0,6,0,4,39,17,363,0,0,430,0,0,1,0,0,0,1,0,0,L,0.095269097,0.035534591,0.065401844,0.282993197,0.550396825,,0.01969697,-4.44E-16,0.550396825,0.282993197
3473,Roy Robertson-Harris,274,0.02583954,9,6,0,0,11,1,0,0,108,142,18,16,18,29,82,31,34,29,0,6,1,6,4,0,274,0,1,0,0,1,0,0,0,0,0,R,0.070891365,0.365780142,0.218335753,0.00970516,0.0055993,,0.19982548,0.278763441,0.365780142,0.278763441
3505,Austin Johnson,206,-0.07981201,7,10,0,0,5,1,0,0,90,114,1,35,5,12,106,14,18,13,1,0,0,1,0,206,0,0,0,1,0,0,0,0,0,1,0,R,0.022355556,0.033426966,0.027891261,2.50E-16,-2.22E-16,,0.211891892,0.407702703,0.407702703,0.211891892
3512,Shilique Calhoun,93,-0.133756419,2,1,0,0,6,0,0,1,19,63,0,0,0,0,6,5,3,9,1,0,24,11,34,0,0,93,0,0,1,0,0,1,0,0,0,R,0.17047619,0.298886033,0.234681112,0.086750936,0.277226814,,0.002793296,0.097316017,0.298886033,0.277226814
3515,Jihad Ward,276,-0.340615029,2,2,1,0,17,0,0,0,122,126,1,1,4,2,72,5,44,8,6,3,4,27,99,0,276,0,1,0,0,1,0,0,0,0,0,R,0.30982659,0.271649916,0.290738253,0.223657407,0.182222222,,0.140081522,0.186786372,0.30982659,0.290738253
3520,Andrew Billings,335,0.03896926,9,12,1,0,5,1,0,0,189,136,10,119,8,162,36,0,0,0,0,0,0,0,0,335,0,0,0,1,0,0,0,0,0,0,1,L,0.157780612,0.002717391,0.080249002,0.002673797,0.010152284,,0.529079079,0.515311653,0.529079079,0.515311653
3534,Kenny Clark,413,-0.095843843,18,18,4,1,24,1,0,0,184,167,60,88,12,134,77,5,33,1,0,1,0,2,0,413,0,0,0,1,0,0,0,0,0,0,1,L,0.083526012,0.014083821,0.048804916,6.94E-17,-2.22E-16,,0.533474178,0.38976765,0.533474178,0.38976765
3538,Kyler Fackrell,216,-0.060474412,5,4,0,1,16,0,0,0,66,130,0,0,0,0,0,0,0,1,0,0,0,20,195,0,0,216,0,0,1,0,0,1,0,0,0,R,0.072159624,0.017495396,0.04482751,0.366362847,0.465932642,,-1.05E-15,0.002604167,0.465932642,0.366362847
3540,Reggie Gilbert,86,0.117451012,4,2,0,0,4,1,0,0,58,27,0,0,0,0,3,1,1,5,0,0,0,1,75,0,0,86,0,0,1,0,0,0,1,0,0,L,0.082030548,0.06492674,0.073478644,0.320614035,0.330126468,,0.003591954,0.009232955,0.330126468,0.320614035
3547,Dean Lowry,275,-0.068781073,10,12,0,0,3,2,1,0,147,126,0,3,3,12,155,27,41,15,8,8,1,2,0,0,275,0,1,0,0,0,1,0,0,0,0,L,0.252592593,0.673622782,0.463107688,0.007079646,8.91E-04,,0.104289216,0.295992714,0.673622782,0.463107688
3584,Kamalei Correa,254,0.010017823,7,10,4,0,12,0,0,0,149,72,0,0,0,0,3,0,3,3,3,1,7,33,201,0,0,254,0,0,1,0,0,0,1,0,0,L,0.048203055,0.047075209,0.047639132,0.25180776,0.529953052,,-1.05E-15,0.008900524,0.529953052,0.25180776
3590,Matt Judon,383,-0.196953191,22,8,5,1,32,0,0,4,149,152,0,0,0,0,0,2,0,3,2,0,20,82,274,0,0,383,0,0,1,0,0,1,0,0,0,R,0.089406028,0.143216532,0.11631128,0.32132964,0.574515235,,-1.05E-15,0.003968254,0.574515235,0.32132964
3613,Emmanuel Ogbah,74,-0.030440811,1,3,1,0,4,0,0,0,64,10,0,0,0,0,0,1,0,3,19,9,37,0,5,0,74,0,1,0,0,0,1,0,0,0,0,L,0.390551181,0.480829016,0.435690098,0.050222222,0.010144928,,-1.05E-15,-9.99E-16,0.480829016,0.435690098
3623,Carl Nassib,206,-0.170726796,8,3,3,0,12,0,0,1,168,33,0,1,0,4,12,0,1,6,3,13,22,5,139,0,0,206,0,0,1,0,0,0,1,0,0,L,0.127731864,0.195540541,0.161636202,0.180268199,0.188393686,,0.036185383,0.092857143,0.195540541,0.188393686
3644,Reggie Ragland,50,-0.0642778,2,3,0,0,0,0,0,0,28,22,0,0,0,0,0,0,0,0,0,0,0,0,50,0,0,50,0,0,1,0,0,0,1,0,0,L,1.22E-15,-8.60E-16,1.80411E-16,0.157333619,0.2555541,,0.004524469,-1.11E-15,0.2555541,0.157333619
3648,Justin Zimmer,30,-0.108114833,2,3,0,0,0,0,0,0,7,23,0,24,0,3,3,0,0,0,0,0,0,0,0,30,0,0,0,1,0,0,0,0,0,1,0,R,0.028447489,0.019223744,0.023835616,5.25E-04,0.014111441,,0.414995357,0.385485348,0.414995357,0.385485348
3661,Shaq Lawson,267,-0.255558674,13,8,4,1,25,0,0,1,145,121,0,0,2,1,10,10,4,69,55,40,75,1,0,0,267,0,1,0,0,0,1,0,0,0,0,L,0.545698925,0.341710526,0.443704726,0.028643216,0.042525534,,0.024957483,0.163282572,0.545698925,0.443704726
3699,Trevon Coley,62,-0.064322145,2,4,0,0,2,0,0,0,29,32,1,7,11,41,2,0,0,0,0,0,0,0,0,62,0,0,0,1,0,0,0,0,0,1,0,R,0.09391951,-1.05E-15,0.046959755,6.94E-17,0.004781421,,0.394739169,0.298062016,0.394739169,0.298062016
3700,Michael Pierce,202,-0.097041,4,10,0,1,7,0,0,0,65,99,35,64,20,56,18,0,6,0,0,0,0,3,0,202,0,0,0,1,0,0,0,0,0,1,0,R,0.036870027,0.005958549,0.021414288,3.19E-16,-2.22E-16,,0.516478343,0.393541102,0.516478343,0.393541102
3753,David Onyemata,285,-0.140471225,8,7,1,0,10,0,0,0,96,151,38,55,2,4,180,1,4,1,0,0,0,0,0,285,0,0,0,1,0,0,0,0,0,1,0,R,0.008655617,-1.05E-15,0.004327808,1.80E-16,-2.22E-16,,0.516115352,0.677777778,0.677777778,0.516115352
3757,Sheldon Rankins,151,0.025301709,3,1,1,0,9,0,0,0,72,58,3,40,3,1,84,0,2,0,0,0,0,18,0,151,0,0,0,1,0,0,0,0,0,0,1,L,0.066251154,0.038150289,0.052200722,0.085871404,0.041452991,,0.380910853,0.498406193,0.498406193,0.380910853
3782,Efe Obada,154,0.103545364,6,5,0,0,5,0,0,0,50,103,1,3,0,0,45,0,4,38,29,21,13,0,0,0,154,0,1,0,0,1,0,0,0,0,0,R,0.450341006,0.457291667,0.453816336,0.006272894,0.016485507,,0.028258845,0.158312236,0.457291667,0.453816336
3783,De'Vondre Campbell,121,0.151233248,3,6,1,0,3,1,0,0,70,51,0,0,0,0,0,0,0,0,0,0,0,0,121,0,0,121,0,0,1,0,0,0,1,0,0,L,0.026446281,0.002747253,0.014596767,0.720384952,0.216666667,,-1.03E-15,-8.33E-16,0.720384952,0.216666667
3786,Jordan Jenkins,350,-0.047680494,15,7,6,0,19,2,0,1,41,301,0,0,0,0,3,16,8,16,15,13,71,8,200,0,0,350,0,0,1,0,0,1,0,0,0,R,0.219251337,0.069758065,0.144504701,0.134548611,0.294575678,,-1.05E-15,0.006147541,0.294575678,0.219251337
3792,Romeo Okwara,278,0.051926004,7,6,1,0,15,0,0,0,52,219,5,2,4,3,81,8,29,31,4,12,77,2,20,0,0,278,0,0,1,0,0,1,0,0,0,R,0.4955495,0.23564941,0.365599455,3.19E-16,-4.72E-16,,0.055939716,0.087857802,0.4955495,0.365599455
3808,Antwaun Woods,181,-0.019758083,7,12,0,0,0,0,0,0,69,105,7,11,12,139,4,0,8,0,0,0,0,0,0,181,0,0,0,1,0,0,0,0,0,1,0,R,0.160122411,0.01026393,0.08519317,0.005420054,0.007938719,,0.586258124,0.24828496,0.586258124,0.24828496
3855,Jarran Reed,356,0.032547593,9,16,1,2,15,1,0,1,228,115,12,59,12,11,188,18,49,4,1,1,0,1,0,356,0,0,0,1,0,0,0,0,0,0,1,L,0.067625571,0.052560386,0.060092979,0.007062147,-2.22E-16,,0.489790576,0.407109228,0.489790576,0.407109228
3857,Brandin Bryant,40,0.155057975,0,3,0,0,1,0,0,0,20,18,2,21,0,11,5,0,0,1,0,0,0,0,0,40,0,0,0,1,0,0,0,0,0,0,1,L,0.078859649,0.05959596,0.069227804,0.014698163,0.010683761,,0.558153153,0.260582011,0.558153153,0.260582011
3860,Quinton Jefferson,276,-0.049508159,6,3,1,1,6,0,0,0,111,160,1,11,2,3,86,22,49,46,5,34,9,4,4,276,0,0,0,1,0,0,0,0,0,1,0,R,0.517095238,0.279231434,0.398163336,0.029605827,-2.22E-16,,0.030107527,0.121492404,0.517095238,0.398163336
3871,Branden Jackson,202,-0.096326965,3,6,0,0,3,2,0,0,80,119,0,2,1,1,31,11,37,45,5,51,11,3,4,0,202,0,1,0,0,1,0,0,0,0,0,R,0.461699164,0.323777778,0.392738471,0.021064204,0.005682904,,0.057129367,0.112851953,0.461699164,0.392738471
3923,Vernon Butler,294,0.185855823,12,8,3,0,12,0,0,0,259,24,11,79,0,2,121,5,26,31,7,9,3,0,0,294,0,0,0,1,0,0,0,0,0,0,1,L,0.292602496,0.158355675,0.225479085,0.032575758,0.026996008,,0.303945035,0.348594961,0.348594961,0.303945035
3941,Chris Jones,354,-0.118712723,13,10,7,0,32,2,0,1,179,157,17,17,9,16,128,19,75,6,22,6,34,1,4,354,0,0,0,1,0,0,0,0,0,0,1,L,0.303520499,0.265575147,0.284547823,0.020628415,0.002754821,,0.094959128,0.28686067,0.303520499,0.28686067
3979,Adam Gotsis,117,-0.026600752,4,7,0,0,0,2,0,0,49,64,4,6,12,14,35,7,32,7,0,0,0,0,0,0,117,0,1,0,0,1,0,0,0,0,0,R,0.157374631,0.135688406,0.146531519,0.002710027,0.002717391,,0.313198198,0.355793226,0.355793226,0.313198198
4048,Brennan Scarlett,295,0.088569064,15,13,2,0,10,1,0,1,202,52,0,0,0,0,2,1,1,2,10,9,30,41,199,0,0,295,0,0,1,0,0,0,1,0,0,L,0.128371869,0.137344029,0.132857949,0.443967828,0.515584416,,-1.05E-15,0.001937984,0.515584416,0.443967828
4051,Joel Heath,33,-0.044069182,0,0,0,0,1,0,0,0,20,13,0,0,1,1,9,6,10,3,2,0,1,0,0,0,33,0,1,0,0,0,1,0,0,0,0,L,0.401083333,0.128333333,0.264708333,0.022932985,0.044948064,,0.095019157,0.22405914,0.401083333,0.264708333
4054,D.J. Reader,281,-0.05035126,12,15,0,0,17,0,0,0,124,154,3,50,20,51,93,20,38,3,1,2,0,0,0,281,0,0,0,1,0,0,0,0,0,1,0,R,0.05856102,0.074870466,0.066715743,3.19E-16,0.002770083,,0.359435626,0.417064545,0.417064545,0.359435626
4141,Matt Ioannidis,364,0.118109115,16,7,4,0,19,1,0,0,343,6,11,10,82,15,55,106,51,20,2,4,0,4,4,0,364,0,1,0,0,0,1,0,0,0,0,L,0.524192177,0.356947891,0.440570034,0.004513889,0.005347594,,0.194109195,0.224775986,0.524192177,0.440570034
4182,Stephen Weatherly,250,-0.057538728,12,8,3,0,18,0,0,1,175,28,0,9,3,9,4,24,14,17,46,35,39,47,3,0,250,0,1,0,0,0,1,0,0,0,0,L,0.379233512,0.467117117,0.423175314,0.141712963,0.047759104,,0.10025641,0.135329619,0.467117117,0.423175314
4245,Maliek Collins,398,-0.044179274,7,3,2,0,21,0,0,0,212,179,7,29,11,38,213,8,90,1,1,0,0,0,0,398,0,0,0,1,0,0,0,0,0,0,1,L,0.188051146,0.012070566,0.100060856,2.91E-16,-2.22E-16,,0.609470752,0.6082038,0.609470752,0.6082038
4247,Ronald Blair III,30,0.118346333,2,0,0,0,0,0,0,0,8,22,0,0,0,0,0,0,0,1,4,18,6,0,1,0,30,0,1,0,0,1,0,0,0,0,0,R,0.35606469,0.454411765,0.405238227,0.117379679,0.085051407,,0.046712329,0.033912656,0.454411765,0.405238227
4248,DeForest Buckner,464,-0.034814677,16,15,4,1,25,1,0,0,189,268,7,18,6,23,345,8,40,4,4,1,6,0,2,464,0,0,0,1,0,0,0,0,0,1,0,R,0.214724481,0.053453039,0.13408876,0.006656805,-2.22E-16,,0.269541667,0.598067633,0.598067633,0.269541667
4251,Yannick Ngakoue,393,0.106151662,20,3,4,0,23,3,0,3,151,231,0,0,0,0,0,1,0,5,30,11,101,11,234,0,393,0,1,0,0,1,0,0,0,0,0,R,0.277534247,0.095367847,0.186451047,0.341039427,0.536728395,,-1.05E-15,-6.94E-16,0.536728395,0.341039427
4252,Sheldon Day,200,0.01766711,6,3,1,0,5,0,0,0,108,80,12,14,10,95,63,1,1,0,1,0,3,0,0,200,0,0,0,1,0,0,0,0,0,0,1,L,0.081929348,0.021635884,0.051782616,0.001129944,-4.72E-16,,0.436910774,0.444130824,0.444130824,0.436910774
4284,Joey Bosa,376,-0.009722282,17,8,4,1,36,0,0,0,175,201,0,0,0,0,16,21,14,175,23,10,109,0,8,0,376,0,1,0,0,1,0,0,0,0,0,R,0.30386406,0.669092543,0.486478301,0.024616626,0.026821494,,0.009710145,0.022715054,0.669092543,0.486478301
4310,James Burgess,71,-0.145040352,8,0,0,0,1,3,0,1,35,36,0,0,0,0,0,0,0,0,0,0,0,0,71,0,0,71,0,0,1,0,0,1,0,0,0,R,0.029574275,0.019527702,0.024550989,0.473907615,0.214024321,,0.002754821,-8.33E-16,0.473907615,0.214024321
4391,Nathan Gerry,43,-0.563995605,1,1,0,1,3,0,0,0,25,18,0,0,0,0,0,0,0,0,0,0,0,0,43,0,0,43,0,0,1,0,0,0,1,0,0,L,0.013121547,0.169903762,0.091512654,0.012729659,0.299409628,,-1.05E-15,0.018173759,0.299409628,0.169903762
4399,Derek Barnett,268,-0.110346511,12,0,3,0,18,0,0,0,13,252,0,0,0,0,0,2,6,14,21,13,100,3,109,0,268,0,1,0,0,1,0,0,0,0,0,R,0.354015544,0.181517691,0.267766617,0.272574956,0.299120235,,-1.05E-15,0.023679417,0.354015544,0.299120235
4423,Avery Moss,139,0.107944597,4,5,0,0,2,0,0,1,112,22,0,0,0,0,15,6,0,43,19,9,5,5,37,0,0,139,0,0,1,0,0,0,1,0,0,L,0.614701065,0.314186249,0.464443657,0.098672161,0.146474359,,0.003946147,0.109391534,0.614701065,0.464443657
4424,Dalvin Tomlinson,296,-0.01879624,8,22,2,0,11,0,0,1,93,192,11,170,5,6,101,0,2,1,0,0,0,0,0,296,0,0,0,1,0,0,0,0,0,1,0,R,0.00582878,0.011273081,0.00855093,2.78E-16,0.007246377,,0.482149123,0.588593904,0.588593904,0.482149123
4445,Joey Ivie,85,-0.014362788,0,1,0,0,2,0,0,0,53,28,3,13,2,10,33,0,23,0,0,0,0,1,0,85,0,0,0,1,0,0,0,0,0,0,1,L,0.266851852,0.091179078,0.179015465,2.50E-16,0.002702703,,0.31245614,0.371939231,0.371939231,0.31245614
4448,Taco Charlton,170,-0.104695282,3,1,1,0,9,0,0,1,155,12,0,1,0,0,5,4,0,8,7,16,40,3,86,0,170,0,1,0,0,0,1,0,0,0,0,L,0.221936937,0.219646182,0.22079156,0.12974026,0.249509804,,0.001550388,0.01511335,0.249509804,0.221936937
4461,Ryan Anderson,313,-0.009529939,15,9,4,0,16,0,0,3,219,83,0,0,0,0,1,0,3,1,1,12,50,11,234,0,0,313,0,0,1,0,0,0,1,0,0,L,0.101081081,0.035037879,0.06805948,0.280629433,0.489517544,,-1.05E-15,-8.60E-16,0.489517544,0.280629433
4469,Jonathan Allen,401,0.060938212,25,15,1,2,18,0,0,0,6,373,12,14,101,32,44,119,50,13,0,4,0,10,2,0,401,0,1,0,0,1,0,0,0,0,0,R,0.239539007,0.524904762,0.382221884,0.007949413,0.001333333,,0.333950617,0.280141844,0.524904762,0.382221884
4475,Isaiah Irving,45,0.2111874,2,2,0,0,1,0,0,0,20,25,0,0,0,0,0,0,0,1,2,4,7,0,31,0,0,45,0,0,1,0,0,1,0,0,0,R,0.064571695,0.365217391,0.214894543,0.020096746,0.285035842,,0.00273224,0.001729107,0.365217391,0.285035842
4512,Jeremiah Valoaga,42,0.089953333,1,1,0,0,1,1,0,0,11,31,0,0,0,0,0,0,2,2,7,6,25,0,0,0,42,0,1,0,0,1,0,0,0,0,0,R,0.379224377,0.694413146,0.536818761,0.09556213,0.023409669,,0.02710233,0.067416226,0.694413146,0.536818761
4517,Montravius Adams,66,0.009761318,1,7,0,0,3,1,0,0,36,29,0,5,4,6,38,5,5,2,0,0,0,1,0,66,0,0,0,1,0,0,0,0,0,0,1,L,0.266071429,0.008754682,0.137413055,0.004995459,0.004487179,,0.270666667,0.275873466,0.275873466,0.270666667
4521,Vince Biegel,406,-0.026724067,15,20,0,1,12,1,1,0,38,344,0,0,0,0,0,10,0,4,7,3,0,24,358,0,0,406,0,0,1,0,0,1,0,0,0,R,0.162103746,0.15100349,0.156553618,0.567747748,0.459651475,,0.00625,0.047028784,0.567747748,0.459651475
4578,Jaleel Johnson,231,0.003888974,11,10,3,0,5,0,0,0,113,106,12,74,29,21,90,2,3,0,0,0,0,0,0,231,0,0,0,1,0,0,0,0,0,0,1,L,0.004594595,0.016212534,0.010403564,0.001811594,0.003342618,,0.414784946,0.702922374,0.702922374,0.414784946
4594,Ifeadi Odenigbo,234,-0.041616047,11,6,5,0,20,0,0,1,19,189,24,9,14,3,34,12,16,31,31,40,18,2,0,0,234,0,1,0,0,1,0,0,0,0,0,R,0.230502283,0.396495957,0.31349912,0.020943563,-2.22E-16,,0.104662973,0.273835616,0.396495957,0.31349912
4609,Eric Wilson,34,-0.219377941,4,4,0,0,0,0,0,0,23,11,0,0,0,0,0,0,0,0,0,0,0,0,34,0,0,34,0,0,1,0,0,0,1,0,0,L,0.008236994,0.005860806,0.0070489,0.041504178,0.517724375,,0.012761905,0.002890173,0.517724375,0.041504178
4634,Isaac Rochell,113,-0.00354054,1,3,0,0,3,1,0,0,47,59,7,5,2,0,8,4,5,32,6,3,37,0,4,0,113,0,1,0,0,1,0,0,0,0,0,R,0.409150327,0.527892031,0.468521179,0.023796034,0.03117284,,0.116709292,0.143935428,0.527892031,0.468521179
4644,Nicholas Morrow,51,0.23570549,3,1,0,0,1,0,0,0,26,25,0,0,0,0,0,0,0,0,0,0,0,0,51,0,0,51,0,0,1,0,0,0,1,0,0,L,0.00795756,0.065809769,0.036883664,0.132508681,0.089769754,,-1.05E-15,8.91E-04,0.132508681,0.089769754
4652,T.J. Watt,462,-0.182593353,18,15,7,3,46,3,0,4,419,15,0,0,0,0,0,1,0,0,4,12,143,28,274,0,0,462,0,0,1,0,0,0,1,0,0,L,0.371389646,0.1321662,0.251777923,0.496305842,0.476940035,,0.01446281,0.004594595,0.496305842,0.476940035
4666,Treyvon Hester,76,-0.164699434,1,4,0,0,3,0,0,0,32,38,6,13,7,2,18,14,4,10,0,0,0,0,2,76,0,0,0,1,0,0,0,0,0,1,0,R,0.154889456,0.05236715,0.103628303,0.004405086,0.002770083,,0.395032498,0.300374532,0.395032498,0.300374532
4667,Eddie Vanderdoes,73,0.076594534,5,3,0,0,0,0,0,0,50,22,1,14,0,4,27,2,18,4,0,3,0,0,0,73,0,0,0,1,0,0,0,0,0,0,1,L,0.284393064,0.01918239,0.151787727,0.002624672,0.007087629,,0.385433071,0.34159378,0.385433071,0.34159378
4689,Takkarist McKinley,145,-0.162132138,6,4,3,0,10,0,0,0,109,31,0,0,0,0,4,3,10,3,3,13,47,5,57,0,145,0,1,0,0,0,1,0,0,0,0,L,0.234429224,0.1875,0.210964612,0.127595628,0.398607485,,-1.05E-15,0.002597403,0.398607485,0.234429224
4694,Chris Odom,44,0.206856886,3,1,1,0,1,0,0,0,33,10,0,0,0,0,0,0,0,0,1,10,8,1,24,0,44,0,1,0,0,0,1,0,0,0,0,L,0.144130824,0.281842105,0.212986465,0.237719298,0.047619048,,0.005420054,0.002673797,0.281842105,0.237719298
4700,Carl Lawson,275,0.017016993,12,4,4,0,26,0,0,0,32,235,0,0,1,0,4,3,1,51,17,36,78,8,76,0,275,0,1,0,0,1,0,0,0,0,0,R,0.301971326,0.093032015,0.197501671,0.130965147,0.210927456,,0.003727506,-9.71E-16,0.301971326,0.210927456
4707,Josh Tupou,222,-0.02268641,10,6,0,0,2,0,0,1,107,115,0,14,5,36,73,11,28,51,0,4,0,0,0,222,0,0,0,1,0,0,0,0,0,1,0,R,0.27241533,0.064814815,0.168615072,0.01358209,-2.22E-16,,0.356666667,0.333376849,0.356666667,0.333376849
4710,Jamal Adams,50,0.1267209,5,1,3,0,8,0,0,1,27,23,0,0,0,0,0,0,0,0,0,0,0,0,50,0,0,0,0,0,0,0,0,0,0,0,0,L,0.073634652,0.01541555,0.044525101,0.161759505,0.364386602,,-1.05E-15,-9.99E-16,0.364386602,0.161759505
4739,Bryan Cox Jr,198,0.074209545,9,4,0,1,6,0,0,0,63,132,0,0,0,0,1,2,3,46,30,14,56,3,43,0,198,0,1,0,0,1,0,0,0,0,0,R,0.565819964,0.151777778,0.358798871,0.067302053,0.218297101,,0.007594937,0.052567829,0.565819964,0.358798871
4754,Davon Godchaux,373,-0.006976936,19,26,1,2,9,0,0,0,17,284,61,67,14,55,134,2,26,0,0,0,0,11,3,373,0,0,0,1,0,0,0,0,0,1,0,R,0.069324324,0.03984726,0.054585792,0.033064516,0.014652015,,0.225596817,0.667565139,0.667565139,0.225596817
4756,Charles Harris,118,-0.041695619,3,8,0,1,6,0,0,0,105,12,1,0,0,0,7,1,2,8,7,9,24,0,59,0,118,0,1,0,0,0,1,0,0,0,0,L,0.167979003,0.34978185,0.258880426,0.159707447,0.364410681,,0.014415584,0.027919864,0.364410681,0.34978185
4764,Raekwon McMillan,33,-0.30280303,1,3,0,0,1,0,0,0,24,9,0,0,0,0,0,0,0,0,0,0,0,0,33,0,0,33,0,0,1,0,0,0,1,0,0,L,0.003654971,0.018383017,0.011018994,0.01920591,0.240753968,,0.002688172,-1.17E-15,0.240753968,0.01920591
4785,Vincent Taylor,46,-0.285141543,2,4,0,0,2,1,0,0,26,20,0,32,4,1,9,0,0,0,0,0,0,0,0,46,0,0,0,1,0,0,0,0,0,0,1,L,0.007837838,0.00810537,0.007971604,0.003896104,0.018480392,,0.62915493,0.276441838,0.62915493,0.276441838
4787,Haason Reddick,190,0.046972353,8,10,0,0,11,2,0,0,67,39,0,0,0,0,0,0,0,0,0,0,0,84,106,0,0,190,0,0,1,0,0,0,1,0,0,L,0.049103943,0.044692982,0.046898463,0.564346591,0.338651472,,-1.05E-15,6.72E-04,0.564346591,0.338651472
4810,Jordan Willis,62,0.122124484,0,3,0,0,2,0,0,0,1,59,0,0,0,0,5,3,7,2,4,0,18,2,21,0,62,0,1,0,0,1,0,0,0,0,0,R,0.207978723,0.422333333,0.315156028,0.100380952,0.068044444,,0.005181347,0.043455744,0.422333333,0.315156028
4825,Larry Ogunjobi,385,-0.011821852,18,10,2,1,16,1,0,0,120,251,14,199,20,82,54,2,10,4,0,0,0,0,0,385,0,0,0,1,0,0,0,0,0,1,0,R,0.042202729,0.003350084,0.022776406,8.33E-17,-2.22E-16,,0.478610354,0.573504274,0.573504274,0.478610354
4827,Adam Butler,218,-0.035613193,6,6,1,1,9,3,0,0,70,87,56,35,10,15,46,19,16,14,1,0,1,5,0,218,0,0,0,1,0,0,0,0,0,1,0,R,0.067536989,0.111764706,0.089650847,1.25E-16,0.007909605,,0.240804598,0.371706454,0.371706454,0.240804598
4847,Samson Ebukam,191,-0.128546037,13,9,4,0,10,1,0,0,52,136,0,0,0,0,0,0,0,0,0,2,0,3,186,0,0,191,0,0,1,0,0,1,0,0,0,R,0.009313725,0.038668555,0.02399114,0.401974288,0.63079602,,5.36E-04,-9.71E-16,0.63079602,0.401974288
4849,Carlos Watkins,165,0.17599583,7,11,1,0,8,0,0,0,68,89,8,7,4,11,38,3,76,9,2,3,2,0,2,0,165,0,1,0,0,1,0,0,0,0,0,R,0.154742547,0.262400794,0.208571671,0.003208556,0.00883905,,0.152106227,0.381612091,0.381612091,0.262400794
4859,Eli Ankou,168,-0.042790173,5,2,0,0,2,0,0,0,107,60,1,16,5,5,127,1,11,2,0,0,0,0,0,168,0,0,0,1,0,0,0,0,0,0,1,L,0.064028144,0.007804233,0.035916189,2.91E-16,0.002617801,,0.378966132,0.551708218,0.551708218,0.378966132
4888,Tanzel Smart,71,-0.039501197,1,1,0,0,0,0,0,0,33,37,1,2,5,2,48,2,6,0,4,1,0,0,0,71,0,0,0,1,0,0,0,0,0,1,0,R,0.344887781,0.087802607,0.216345194,0.011580381,0.003947368,,0.272654155,0.3,0.344887781,0.3
4905,Deatrich Wise Jr,106,-0.003217321,9,5,1,0,7,0,0,0,27,79,0,3,0,2,27,32,8,24,4,4,2,0,0,0,106,0,1,0,0,1,0,0,0,0,0,R,0.196025294,0.558595113,0.377310204,1.94E-16,0.004166667,,0.057248157,0.125522252,0.558595113,0.377310204
4921,D.J. Jones,129,0.068197085,5,5,1,0,4,0,0,1,38,69,22,52,0,48,5,0,1,0,0,1,0,0,0,129,0,0,0,1,0,0,0,0,0,1,0,R,0.042368914,0.003825137,0.023097025,0.01530343,0.005885122,,0.568900344,0.378113553,0.568900344,0.378113553
4933,Solomon Thomas,258,0.003528388,4,4,0,0,5,0,0,0,118,131,8,17,5,58,35,9,8,5,12,12,82,1,6,0,258,0,1,0,0,1,0,0,0,0,0,R,0.315363128,0.341666667,0.328514898,0.081117534,-2.22E-16,,0.114460094,0.381425976,0.381425976,0.341666667
4939,Dawuane Smoot,174,0.094829695,5,2,2,0,10,0,0,0,98,75,1,1,1,1,58,7,18,32,15,23,13,0,4,0,174,0,1,0,0,0,1,0,0,0,0,L,0.476780627,0.308,0.392390313,0.020752089,0.005347594,,0.021052632,0.026788831,0.476780627,0.392390313
4953,Matt Milano,46,-0.10696013,1,3,0,0,2,0,0,0,34,12,0,0,0,0,0,0,0,0,0,0,0,0,46,0,0,46,0,0,1,0,0,0,1,0,0,L,0.001000308,-1.05E-15,0.000500154,0.085771277,0.307762605,,-1.05E-15,-1.17E-15,0.307762605,0.085771277
4978,Myles Garrett,140,-0.23236805,3,2,0,0,13,0,0,0,36,103,0,0,0,0,2,1,2,22,15,19,52,1,26,0,140,0,1,0,0,1,0,0,0,0,0,R,0.422352431,0.420936639,0.421644535,0.076377597,0.018220339,,-1.05E-15,0.011545624,0.422352431,0.421644535
4986,Chuck Clark,46,-0.284283174,2,0,1,0,6,2,0,1,30,16,0,0,0,0,0,0,0,0,0,0,0,0,46,0,0,0,0,0,0,0,0,0,0,0,0,L,0.038352273,0.003443526,0.020897899,0.187836583,0.382972583,,-1.05E-15,0.005617978,0.382972583,0.187836583
4993,Tyus Bowser,236,-0.286351496,9,3,3,0,22,2,0,1,95,87,0,0,0,0,0,0,0,0,0,0,0,54,182,0,0,236,0,0,1,0,0,0,1,0,0,L,0.117431895,0.01492467,0.066178283,0.54101069,0.346091644,,-1.05E-15,-9.99E-16,0.54101069,0.346091644
5017,Patrick Ricard,29,-0.386160621,3,1,1,0,1,0,0,1,10,6,13,0,10,3,2,0,1,0,0,0,0,0,0,0,0,0,0,0,0,0,0,0,0,0,0,L,0.267449956,0.090008726,0.178729341,0.048846154,0.026885965,,0.329055258,0.298366955,0.329055258,0.298366955
5018,Chris Wormley,248,-0.141184149,13,14,1,1,5,1,0,0,156,91,0,0,7,7,121,26,45,22,17,1,1,1,0,0,248,0,1,0,0,0,1,0,0,0,0,L,0.223472222,0.683819629,0.453645925,0.045389049,0.034722222,,0.145041322,0.174709562,0.683819629,0.453645925
5022,Tarell Basham,287,-0.15507876,6,6,1,0,15,5,1,0,135,139,0,0,0,0,4,1,3,1,4,7,10,13,244,0,287,0,1,0,0,1,0,0,0,0,0,R,0.149771062,0.218846503,0.184308783,0.311638734,0.407714286,,-1.05E-15,-9.99E-16,0.407714286,0.311638734
5025,Grover Stewart,369,-0.026034374,8,12,1,0,13,1,0,0,141,228,0,6,23,280,54,2,4,0,0,0,0,0,0,369,0,0,0,1,0,0,0,0,0,1,0,R,0.311825193,0.005984043,0.158904618,0.009280303,0.017941953,,0.385468895,0.360485348,0.385468895,0.360485348
5073,Tanoh Kpassagnon,359,-0.124931872,6,8,1,0,17,2,0,0,167,179,4,8,8,8,28,14,12,23,43,25,142,9,35,0,359,0,1,0,0,1,0,0,0,0,0,R,0.355920398,0.330397727,0.343159063,0.112278369,0.084991039,,0.032780847,0.108353808,0.355920398,0.343159063
5127,DeMarcus Walker,50,-0.08548262,1,2,0,0,1,0,0,0,19,27,4,1,3,4,21,2,10,4,0,0,1,0,0,0,50,0,1,0,0,1,0,0,0,0,0,R,0.176485788,0.173477157,0.174981473,0.012268519,0.002710027,,0.108010336,0.308242754,0.308242754,0.176485788
5138,Trey Hendrickson,235,-0.105811523,4,7,1,1,22,0,0,0,34,199,0,0,0,0,2,2,2,72,14,25,90,2,26,0,235,0,1,0,0,1,0,0,0,0,0,R,0.598822464,0.485097493,0.541959978,0.042281595,0.019134078,,0.002666667,-9.99E-16,0.598822464,0.541959978
5143,Al-Quadin Muhammad,228,-0.042507206,4,10,2,0,17,0,0,0,10,218,0,0,0,0,0,1,0,9,39,87,90,0,2,0,228,0,1,0,0,1,0,0,0,0,0,R,0.553878116,0.372121993,0.463000055,0.044180523,0.054575163,,0.011299435,0.022222222,0.553878116,0.463000055
5153,Devaroe Lawrence,75,-0.230269533,1,1,0,0,1,0,0,0,41,34,0,11,12,9,34,0,4,0,2,1,2,0,0,75,0,0,0,1,0,0,0,0,0,0,1,L,0.168518519,0.080793226,0.124655872,0.005434783,0.007671233,,0.371378709,0.400315315,0.400315315,0.371378709
5194,Daeshon Hall,30,0.640904567,1,0,0,0,0,0,0,0,27,1,0,3,0,0,6,0,2,0,1,3,10,2,3,0,30,0,1,0,0,0,1,0,0,0,0,L,0.231703911,0.382437276,0.307070593,0.086622807,0.12227116,,0.038996317,0.1582846,0.382437276,0.307070593
5219,Marcus Davenport,155,0.112760768,6,3,3,0,12,0,0,2,20,132,0,1,0,0,2,3,0,33,4,12,3,3,94,0,155,0,1,0,0,1,0,0,0,0,0,R,0.243137255,0.164375562,0.203756408,0.209746589,0.30536036,,0.003739612,0.023160763,0.30536036,0.243137255
5221,Vita Vea,409,-0.136410156,12,6,2,0,20,3,0,0,80,228,98,133,13,54,85,4,18,0,0,0,1,3,0,409,0,0,0,1,0,0,0,0,0,1,0,R,0.028532609,0.028987455,0.028760032,0.01055409,0.002570694,,0.330633147,0.651556777,0.651556777,0.330633147
6234,Taven Bryan,293,0.039746962,13,10,1,0,11,0,0,1,150,141,2,6,1,1,256,3,19,1,0,0,0,0,4,293,0,0,0,1,0,0,0,0,0,0,1,L,0.060078663,0.002793296,0.031435979,0.001104972,0.014189189,,0.316577301,0.333154602,0.333154602,0.316577301
6236,Derwin James,66,0.188902091,8,3,0,0,1,1,0,0,38,28,0,0,0,0,0,0,0,0,0,0,0,0,66,0,0,0,0,0,0,0,0,0,0,0,0,L,0.014981273,5.18E-04,0.007749704,0.530211203,0.189663024,,-1.05E-15,0.005291005,0.530211203,0.189663024
6261,Nathan Shepherd,213,-0.23128054,7,5,2,0,13,0,0,0,76,127,10,22,13,30,53,29,45,5,2,0,4,0,0,213,0,0,0,1,0,0,0,0,0,1,0,R,0.087891738,0.178136201,0.133013969,0.004516712,-4.72E-16,,0.298277467,0.209944751,0.298277467,0.209944751
6264,Folorunso Fatukasi,226,-0.159527332,6,6,1,0,3,1,0,0,92,107,27,21,34,26,55,21,42,0,0,0,0,0,0,226,0,0,0,1,0,0,0,0,0,1,0,R,0.017820868,0.04019337,0.029007119,0.00255102,-2.22E-16,,0.459550046,0.428851541,0.459550046,0.428851541
6275,Jerome Baker,67,-0.125194313,2,1,0,0,0,1,0,1,22,45,0,0,0,0,0,0,0,0,0,0,0,0,67,0,0,67,0,0,1,0,0,1,0,0,0,R,0.022443182,0.002112676,0.012277929,0.489369369,0.290066044,,0.006981982,0.007853403,0.489369369,0.290066044
6291,Derrick Nnadi,243,-0.024118284,3,13,0,0,7,1,1,0,126,112,5,104,5,31,87,0,9,1,0,0,1,0,0,243,0,0,0,1,0,0,0,0,0,0,1,L,0.029494128,0.050359389,0.039926759,-6.94E-17,-2.22E-16,,0.406326723,0.464862298,0.464862298,0.406326723
6296,Uchenna Nwosu,107,0.004386318,2,0,1,0,8,0,0,0,55,49,0,0,0,0,0,0,0,2,0,0,31,3,71,0,0,107,0,0,1,0,0,0,1,0,0,L,0.11577381,0.173513514,0.144643662,0.400684932,0.311891117,,0.005602241,0.011019284,0.400684932,0.311891117
6297,Justin Jones,238,0.024125261,8,2,0,0,9,0,0,0,124,99,14,14,0,7,182,5,7,5,0,1,2,1,0,238,0,0,0,1,0,0,0,0,0,0,1,L,0.06017257,0.007834758,0.034003664,0.001977401,0.002824859,,0.307745866,0.58212963,0.58212963,0.307745866
6298,Kyzir White,116,-0.080757741,6,10,0,0,0,0,0,0,42,23,0,0,0,0,0,0,0,0,0,0,0,51,65,0,0,116,0,0,1,0,0,0,1,0,0,L,0.092705448,0.022252498,0.057478973,0.477546296,0.450228938,,0.003900709,0.011627907,0.477546296,0.450228938
6303,PJ Hall,278,0.046483601,6,5,1,0,10,0,0,0,135,140,3,37,18,19,188,2,11,0,0,0,0,0,0,278,0,0,0,1,0,0,0,0,0,1,0,R,0.007648725,-1.05E-15,0.003824363,0.005774278,-2.22E-16,,0.38437772,0.636510129,0.636510129,0.38437772
6307,Maurice Hurst,279,-0.014146387,5,3,1,1,19,2,1,0,160,99,20,25,48,19,149,4,14,0,0,0,0,0,0,279,0,0,0,1,0,0,0,0,0,0,1,L,0.069444444,0.077556818,0.073500631,0.008075117,0.002617801,,0.589990942,0.446247563,0.589990942,0.446247563
6326,Kylie Fitts,33,0.153039394,0,1,0,0,2,0,0,0,16,15,0,0,0,0,0,1,0,0,0,0,0,2,30,0,0,33,0,0,1,0,0,0,1,0,0,L,0.060185185,0.032905983,0.046545584,0.076990376,0.235665246,,0.002923977,0.015143603,0.235665246,0.076990376
6329,Bilal Nichols,307,-0.019112446,9,12,0,0,2,1,0,0,100,190,16,15,29,33,119,33,35,24,0,1,0,1,1,307,0,0,0,1,0,0,0,0,0,1,0,R,0.206153101,0.234567901,0.220360501,1.94E-16,-2.22E-16,,0.177042484,0.354768271,0.354768271,0.234567901
6340,Da'Shawn Hand,66,0.227674485,0,2,0,0,0,0,0,0,55,8,3,6,9,4,30,1,2,10,0,0,1,0,0,0,66,0,1,0,0,0,1,0,0,0,0,L,0.261564626,0.148630784,0.205097705,0.011944444,0.014116576,,0.265506035,0.565555556,0.565555556,0.265506035
6344,John Atkins,303,0.034561835,10,8,0,0,5,0,0,0,77,163,63,22,29,18,151,2,15,2,1,0,0,0,0,303,0,0,0,1,0,0,0,0,0,1,0,R,0.023342175,0.032968037,0.028155106,3.89E-16,-2.22E-16,,0.263660477,0.798644986,0.798644986,0.263660477
6366,Jalyn Holmes,59,-0.227634068,2,2,0,0,0,0,0,0,33,26,0,2,8,0,41,1,0,2,1,3,1,0,0,59,0,0,0,1,0,0,0,0,0,0,1,L,0.194912281,0.114041995,0.154477138,0.031415525,0.012771739,,0.178111401,0.323237598,0.323237598,0.194912281
6368,Jullian Taylor,63,-0.049177587,6,2,0,0,2,0,0,0,33,25,5,15,6,17,19,0,1,0,0,0,0,0,0,63,0,0,0,1,0,0,0,0,0,0,1,L,0.090998217,1.00E-03,0.045999109,6.65E-04,-4.72E-16,,0.647467772,0.180456621,0.647467772,0.180456621
6378,Josh Sweat,185,-0.045377849,5,3,2,2,18,0,0,0,93,92,0,0,0,0,1,1,2,5,7,21,132,0,16,0,185,0,1,0,0,0,1,0,0,0,0,L,0.512488263,0.320076849,0.416282556,0.038269795,0.022631579,,0.002702703,0.00280112,0.512488263,0.416282556
6380,Sam Hubbard,360,0.018795678,19,12,5,1,25,1,0,0,241,102,2,4,21,1,50,2,5,43,26,26,52,15,113,0,360,0,1,0,0,0,1,0,0,0,0,L,0.362091503,0.083379247,0.222735375,0.089241114,0.192461399,,0.042256846,0.198589744,0.362091503,0.222735375
6387,Taylor Stallworth,67,-0.028763657,4,3,0,0,0,1,0,0,30,36,1,2,3,3,58,0,0,0,0,0,0,0,0,67,0,0,0,1,0,0,0,0,0,1,0,R,0.075158085,0.010662824,0.042910455,0.006512425,6.76E-04,,0.397344322,0.4225,0.4225,0.397344322
6392,Matt Dickerson,27,0.265182815,0,1,0,0,0,0,0,0,15,10,2,13,3,3,5,0,0,1,0,0,0,0,0,0,27,0,1,0,0,0,1,0,0,0,0,L,0.121279373,0.117439863,0.119359618,0.030902778,0.027390181,,0.560861423,0.344040698,0.560861423,0.344040698
6393,Sharif Finch,61,-0.123582803,2,1,1,0,5,0,0,0,46,13,0,0,0,0,0,0,0,0,0,2,5,2,52,0,0,61,0,0,1,0,0,0,1,0,0,L,0.015864023,0.059597378,0.0377307,0.322238232,0.294383562,,-1.05E-15,0.008426966,0.322238232,0.294383562
6394,Harold Landry,458,0.035562535,12,20,4,0,35,1,1,0,116,333,0,0,0,0,1,3,0,9,7,16,14,9,399,0,0,458,0,0,1,0,0,1,0,0,0,R,0.177523325,0.068077601,0.122800463,0.310375817,0.507427536,,0.002710027,-1.08E-15,0.507427536,0.310375817
6399,Poona Ford,244,-0.011691176,11,6,0,1,9,1,0,0,98,122,24,189,2,19,8,1,1,0,0,0,0,0,0,244,0,0,0,1,0,0,0,0,0,1,0,R,0.007575758,0.004873294,0.006224526,1.11E-16,-4.72E-16,,0.620784884,0.276210046,0.620784884,0.276210046
6400,Rasheem Green,240,0.070345,9,10,2,0,6,1,0,2,144,96,0,3,0,2,8,11,15,55,18,95,28,0,5,0,240,0,1,0,0,0,1,0,0,0,0,L,0.52746114,0.346571429,0.437016284,0.007155556,0.013141026,,0.026461988,0.073288889,0.52746114,0.437016284
6401,Shaquem Griffin,93,-0.117112892,2,0,0,0,10,1,0,0,70,6,0,0,0,0,0,0,0,0,0,0,0,17,76,0,0,93,0,0,1,0,0,0,1,0,0,L,0.029371585,0.030267062,0.029819324,0.484966343,0.448562635,,0.002631579,-9.16E-16,0.484966343,0.448562635
6402,Jacob Martin,125,0.131634256,4,4,3,1,11,0,0,1,98,23,2,0,0,0,0,3,0,4,14,21,29,2,50,0,0,125,0,0,1,0,0,0,1,0,0,L,0.2734319,0.329583333,0.301507616,0.162750716,0.172509058,,0.011693548,0.033976125,0.329583333,0.301507616
6418,Jordan Whitehead,26,-0.380854538,1,1,0,0,1,0,0,0,13,13,0,0,0,0,0,0,0,0,0,0,0,0,26,0,0,0,0,0,0,0,0,0,0,0,0,L,0.007978723,0.082837838,0.045408281,0.023596014,0.046999693,,-1.05E-15,0.019843462,0.082837838,0.046999693
6420,Daron Payne,292,0.119152137,15,5,1,0,4,1,0,0,116,65,102,56,30,12,43,12,15,8,0,1,2,9,2,292,0,0,0,1,0,0,0,0,0,0,1,L,0.090064103,0.009571429,0.049817766,0.016574586,0.018950437,,0.396610169,0.404062789,0.404062789,0.396610169
6426,Marquis Haynes,50,0.14518744,1,1,1,0,2,0,0,0,38,11,0,0,0,0,1,0,1,2,3,7,20,1,15,0,50,0,1,0,0,0,1,0,0,0,0,L,0.195185185,0.471090259,0.333137722,0.135394737,0.005570292,,-1.05E-15,0.006685769,0.471090259,0.333137722
6429,Tim Settle,117,-0.09950635,3,5,0,0,6,0,0,0,52,45,17,21,10,10,7,30,14,3,0,1,1,3,0,117,0,0,0,1,0,0,0,0,0,0,1,L,0.105317248,0.231091371,0.168204309,-8.33E-17,-2.22E-16,,0.543599656,0.138649789,0.543599656,0.231091371
6433,Dorance Armstrong,126,-0.045860976,5,3,1,0,4,0,0,1,3,123,0,0,0,0,0,1,4,1,45,21,54,0,0,0,126,0,1,0,0,1,0,0,0,0,0,R,0.324312715,0.569647696,0.446980206,0.041088632,0.036320346,,0.019324895,0.030650836,0.569647696,0.446980206
6440,Chad Thomas,328,0.048103241,13,4,3,0,12,1,0,0,297,27,1,0,0,0,4,5,0,83,67,40,35,3,90,0,328,0,1,0,0,0,1,0,0,0,0,L,0.450487589,0.272101449,0.361294519,0.173020258,0.248714417,,0.015607735,0.017225086,0.450487589,0.361294519
6443,Genard Avery,33,-0.120417333,1,1,0,1,1,1,0,0,18,11,0,0,0,0,0,0,0,0,0,0,0,4,29,0,33,0,1,0,0,0,1,0,0,0,0,L,0.109367089,0.002717391,0.05604224,0.043055556,0.386912079,,-1.05E-15,-9.99E-16,0.386912079,0.109367089
6462,Zach Sieler,91,-0.025185473,3,5,1,0,6,2,0,0,26,53,12,6,4,6,54,3,4,2,0,0,0,0,0,0,91,0,1,0,0,1,0,0,0,0,0,R,0.049869452,0.090423573,0.070146512,0.002680965,6.60E-04,,0.420467033,0.452733686,0.452733686,0.420467033
6466,Lorenzo Carter,339,2.32E-04,9,11,2,0,17,2,0,0,54,248,0,1,0,0,6,2,0,39,12,17,69,37,156,0,0,339,0,0,1,0,0,1,0,0,0,R,0.385329619,0.054901961,0.22011579,0.145750708,0.295611578,,-1.05E-15,0.02405877,0.385329619,0.295611578
6476,BJ Hill,173,0.030174723,5,6,1,0,4,0,0,0,166,3,4,42,3,6,83,0,20,11,0,1,3,0,0,173,0,0,0,1,0,0,0,0,0,0,1,L,0.056023551,0.046629213,0.051326382,0.002906977,0.005509642,,0.327732975,0.46212938,0.46212938,0.327732975
6504,Leon Jacobs,193,0.089246668,16,8,1,0,4,0,0,0,59,73,0,0,0,0,0,0,0,0,0,0,0,61,132,0,0,193,0,0,1,0,0,1,0,0,0,R,0.037534247,0.009761905,0.023648076,0.382185374,0.460354223,,-1.05E-15,6.61E-04,0.460354223,0.382185374
6511,Ogbonnia Okoronkwo,56,0.031899911,1,1,0,0,2,0,0,0,15,40,0,0,0,0,0,0,0,1,0,1,20,1,33,0,0,56,0,0,1,0,0,1,0,0,0,R,0.047885939,0.152881844,0.100383892,0.156056466,0.295637163,,-1.05E-15,0.002525253,0.295637163,0.156056466
6515,Sebastian Joseph-Day,246,-0.106878154,12,12,1,0,9,1,0,0,109,103,34,139,7,8,26,5,4,4,5,8,6,0,0,246,0,0,0,1,0,0,0,0,0,0,1,L,0.184802571,0.099340369,0.14207147,2.36E-16,-2.22E-16,,0.326275046,0.306778087,0.326275046,0.306778087
6542,Tyquan Lewis,178,-0.093490135,2,3,0,0,6,0,0,0,138,39,1,1,10,4,2,33,22,0,38,29,38,0,0,0,178,0,1,0,0,0,1,0,0,0,0,L,0.48480663,0.562768817,0.523787724,0.020639535,0.027989822,,0.126113861,0.153842593,0.562768817,0.523787724
6556,Andrew Brown,45,0.173497689,1,1,0,0,3,0,0,0,21,20,1,1,2,0,20,1,0,3,2,3,0,3,9,45,0,0,0,1,0,0,0,0,0,0,1,L,0.197326203,0.181083563,0.189204883,0.040636201,0.038586437,,0.079608939,0.135422343,0.197326203,0.189204883
6569,Demone Harris,115,-0.119250435,3,1,0,0,5,0,0,0,69,42,0,0,0,0,0,0,1,4,19,7,36,4,44,0,0,115,0,0,1,0,0,0,1,0,0,L,0.311217075,0.433781362,0.372499219,0.151680672,0.26743295,,-1.05E-15,-8.05E-16,0.433781362,0.372499219
6577,Jacob Tuioti-Mariner,178,-0.1234795,7,7,0,0,6,0,0,1,118,59,0,0,0,0,6,6,3,14,22,46,61,1,19,178,0,0,0,1,0,0,0,0,0,0,1,L,0.554324324,0.293554328,0.423939326,0.018245125,0.018462247,,-1.05E-15,-1.05E-15,0.554324324,0.423939326
6583,RJ McIntosh,33,0.057660636,0,3,0,0,0,0,0,0,0,33,0,11,1,0,18,0,0,3,0,0,0,0,0,33,0,0,0,1,0,0,0,0,0,1,0,R,0.138232721,0.119944598,0.12908866,0.025239339,0.055324074,,0.211753903,0.39529361,0.39529361,0.211753903
6605,Frank Herron,99,0.237000646,1,5,0,0,4,0,0,0,72,20,7,4,9,4,57,1,10,5,0,1,1,0,0,99,0,0,0,1,0,0,0,0,0,0,1,L,0.145845272,0.251196809,0.19852104,0.004725738,0.006486486,,0.252972973,0.262885154,0.262885154,0.252972973
6617,Marcell Harris,26,-0.201419692,1,2,0,0,0,0,0,0,18,8,0,0,0,0,0,0,0,0,0,0,0,0,26,0,0,0,0,0,0,0,0,0,0,0,0,L,1.25E-15,0.077651515,0.038825758,0.012477231,0.06972192,,0.007684918,-7.77E-16,0.077651515,0.06972192
6618,Kentavius Street,34,0.020579647,3,1,0,0,1,0,0,0,12,21,1,3,1,17,10,0,2,0,0,0,0,0,0,0,34,0,1,0,0,1,0,0,0,0,0,R,0.090281442,0.081994819,0.086138131,0.002762431,0.003045685,,0.275848564,0.194797422,0.275848564,0.194797422
6676,Trent Harris,156,-0.017889679,9,5,1,1,6,0,0,1,93,54,3,3,0,0,0,0,0,1,1,5,8,6,129,0,156,0,1,0,0,0,1,0,0,0,0,L,0.075875876,0.098387097,0.087131486,0.339895013,0.358202443,,0.047491039,0.0803407,0.358202443,0.339895013
6699,Tyler Lancaster,169,0.025701639,6,9,0,1,2,0,0,0,86,81,2,23,6,31,98,1,6,2,0,0,0,0,0,169,0,0,0,1,0,0,0,0,0,0,1,L,0.02320442,0.012162162,0.017683291,3.05E-16,-2.22E-16,,0.550576241,0.440166205,0.550576241,0.440166205
6781,Jonathan Harris,44,0.189108659,1,6,0,0,0,0,0,0,34,10,0,0,0,4,12,9,6,13,0,0,0,0,0,44,0,0,0,1,0,0,0,0,0,0,1,L,0.234215168,0.111588181,0.172901674,0.032539683,0.038861139,,0.203394124,0.189672544,0.234215168,0.203394124
6797,Jeffery Simmons,246,-0.070730919,10,15,1,0,5,1,0,0,140,101,5,41,12,14,110,17,12,16,9,5,4,0,1,0,246,0,1,0,0,0,1,0,0,0,0,L,0.155131827,0.272979798,0.214055812,2.22E-16,-4.72E-16,,0.196181491,0.366911046,0.366911046,0.272979798
6805,Austin Bryant,126,-0.05893869,4,4,0,0,1,0,0,0,63,60,0,0,0,0,3,0,0,2,3,4,31,3,80,0,126,0,1,0,0,0,1,0,0,0,0,L,0.079894938,0.197996357,0.138945647,0.241387337,0.499905571,,0.005494505,0.003723404,0.499905571,0.241387337
6821,Josh Allen,256,0.129228348,14,6,3,1,20,0,0,0,141,114,0,0,0,0,7,6,8,27,32,31,41,1,103,0,0,256,0,0,1,0,0,0,1,0,0,L,0.360966057,0.165046888,0.263006473,0.102574906,0.138151042,,-1.05E-15,0.012890625,0.360966057,0.263006473
6836,Jahlani Tavai,77,0.038615506,3,1,1,0,3,0,0,0,5,72,0,0,0,0,0,0,0,0,0,0,0,0,77,0,0,77,0,0,1,0,0,1,0,0,0,R,0.010310734,-1.05E-15,0.005155367,0.417587719,0.437742267,,-1.05E-15,-5.83E-16,0.437742267,0.417587719
6847,Rashan Gary,112,0.093048089,9,2,1,0,5,0,0,0,67,44,0,0,0,0,5,1,6,1,5,2,27,1,64,0,0,112,0,0,1,0,0,0,1,0,0,L,0.318055556,0.282798574,0.300427065,0.13808933,0.236458333,,0.002544529,0.003445306,0.318055556,0.300427065
6852,Justin Hollins,170,-0.025497794,4,7,1,0,9,1,0,0,32,136,0,0,0,0,0,0,0,0,0,0,0,2,168,0,0,170,0,0,1,0,0,1,0,0,0,R,1.25E-15,-1.05E-15,9.71445E-17,0.378972366,0.516199813,,-1.03E-15,-8.88E-16,0.516199813,0.378972366
6855,Dre'Mont Jones,139,0.039625892,9,3,3,1,9,1,1,0,76,41,22,4,12,12,38,19,26,3,0,2,1,0,0,0,139,0,1,0,0,0,1,0,0,0,0,L,0.206435185,0.114496768,0.160465977,3.47E-16,0.005494505,,0.289393939,0.331535471,0.331535471,0.289393939
6859,Malik Reed,183,0.11078971,3,6,1,0,5,1,0,0,109,68,0,0,0,0,0,0,0,0,0,0,0,6,177,0,0,183,0,0,1,0,0,0,1,0,0,L,0.019754768,0.007653061,0.013703915,0.742465753,0.286838817,,-1.05E-15,-5.55E-16,0.742465753,0.286838817
6860,Kingsley Keke,58,0.158945017,2,5,0,0,0,0,0,0,23,34,1,0,2,10,40,1,2,1,0,1,0,0,0,58,0,0,0,1,0,0,0,0,0,1,0,R,0.268518519,0.019845595,0.144182057,0.020063406,0.036247747,,0.212152778,0.381576577,0.381576577,0.268518519
6883,Charles Omenihu,268,0.196774578,4,3,1,0,14,1,0,0,166,76,24,4,2,2,24,22,56,25,26,19,54,2,8,0,268,0,1,0,0,0,1,0,0,0,0,L,0.517964824,0.34200542,0.429985122,0.041957105,0.012408425,,0.078877005,0.161416667,0.517964824,0.429985122
6909,Armon Watts,117,-0.113773171,6,8,1,1,6,1,0,1,47,66,4,85,1,16,11,0,0,0,0,0,0,0,0,117,0,0,0,1,0,0,0,0,0,1,0,R,0.029166667,0.016038647,0.022602657,0.002688172,0.002673797,,0.61253406,0.385545723,0.61253406,0.385545723
6916,Jaylon Ferguson,341,-0.154397698,18,9,2,1,18,1,0,0,142,157,0,0,0,1,40,0,13,5,7,3,21,42,209,0,0,341,0,0,1,0,0,1,0,0,0,R,0.196167558,0.130926916,0.163547237,0.12014652,0.520088889,,0.01061008,0.115151515,0.520088889,0.196167558
6940,Nick Bosa,469,-0.03631371,14,12,2,0,45,1,0,0,129,336,0,0,2,1,0,16,4,6,69,36,304,4,27,0,469,0,1,0,0,1,0,0,0,0,0,R,0.410514834,0.359033424,0.384774129,0.10878187,0.086546701,,0.011740331,0.012362637,0.410514834,0.384774129
6946,Darryl Johnson,82,-0.179994524,2,2,0,0,5,0,0,0,7,75,0,0,0,0,0,0,0,6,22,44,9,0,1,0,82,0,1,0,0,1,0,0,0,0,0,R,0.402994792,0.550726612,0.476860702,0.080699234,0.048891731,,0.004557641,0.077101449,0.550726612,0.476860702
6964,Ben Banogu,150,-0.035119747,1,2,1,0,16,0,0,0,134,16,0,0,0,0,0,4,0,2,25,15,104,0,0,0,150,0,1,0,0,0,1,0,0,0,0,L,0.562072336,0.472710104,0.51739122,0.025197889,0.031448158,,0.02861552,0.05056338,0.562072336,0.51739122
6976,Ed Oliver,260,-0.179886323,12,13,4,0,11,1,0,1,118,141,1,23,5,7,192,7,24,1,0,0,0,0,0,260,0,0,0,1,0,0,0,0,0,1,0,R,0.018131868,0.007506361,0.012819115,0.002762431,0.008960573,,0.410054348,0.536826347,0.536826347,0.410054348
6977,Khari Willis,36,-0.140270306,5,1,0,0,0,0,0,0,22,14,0,0,0,0,0,0,0,0,0,0,0,0,36,0,0,0,0,0,0,0,0,0,0,0,0,L,0.012522769,0.001559715,0.007041242,0.013597734,0.486591642,,0.002923977,-1.17E-15,0.486591642,0.013597734
6987,Renell Wren,65,-0.261597215,1,3,0,0,0,0,0,0,41,24,0,0,0,2,18,2,17,22,0,3,1,0,0,65,0,0,0,1,0,0,0,0,0,0,1,L,0.372345337,0.118245614,0.245295476,0.0266486,0.02266289,,0.148113208,0.186062378,0.372345337,0.245295476
7027,Sione Takitaki,43,-0.15076,4,2,0,0,1,0,0,0,28,15,0,0,0,0,0,0,0,0,0,1,1,0,41,0,0,43,0,0,1,0,0,0,1,0,0,L,1.22E-15,0.021583986,0.010791993,0.05694051,0.223885371,,0.00273224,-8.05E-16,0.223885371,0.05694051
7034,Mack Wilson,70,-0.049669371,1,3,0,0,3,0,0,1,33,37,0,0,0,0,0,0,0,0,0,0,1,0,69,0,0,70,0,0,1,0,0,1,0,0,0,R,0.018450292,0.022695035,0.020572664,0.51592301,0.32851159,,-1.05E-15,-9.99E-16,0.51592301,0.32851159
7049,Isaiah Buggs,54,-0.132884907,2,1,0,0,1,0,0,0,17,36,1,1,4,10,29,1,5,2,0,0,0,0,1,0,54,0,1,0,0,1,0,0,0,0,0,R,0.203150685,0.067418214,0.135284449,0.009078212,0.007432432,,0.239414414,0.248924731,0.248924731,0.239414414
7078,Andrew Van Ginkel,177,0.010077192,9,3,1,0,4,0,0,0,51,125,0,0,0,0,0,0,0,0,0,0,0,1,176,0,0,177,0,0,1,0,0,1,0,0,0,R,0.016859903,-1.05E-15,0.008429952,0.50554078,0.319129288,,-1.05E-15,0.00255102,0.50554078,0.319129288
7086,Christian Wilkins,415,-0.004753342,13,19,2,0,20,1,0,0,293,43,78,31,23,37,153,4,32,34,0,14,1,1,7,415,0,0,0,1,0,0,0,0,0,0,1,L,0.272676056,0.063975694,0.168325875,0.014123524,0.005128205,,0.232058546,0.468282548,0.468282548,0.272676056
7096,Dexter Lawrence,356,0.015339992,10,6,0,0,11,1,0,0,291,58,7,106,10,16,178,0,24,15,0,0,0,0,0,356,0,0,0,1,0,0,0,0,0,0,1,L,0.030138889,0.02959622,0.029867554,2.36E-16,0.002673797,,0.409883199,0.526342593,0.526342593,0.409883199
7105,Oshane Ximines,199,0.176269116,4,3,2,0,13,0,0,0,42,152,1,0,0,0,0,1,1,16,3,19,33,4,121,0,0,199,0,0,1,0,0,1,0,0,0,R,0.18337766,0.138783784,0.161080722,0.404565603,0.276369545,,0.010714286,0.044508671,0.404565603,0.276369545
7113,Kyle Phillips,273,-0.091619106,8,6,1,0,9,0,0,0,203,70,0,0,2,5,14,21,34,16,15,14,63,0,89,0,273,0,1,0,0,0,1,0,0,0,0,L,0.261447368,0.355164319,0.308305844,0.150690608,0.222751323,,0.012157383,0.027340824,0.355164319,0.308305844
7126,Quinnen Williams,289,-0.124083346,8,3,2,0,15,0,0,0,49,235,5,59,18,41,76,22,60,1,2,1,4,0,0,289,0,0,0,1,0,0,0,0,0,1,0,R,0.033619048,0.059198813,0.04640893,0.002131287,-2.22E-16,,0.396435453,0.39254386,0.396435453,0.39254386
7143,Montez Sweat,320,0.1493977,11,6,5,1,17,1,0,2,75,242,0,0,0,0,1,0,0,6,5,45,101,3,159,0,0,320,0,0,1,0,0,1,0,0,0,R,0.321184211,0.051805986,0.186495098,0.305364996,0.41446281,,-1.05E-15,0.025793651,0.41446281,0.321184211
7147,Jerry Tillery,134,0.024933075,5,3,0,1,3,0,0,0,79,54,1,2,0,2,124,0,0,1,3,1,0,0,0,134,0,0,0,1,0,0,0,0,0,0,1,L,0.034747215,0.104074074,0.069410645,0.033287671,0.002739726,,0.396899225,0.299954955,0.396899225,0.299954955
7187,Trysten Hill,34,0.172124412,3,1,0,0,2,0,0,0,18,16,0,8,0,25,1,0,0,0,0,0,0,0,0,34,0,0,0,1,0,0,0,0,0,0,1,L,0.230811966,0.013830846,0.122321406,0.021352785,0.025279931,,0.409863014,0.233465959,0.409863014,0.233465959
7196,Chase Winovich,123,0.019284057,6,3,1,0,13,0,0,0,17,83,0,0,0,0,0,0,0,0,0,0,0,23,100,0,123,0,1,0,0,1,0,0,0,0,0,R,0.008695652,-1.05E-15,0.004347826,0.406089744,0.422557078,,-1.03E-15,-8.33E-16,0.422557078,0.406089744
7204,Khalen Saunders,136,0.026913294,5,8,0,0,2,1,0,0,38,95,3,56,1,10,62,1,3,0,0,0,0,0,0,136,0,0,0,1,0,0,0,0,0,1,0,R,0.001785714,-1.05E-15,0.000892857,2.36E-16,-2.22E-16,,0.336512524,0.671476793,0.671476793,0.336512524
7217,Dre Greenlaw,61,0.035242213,2,3,1,0,3,0,0,0,24,37,0,0,0,0,0,0,0,0,0,0,0,0,61,0,0,61,0,0,1,0,0,1,0,0,0,R,0.009429012,-8.60E-16,0.004714506,0.424952652,0.165918573,,-1.05E-15,-9.44E-16,0.424952652,0.165918573
7236,Maxx Crosby,425,-0.001388506,19,10,7,2,34,1,0,2,285,139,0,0,0,0,10,13,6,66,75,64,190,1,0,0,425,0,1,0,0,0,1,0,0,0,0,L,0.339247312,0.543087121,0.441167217,0.007167986,0.074501425,,0.069303202,0.093513258,0.543087121,0.441167217
7239,Clelin Ferrell,314,-0.032176471,13,14,2,1,14,2,0,0,2,312,0,0,0,2,7,6,19,73,52,77,75,0,3,0,314,0,1,0,0,1,0,0,0,0,0,R,0.243404635,0.674812734,0.459108684,0.023351159,0.029817352,,0.046258503,0.054121864,0.674812734,0.459108684
7286,John Cominsky,31,-0.302684533,1,4,0,1,5,1,0,0,28,3,0,0,0,0,6,1,4,2,6,2,10,0,0,0,31,0,1,0,0,0,1,0,0,0,0,L,0.550957854,0.425342466,0.48815016,0.038346883,0.026196581,,0.033716965,0.179768519,0.550957854,0.48815016
7309,Miles Brown,90,-0.079207222,1,0,0,0,1,1,0,0,33,51,6,9,4,51,15,1,3,1,0,0,0,0,0,90,0,0,0,1,0,0,0,0,0,1,0,R,0.24296394,0.029661017,0.136312479,0.005333333,0.038081671,,0.4475,0.22947619,0.4475,0.24296394
7312,Michael Dogbe,68,0.040235662,4,1,0,0,0,0,0,0,28,40,0,1,0,1,33,2,21,5,1,4,0,0,0,0,68,0,1,0,0,1,0,0,0,0,0,R,0.102861446,0.26018018,0.181520813,0.008652095,0.008864266,,0.110746812,0.405080214,0.405080214,0.26018018
7332,Brian Burns,187,0.154487893,4,2,2,0,13,0,0,0,33,150,0,0,0,0,2,0,2,12,14,18,65,4,70,0,0,187,0,0,1,0,0,1,0,0,0,R,0.307378472,0.183545377,0.245461925,0.09232159,0.311324201,,-1.05E-15,0.002932551,0.311324201,0.307378472
7347,Chauncey Gardner-Johnson,38,0.072865921,3,1,0,0,1,0,0,0,26,12,0,0,0,0,0,0,0,0,0,0,0,0,38,0,0,0,0,0,0,0,0,0,0,0,0,L,0.009725906,8.96E-04,0.005310982,0.005153203,0.244371152,,-1.05E-15,-5.83E-16,0.244371152,0.009725906
7348,Carl Granderson,78,-0.138250449,4,4,0,0,4,0,0,0,43,35,0,0,0,0,1,1,1,3,11,20,27,0,14,0,78,0,1,0,0,0,1,0,0,0,0,L,0.362753223,0.49893617,0.430844697,0.04045045,0.019971264,,-1.05E-15,0.01399061,0.49893617,0.430844697
7350,Porter Gustin,213,0.018202146,8,4,1,0,7,0,0,0,82,130,0,0,0,0,10,5,12,51,52,30,43,1,9,0,213,0,1,0,0,1,0,0,0,0,0,R,0.493112948,0.464336918,0.478724933,0.003296703,0.032142857,,-1.05E-15,0.012919897,0.493112948,0.478724933
7363,Shy Tuttle,184,-0.016559962,5,7,1,0,6,1,0,0,85,82,17,70,9,59,28,0,0,1,0,0,0,0,0,184,0,0,0,1,0,0,0,0,0,0,1,L,0.007783883,0.001298701,0.004541292,0.006117647,0.005899705,,0.532170543,0.453388278,0.532170543,0.453388278
7375,Greg Gaines,130,0.097138777,4,3,0,0,3,0,0,0,61,65,4,121,1,3,1,0,0,0,0,0,0,0,0,130,0,0,0,1,0,0,0,0,0,1,0,R,0.01260469,-1.05E-15,0.006302345,0.031917808,0.019159741,,0.682404692,0.30709707,0.682404692,0.30709707
7395,Cody Barton,126,0.16279069,2,12,0,0,1,1,0,0,28,61,0,0,0,0,0,0,0,0,0,0,0,37,89,0,0,126,0,0,1,0,0,1,0,0,0,R,0.082037037,0.03039966,0.056218348,0.320977939,0.632606721,,0.010230179,0.005998286,0.632606721,0.320977939
7399,L.J. Collier,84,0.002818821,0,1,0,0,1,0,0,0,40,43,1,0,0,0,14,3,6,30,1,26,2,0,1,0,84,0,1,0,0,1,0,0,0,0,0,R,0.499092646,0.431613757,0.465353201,0.036945304,0.021137153,,0.057335069,0.15557041,0.499092646,0.465353201
7424,Anthony Rush,123,0.034663236,6,3,0,0,2,2,0,0,36,81,6,22,5,36,46,2,6,0,0,0,0,0,0,123,0,0,0,1,0,0,0,0,0,1,0,R,0.056666667,-1.05E-15,0.028333333,3.47E-16,-2.22E-16,,0.504855643,0.445810565,0.504855643,0.445810565
7438,Sam Eguavoen,93,-0.114899344,1,4,1,0,8,0,0,0,54,39,0,0,0,0,0,0,0,0,0,0,0,0,93,0,0,93,0,0,1,0,0,0,1,0,0,L,0.036835106,0.00357462,0.020204863,0.43412037,0.55460103,,-1.05E-15,-8.05E-16,0.55460103,0.43412037
7512,Albert Huggins,30,-0.0788479,0,2,0,0,1,0,0,0,6,23,1,0,3,8,14,0,4,0,0,0,0,0,0,0,30,0,1,0,0,1,0,0,0,0,0,R,0.194929577,0.126287263,0.16060842,0.00839895,0.02456427,,0.275210084,0.123307626,0.275210084,0.194929577
7542,Isaiah Mack,39,0.080536821,0,3,0,0,0,0,0,0,11,27,1,8,4,4,17,1,4,0,0,0,0,0,0,39,0,0,0,1,0,0,0,0,0,1,0,R,0.215022831,0.046157541,0.130590186,0.005390836,0.003427592,,0.386639493,0.277661692,0.386639493,0.277661692
7547,Derick Roberson,28,-0.271993536,4,1,3,0,4,0,0,0,9,18,0,0,0,0,1,1,0,0,0,3,18,1,4,0,0,28,0,0,1,0,0,1,0,0,0,R,0.126268116,0.455438596,0.290853356,0.059344894,0.062880886,,0.014298481,0.068508997,0.455438596,0.290853356
