PlayerId,Name,count,EPA,SoloTackle,AssistedTackle,SoloSack,AssistedSack,Pressure,PassBreakup,Interception,ForcedFumble,LeftSide,RightSide,Tech0,Tech1,Tech2,Tech2i,Tech3,Tech4,Tech4i,Tech5,Tech6,Tech7,Tech9,TechOff,TechOutside,DT,DE,RosterLB,DEBinary,DTBinary,RosterLBBinary,DER,DEL,RosterLBR,RosterLBL,DTR,DTL,DominantSide,DERPrediction,DELPrediction,RosterLBRPrediction,RosterLBLPrediction,DTRPrediction,DTLPrediction
26,Bud Dupree,478,-0.22881907740585775,19,19,7,1,30,1,0,3,15,455,0,0,0,0,0,0,0,0,0,0,0,8,470,0,0,478,0,0,1,0,0,1,0,0,0,R,0,0,0,1,0,0
27,Cameron Heyward,476,-0.21208376260504203,22,25,4,1,34,5,0,0,48,401,17,25,46,67,132,37,54,20,17,9,16,10,26,0,476,0,1,0,0,1,0,0,0,0,0,R,0,0,0,0,0,0
68,Chandler Jones,498,0.04073822088353414,21,11,10,1,38,4,0,4,247,245,0,0,0,0,2,0,1,2,2,8,40,6,437,0,0,498,0,0,1,0,0,0,1,0,0,L,0,0,0,0,0,0
69,Jamie Collins,106,0.04219693396226415,1,9,0,0,2,1,0,0,20,86,0,0,0,0,0,0,0,0,0,0,0,0,106,0,0,106,0,0,1,0,0,1,0,0,0,R,0,0,0,1,0,0
71,Dont'a Hightower,86,-0.05511320930232558,4,2,1,0,8,0,0,0,58,28,0,0,0,1,0,0,0,0,0,0,0,0,85,0,0,86,0,0,1,0,0,0,1,0,0,L,0,0,0,0,0,0
97,Steve McLendon,224,-0.10339039732142857,13,8,1,1,8,0,0,0,164,26,34,45,32,38,41,8,25,1,0,0,0,0,0,224,0,0,0,1,0,0,0,0,0,0,1,L,0,0,0,0,1,1
132,Jerry Hughes,344,-0.07226022674418604,3,3,2,0,21,0,0,0,8,332,0,0,0,0,2,4,2,43,66,56,121,4,46,0,344,0,1,0,0,1,0,0,0,0,0,R,1,0,0,0,0,0
162,Aaron Lynch,139,0.1784108417266187,2,0,1,0,11,2,0,0,86,45,0,2,1,1,26,6,6,1,2,7,7,8,72,0,0,139,0,0,1,0,0,0,1,0,0,L,0,0,0,0,0,0
172,Eric Reid,65,0.2032696,3,4,0,0,1,0,0,0,37,28,0,0,0,0,0,0,0,0,0,0,0,0,65,0,0,0,0,0,0,0,0,0,0,0,0,L,0,0,0,0,0,0
180,Arik Armstead,458,-0.005730194323144111,16,12,3,3,32,2,0,1,389,62,5,14,8,20,53,38,47,11,70,56,122,2,12,0,458,0,1,0,0,0,1,0,0,0,0,L,0,1,0,0,0,0
224,Damon Harrison,291,-0.03951866323024055,17,12,0,0,4,0,0,0,133,19,139,46,18,15,73,0,0,0,0,0,0,0,0,291,0,0,0,1,0,0,0,0,0,0,1,L,0,0,0,0,0,1
226,Leonard Williams,333,-0.0353406036036036,10,15,0,1,26,2,0,0,37,283,10,68,5,12,138,3,23,25,5,19,19,3,3,0,333,0,1,0,0,1,0,0,0,0,0,R,0,0,0,0,0,0
231,Demario Davis,58,0.05759293103448276,4,2,1,0,4,2,0,0,17,41,0,0,0,0,0,0,0,0,0,0,0,0,58,0,0,58,0,0,1,0,0,1,0,0,0,R,0,0,0,0,0,0
258,Cameron Wake,58,0.21493470689655175,0,0,0,0,8,0,0,0,56,2,0,0,0,0,3,0,1,2,3,2,46,0,1,0,58,0,1,0,0,0,1,0,0,0,0,L,0,0,0,0,0,0
259,Ndamukong Suh,458,-0.1490879519650655,16,8,2,0,21,5,0,0,343,107,5,16,16,49,218,33,83,17,1,8,7,3,2,458,0,0,0,1,0,0,0,0,0,0,1,L,0,0,0,0,0,0
268,Olivier Vernon,98,0.06934273469387756,2,3,1,1,5,0,0,0,6,91,0,0,0,0,5,0,0,34,17,7,6,1,28,0,98,0,1,0,0,1,0,0,0,0,0,R,0,0,0,0,0,0
291,Timmy Jernigan,212,-0.049935108490566045,6,3,1,0,8,0,0,0,19,192,1,20,20,70,77,4,19,1,0,0,0,0,0,212,0,0,0,1,0,0,0,0,0,1,0,R,0,0,0,0,0,0
292,Reshad Jones,28,0.3171178571428571,0,1,0,0,0,1,0,0,14,14,0,0,0,0,0,0,0,0,0,0,0,0,28,0,0,0,0,0,0,0,0,0,0,0,0,L,0,0,0,0,0,0
301,Brandon Williams,288,-0.19154688888888888,9,15,0,0,3,0,0,0,125,101,60,38,24,35,118,1,10,0,0,0,0,2,0,288,0,0,0,1,0,0,0,0,0,0,1,L,0,0,0,0,1,1
312,Terrell Suggs,275,0.12369411636363636,6,8,0,1,12,0,0,0,91,179,0,0,0,0,0,1,0,0,0,0,20,5,249,0,0,275,0,0,1,0,0,1,0,0,0,R,0,0,1,0,0,0
338,Derek Wolfe,185,-0.07773685945945946,6,6,3,0,7,1,0,0,178,6,0,2,25,15,76,27,13,24,1,1,0,1,0,0,185,0,1,0,0,0,1,0,0,0,0,L,0,0,0,0,0,0
343,Sylvester Williams,32,0.03732015625,2,3,0,0,0,0,0,0,10,17,5,26,0,1,0,0,0,0,0,0,0,0,0,32,0,0,0,1,0,0,0,0,0,1,0,R,0,0,0,0,0,0
347,Justin Ellis,59,-0.22522796610169493,1,5,0,0,2,0,0,0,17,35,7,23,1,15,12,0,1,0,0,0,0,0,0,59,0,0,0,1,0,0,0,0,0,1,0,R,0,0,0,0,1,0
354,Mario Edwards Jr,157,0.024147630573248403,5,1,3,0,7,0,0,1,98,59,0,0,0,0,12,6,4,57,18,38,13,0,9,0,157,0,1,0,0,0,1,0,0,0,0,L,1,1,0,0,0,0
363,Von Miller,337,0.05250329673590504,11,9,4,0,29,2,0,0,221,104,0,0,0,0,0,0,0,0,0,0,0,12,325,0,0,337,0,0,1,0,0,0,1,0,0,L,0,0,0,1,0,0
365,Khalil Mack,474,-0.04958416877637131,14,5,3,0,32,1,0,1,231,236,0,0,0,0,0,4,1,13,10,42,226,7,171,0,0,474,0,0,1,0,0,1,0,0,0,R,1,0,0,0,0,0
380,Corey Liuget,120,-0.224815775,6,4,1,0,1,1,0,0,66,54,0,68,0,11,21,2,1,5,3,9,0,0,0,120,0,0,0,1,0,0,0,0,0,0,1,L,0,0,0,0,0,0
390,Melvin Ingram III,385,-0.015830945454545456,21,10,5,2,30,5,1,0,173,148,0,0,0,0,1,0,1,0,0,0,0,64,319,0,385,0,1,0,0,0,1,0,0,0,0,L,0,0,0,1,0,0
420,Danny Shelton,265,-0.06512730188679246,12,23,1,0,7,0,0,1,59,81,125,74,11,12,29,2,10,2,0,0,0,0,0,265,0,0,0,1,0,0,0,0,0,1,0,R,0,0,0,0,0,1
427,Eddie Goldman,187,-0.12304804278074866,10,5,1,0,5,0,0,0,17,138,30,47,19,44,41,0,2,0,0,1,0,2,1,187,0,0,0,1,0,0,0,0,0,1,0,R,0,0,0,0,0,1
430,Sam Acho,36,0.09650611111111111,1,1,1,0,2,0,0,1,7,26,0,0,0,0,1,0,0,0,0,0,0,3,32,0,36,0,1,0,0,1,0,0,0,0,0,R,0,0,0,0,0,0
432,Christian Jones,225,0.028350457777777775,5,15,0,0,2,0,0,0,79,83,0,0,0,0,1,0,0,0,1,0,0,63,160,0,0,225,0,0,1,0,0,1,0,0,0,R,0,0,1,1,0,0
439,Jadeveon Clowney,235,-0.020525034042553188,10,3,1,0,14,0,0,2,91,135,0,0,0,0,3,1,3,45,18,70,45,9,41,0,235,0,1,0,0,1,0,0,0,0,0,R,1,0,0,0,0,0
443,Jeremiah Attaochu,267,0.023503977528089883,8,7,3,1,14,0,0,0,102,150,0,0,0,0,0,0,0,0,0,0,5,15,247,0,0,267,0,0,1,0,0,1,0,0,0,R,0,0,0,0,0,0
452,Patrick Robinson,31,-0.4198154193548387,1,1,0,0,4,0,0,0,15,16,0,0,0,0,0,0,0,0,0,0,0,0,31,0,0,0,0,0,0,0,0,0,0,0,0,R,0,0,0,0,0,0
514,Star Lotulelei,258,-0.0941348953488372,8,4,2,0,4,1,1,0,116,141,1,177,4,38,25,4,9,0,0,0,0,0,0,258,0,0,0,1,0,0,0,0,0,1,0,R,0,0,0,0,1,0
518,AJ Klein,78,-0.16354517948717948,5,0,0,0,0,0,0,0,51,27,0,0,0,0,0,0,0,0,0,0,0,0,78,0,0,78,0,0,1,0,0,0,1,0,0,L,0,0,1,0,0,0
533,Tre Boston,29,0.31236493103448276,2,0,0,0,0,0,0,0,25,4,0,0,0,0,0,0,0,0,0,0,0,0,29,0,0,0,0,0,0,0,0,0,0,0,0,L,0,0,0,1,0,0
537,Calais Campbell,366,0.06747773770491804,16,7,2,0,25,2,0,1,191,162,8,10,2,11,88,28,29,76,33,47,17,5,12,0,366,0,1,0,0,0,1,0,0,0,0,L,0,1,0,0,0,0
541,Corey Peters,371,0.053969722371967656,8,9,0,0,8,0,0,0,127,188,56,79,6,155,59,5,11,0,0,0,0,0,0,371,0,0,0,1,0,0,0,0,0,1,0,R,0,0,0,0,0,1
544,Lorenzo Alexander,78,0.1760401923076923,5,4,0,0,4,0,0,0,38,40,0,0,0,0,0,0,0,0,0,0,0,0,78,0,0,78,0,0,1,0,0,1,0,0,0,R,0,0,0,0,0,0
547,Alex Okafor,87,-0.1390118275862069,2,2,2,0,6,0,0,0,78,4,0,0,0,0,0,2,0,4,20,3,32,5,21,0,87,0,1,0,0,0,1,0,0,0,0,L,0,0,0,0,0,0
558,Markus Golden,456,-0.0036494978070175446,18,19,4,0,34,1,0,0,370,81,0,0,0,0,3,2,2,16,12,36,166,5,214,0,0,456,0,0,1,0,0,0,1,0,0,L,0,0,0,0,0,0
588,Mike Daniels,126,0.006870055555555556,4,3,1,0,6,0,0,0,88,25,13,8,2,5,59,6,16,9,1,6,1,0,0,126,0,0,0,1,0,0,0,0,0,0,1,L,0,0,0,0,0,0
597,Clay Matthews,350,-0.04392139142857143,9,9,2,0,21,2,0,0,250,90,0,0,0,0,0,0,0,0,0,1,0,10,339,0,0,350,0,0,1,0,0,0,1,0,0,L,0,0,0,1,0,0
696,Ezekiel Ansah,166,0.06559926506024095,3,4,1,1,9,2,0,1,52,110,0,0,0,0,1,3,5,11,7,33,73,4,29,0,166,0,1,0,0,1,0,0,0,0,0,R,0,0,0,0,0,0
709,DeMarcus Lawrence,348,-0.056315962643678164,20,11,1,1,27,1,0,0,324,21,0,0,0,0,5,5,11,2,115,26,168,3,13,0,348,0,1,0,0,0,1,0,0,0,0,L,0,0,0,0,0,0
714,Tahir Whitehead,31,0.058586419354838694,3,0,0,0,0,0,0,0,22,9,0,0,0,0,0,0,0,0,0,0,0,0,31,0,0,31,0,0,1,0,0,0,1,0,0,L,0,0,0,0,0,0
719,Kyle Van Noy,375,-0.051797552000000004,20,11,2,0,22,1,0,1,265,42,0,0,0,0,0,0,0,0,0,0,0,68,307,0,0,375,0,0,1,0,0,0,1,0,0,L,0,0,0,1,0,0
740,K.J. Wright,35,0.06757628571428571,1,1,0,0,0,1,0,0,24,11,0,0,0,0,0,0,0,0,0,0,0,0,35,0,0,35,0,0,1,0,0,0,1,0,0,L,0,0,0,0,0,0
748,Bruce Irvin,390,0.1510617717948718,11,13,5,0,24,0,0,1,324,61,0,0,0,0,12,1,0,9,52,20,69,5,222,0,0,390,0,0,1,0,0,0,1,0,0,L,0,0,0,0,0,0
753,Michael Bennett,396,-0.06579236363636363,20,6,4,0,26,0,0,0,331,62,2,6,6,7,24,40,43,47,38,17,151,1,14,0,396,0,1,0,0,0,1,0,0,0,0,L,0,1,0,0,0,0
755,Frank Clark,265,-0.19755796226415095,8,7,4,0,19,1,0,1,88,170,0,2,0,0,1,2,0,4,11,4,113,7,121,0,265,0,1,0,0,1,0,0,0,0,0,R,0,0,0,0,0,0
759,Vic Beasley Jr,339,-0.0939114023668639,16,6,6,1,18,1,0,2,182,140,0,0,0,0,0,1,1,7,7,36,131,17,139,0,0,339,0,0,1,0,0,0,1,0,0,L,0,0,0,0,0,0
763,Brandon Mebane,206,-0.03140120873786408,5,3,0,0,3,0,0,0,86,115,5,190,1,4,6,0,0,0,0,0,0,0,0,206,0,0,0,1,0,0,0,0,0,1,0,R,0,0,0,0,1,0
767,Adrian Clayborn,241,-0.09596269709543569,4,2,3,0,21,0,0,0,1,234,0,0,0,0,21,13,17,3,5,10,141,6,25,0,241,0,1,0,0,1,0,0,0,0,0,R,0,0,0,0,0,0
771,Cassius Marsh,253,-0.04389848221343873,11,10,1,1,13,0,0,0,132,95,0,0,0,0,3,0,1,0,0,0,6,26,217,0,0,253,0,0,1,0,0,0,1,0,0,L,0,0,0,1,0,0
794,DaQuan Jones,355,0.02180786478873239,10,12,0,0,7,2,0,0,171,143,33,180,26,33,65,3,7,0,0,0,0,8,0,355,0,0,0,1,0,0,0,0,0,0,1,L,0,0,0,0,1,1
805,Jurrell Casey,273,-0.013721666666666668,9,9,3,0,12,0,0,0,115,104,10,4,7,17,47,12,29,12,7,4,22,44,58,273,0,0,0,1,0,0,0,0,0,0,1,L,0,0,0,0,0,0
810,Gerald McCoy,342,0.16369108771929824,8,14,2,1,19,1,0,0,112,219,11,67,2,5,198,2,23,24,0,8,2,0,0,342,0,0,0,1,0,0,0,0,0,1,0,R,0,0,0,0,0,1
825,Lavonte David,65,-0.24511883076923077,3,0,0,0,4,2,0,0,9,56,0,0,0,0,0,0,0,0,0,0,0,0,65,0,0,65,0,0,1,0,0,1,0,0,0,R,0,0,0,0,0,0
836,Bradley McDougald,37,0.27230854054054054,1,1,0,0,0,0,0,0,21,16,0,0,0,0,0,0,0,0,0,0,0,0,37,0,0,0,0,0,0,0,0,0,0,0,0,L,0,0,0,0,0,0
839,Linval Joseph,199,-0.08991361809045226,8,9,0,0,4,0,0,0,68,113,18,129,17,24,10,1,0,0,0,0,0,0,0,199,0,0,0,1,0,0,0,0,0,1,0,R,0,0,0,0,1,0
842,Everson Griffen,374,-0.05220175668449198,11,8,3,1,28,0,0,0,0,374,0,0,0,0,0,32,3,21,60,111,120,0,27,0,374,0,1,0,0,1,0,0,0,0,0,R,0,1,0,0,0,0
843,Danielle Hunter,415,-0.014908313253012048,17,9,6,0,35,0,0,2,390,25,0,0,0,0,1,30,13,30,120,91,112,0,18,0,415,0,1,0,0,0,1,0,0,0,0,L,1,0,0,0,0,0
845,Al Woods,178,-0.09852528651685394,7,6,1,0,7,0,0,0,93,81,1,71,8,8,86,0,1,0,0,0,0,3,0,178,0,0,0,1,0,0,0,0,0,0,1,L,0,0,0,0,0,1
848,Anthony Barr,58,0.03978049999999998,2,3,0,0,1,0,0,0,29,29,0,0,0,0,0,0,0,0,0,0,0,0,58,0,0,58,0,0,1,0,0,0,0,0,0,L,0,0,1,0,0,0
856,Harrison Smith,41,-0.02323573170731709,3,2,0,0,3,1,0,0,17,24,0,0,0,0,0,0,0,0,0,0,0,0,41,0,0,0,0,0,0,0,0,0,0,0,0,R,0,0,0,0,0,0
890,Akiem Hicks,35,-0.3415606,4,0,0,0,3,0,0,0,33,1,1,1,3,0,14,8,5,0,0,0,0,0,3,35,0,0,0,1,0,0,0,0,0,0,1,L,0,0,0,0,0,0
907,John Jenkins,252,-0.006040384920634923,9,12,0,0,4,0,0,0,109,90,51,46,26,18,94,3,9,1,1,1,0,2,0,252,0,0,0,1,0,0,0,0,0,0,1,L,0,0,0,0,0,1
933,Carlos Dunlap,407,0.018903063882063885,27,16,7,2,34,5,0,2,268,137,0,0,0,0,6,0,3,100,32,52,95,2,117,0,407,0,1,0,0,0,1,0,0,0,0,L,0,0,0,0,0,0
934,Domata Peko,132,-0.21252102272727275,7,7,0,0,3,0,0,0,46,55,30,44,6,16,31,0,4,0,0,0,0,1,0,132,0,0,0,1,0,0,0,0,0,1,0,R,0,0,0,0,0,1
935,Geno Atkins,394,0.06108316497461929,7,13,1,1,15,0,0,0,135,232,20,13,7,23,309,5,5,5,0,0,0,7,0,394,0,0,0,1,0,0,0,0,0,1,0,R,0,0,0,0,0,1
995,Aaron Donald,415,-0.037729183132530125,11,12,6,3,38,1,0,0,199,212,1,5,4,2,300,26,25,31,1,5,10,3,2,415,0,0,0,1,0,0,0,0,0,1,0,R,0,0,0,0,0,0
997,Michael Brockers,341,-0.030413932551319647,17,12,1,1,9,1,0,0,173,162,6,41,15,1,47,138,23,30,31,7,2,0,0,341,0,0,0,1,0,0,0,0,0,0,1,L,0,0,0,0,0,0
998,Robert Quinn,400,-0.0651617725,16,6,5,0,34,0,0,2,0,400,0,0,0,0,2,10,9,5,99,27,242,0,6,0,400,0,1,0,0,1,0,0,0,0,0,R,0,1,0,0,0,0
1011,Trent Murphy,343,-0.11964945481049563,15,10,5,0,23,0,0,2,339,1,0,0,0,0,4,10,5,44,60,59,75,3,83,0,0,343,0,0,1,0,0,0,1,0,0,L,0,0,0,0,0,0
1016,Ryan Kerrigan,179,0.0664556312849162,5,5,3,1,10,0,0,1,132,42,0,0,0,0,1,0,0,5,4,13,54,5,97,0,0,179,0,0,1,0,0,0,1,0,0,L,0,0,0,0,0,0
1027,Mark Barron,47,-0.9005089361702128,3,2,0,0,0,1,0,0,21,26,0,0,0,0,0,0,0,0,0,0,0,0,47,0,0,47,0,0,1,0,0,1,0,0,0,R,0,0,0,0,0,0
1031,Rodney McLeod,33,-0.20871575757575755,1,2,0,0,3,0,0,1,18,15,0,0,0,0,0,0,0,0,0,0,0,0,33,0,0,0,0,0,0,0,0,0,0,0,0,L,0,0,0,0,0,0
1047,Vinny Curry,203,-0.13538242857142857,10,5,4,0,20,0,0,0,97,106,0,5,3,7,23,6,14,15,10,32,87,0,1,0,203,0,1,0,0,1,0,0,0,0,0,R,0,0,0,0,0,0
1048,Fletcher Cox,384,-0.12842188020833334,10,7,0,2,13,0,0,1,321,35,27,33,37,57,153,8,58,2,0,0,8,1,0,384,0,0,0,1,0,0,0,0,0,0,1,L,0,0,0,0,0,1
1050,Brandon Graham,355,-0.16940931549295776,12,8,3,1,22,0,0,0,281,72,0,2,2,8,17,42,29,21,31,31,159,2,11,0,355,0,1,0,0,0,1,0,0,0,0,L,1,1,0,0,0,0
1053,Mychal Kendricks,174,-0.10000624137931036,9,9,1,0,3,0,0,1,72,53,0,0,0,0,0,0,0,0,0,0,0,49,125,0,0,174,0,0,1,0,0,0,1,0,0,L,0,0,0,0,0,0
1056,Beau Allen,74,-0.17724775675675677,1,4,0,1,4,0,0,0,10,45,19,17,4,12,17,0,5,0,0,0,0,0,0,74,0,0,0,1,0,0,0,0,0,1,0,R,0,0,0,0,1,0
1060,Malcolm Jenkins,51,-0.011378941176470583,5,0,0,0,1,1,0,1,32,19,0,0,0,0,0,0,0,0,0,0,0,0,51,0,0,0,0,0,0,0,0,0,0,0,0,L,0,0,0,0,0,0
1066,Barkevious Mingo,69,-0.1425222463768116,0,1,0,0,6,0,0,0,28,31,0,0,0,0,0,0,0,0,0,1,0,10,58,0,0,69,0,0,1,0,0,1,0,0,0,R,0,0,0,1,0,0
1101,Johnathan Hankins,327,0.013431944954128444,7,18,0,1,7,0,0,0,145,173,9,196,39,54,28,0,1,0,0,0,0,0,0,327,0,0,0,1,0,0,0,0,0,1,0,R,0,0,0,0,0,1
1106,Devon Kennard,432,0.04464860879629629,18,9,4,0,25,0,0,1,357,46,0,0,0,0,4,0,7,1,0,1,66,29,324,0,0,432,0,0,1,0,0,0,1,0,0,L,0,0,0,1,0,0
1112,Landon Collins,28,-0.2842307142857143,1,0,0,0,1,0,0,0,18,10,0,0,0,0,0,0,0,0,0,0,0,0,28,0,0,0,0,0,0,0,0,0,0,0,0,L,0,0,0,0,0,0
1142,Damontre Moore,51,-0.32152113725490195,1,3,0,0,5,0,0,1,19,32,0,0,0,0,0,0,1,2,14,2,28,0,4,0,51,0,1,0,0,1,0,0,0,0,0,R,0,1,0,0,0,0
1164,Cameron Jordan,395,-0.12350087088607595,17,7,7,1,41,4,0,0,318,73,0,1,2,0,6,5,12,58,13,37,29,4,228,0,395,0,1,0,0,0,1,0,0,0,0,L,0,0,0,0,0,0
1167,Kenny Vaccaro,40,0.08371992500000003,2,1,0,0,2,0,0,0,20,20,0,0,0,0,0,0,0,0,0,0,0,0,40,0,0,0,0,0,0,0,0,0,0,0,0,L,0,0,0,0,0,0
1177,Tyeler Davison,223,0.017327072072072073,6,10,0,0,3,0,0,0,82,102,39,117,1,46,16,0,4,0,0,0,0,0,0,223,0,0,0,1,0,0,0,0,0,1,0,R,0,0,0,0,1,0
1184,Justin Houston,329,-0.0449548632218845,13,9,6,0,24,1,0,2,5,323,0,0,0,0,3,1,0,2,23,17,274,1,8,0,329,0,1,0,0,1,0,0,0,0,0,R,0,0,0,0,0,0
1190,Allen Bailey,158,-0.052762563291139236,4,4,1,0,8,0,0,0,64,90,4,13,2,23,42,6,18,21,1,24,3,0,1,0,158,0,1,0,0,1,0,0,0,0,0,R,0,0,0,0,0,0
1219,Denico Autry,276,-0.024455282608695658,4,12,0,2,14,2,0,0,130,141,2,14,1,24,72,60,94,5,1,0,0,3,0,0,276,0,1,0,0,1,0,0,0,0,0,R,0,1,0,0,0,0
1233,Tavon Wilson,31,-0.08565670967741935,1,0,1,0,1,0,0,0,21,10,0,0,0,0,0,0,0,0,0,0,0,0,31,0,0,0,0,0,0,0,0,0,0,0,0,L,0,0,0,0,0,0
1235,Zach Kerr,241,-0.05792003734439834,8,8,0,0,11,0,0,0,179,49,13,18,2,22,75,6,62,24,0,18,1,0,0,241,0,0,0,1,0,0,0,0,0,0,1,L,0,0,0,0,0,0
1245,Sheldon Richardson,408,-0.007870382352941177,18,14,2,0,19,3,0,2,247,153,5,20,14,13,235,8,31,11,28,10,18,3,12,408,0,0,0,1,0,0,0,0,0,0,1,L,0,0,0,0,0,0
1265,John Simon,243,-0.10592775308641976,12,6,1,0,10,0,0,0,45,128,0,0,0,0,0,0,0,0,0,0,0,70,173,0,0,243,0,0,1,0,0,1,0,0,0,R,0,0,0,1,0,0
1287,Shamar Stephen,262,-0.13018398854961832,3,5,0,0,2,2,0,1,161,101,0,6,27,10,203,7,9,0,0,0,0,0,0,262,0,0,0,1,0,0,0,0,0,0,1,L,0,0,0,0,0,0
1340,Jordan Poyer,30,-0.06816403333333333,1,2,0,0,0,0,0,0,20,10,0,0,0,0,0,0,0,0,0,0,0,0,30,0,0,0,0,0,0,0,0,0,0,0,0,L,0,0,0,0,0,0
1410,Dion Jordan,156,-0.022741903846153846,4,2,2,0,13,1,0,0,40,103,0,0,4,1,11,28,27,21,23,11,7,13,10,0,156,0,1,0,0,1,0,0,0,0,0,R,0,1,0,0,0,0
1481,Wes Horton,112,-0.025597125,2,2,0,0,4,0,0,0,77,35,0,2,0,2,61,0,4,26,7,7,3,0,0,0,112,0,1,0,0,0,1,0,0,0,0,L,0,0,0,0,0,0
1482,Mario Addison,348,0.15817489655172415,8,10,2,2,17,0,0,1,65,260,0,1,0,0,5,0,3,27,41,70,57,23,121,0,348,0,1,0,0,1,0,0,0,0,0,R,0,0,0,0,0,0
1714,Jeff Heath,27,-0.09693644444444444,0,0,0,0,2,0,0,0,12,15,0,0,0,0,0,0,0,0,0,0,0,0,27,0,0,0,0,0,0,0,0,0,0,0,0,R,0,0,0,0,0,0
2091,Jabaal Sheard,374,-0.04580141443850268,8,4,3,0,25,2,0,0,369,5,0,3,5,5,4,25,17,6,79,21,201,0,8,0,374,0,1,0,0,0,1,0,0,0,0,L,1,1,0,0,0,0
2186,William Gholston,221,-0.09856693665158371,16,4,0,0,8,1,0,0,93,119,8,11,1,11,83,20,30,36,10,9,1,1,0,0,221,0,1,0,0,1,0,0,0,0,0,R,0,1,0,0,0,0
2188,Akeem Spence,145,0.12955315172413792,6,1,0,0,3,0,0,0,71,72,2,45,4,24,63,2,4,1,0,0,0,0,0,145,0,0,0,1,0,0,0,0,0,1,0,R,0,0,0,0,0,0
2243,Jack Crawford,196,-0.029162790816326528,3,7,0,1,10,3,0,0,130,64,2,7,3,24,63,34,43,15,0,1,4,0,0,0,196,0,1,0,0,0,1,0,0,0,0,L,0,0,0,0,0,0
2365,Jason Pierre-Paul,495,-0.1388078101010101,20,3,7,1,37,3,0,2,181,298,0,1,1,0,28,3,7,14,32,74,136,16,183,0,495,0,1,0,0,1,0,0,0,0,0,R,0,0,0,0,0,0
2450,Chris Smith,50,-0.03460754,0,1,0,0,3,0,0,0,25,23,1,0,1,0,11,2,4,3,6,4,13,1,4,0,50,0,1,0,0,0,1,0,0,0,0,L,0,1,0,0,0,0
2562,Mike Purcell,277,0.016269595667870035,11,20,0,0,8,0,0,0,162,57,58,73,35,33,76,0,2,0,0,0,0,0,0,277,0,0,0,1,0,0,0,0,0,0,1,L,0,0,0,0,0,1
2606,Brandon Dunn,224,0.06359820535714286,7,10,1,0,7,0,0,0,121,89,14,102,9,38,32,4,24,1,0,0,0,0,0,224,0,0,0,1,0,0,0,0,0,0,1,L,0,0,0,0,1,0
2636,Margus Hunt,260,-0.03132806923076923,9,4,0,0,3,0,0,0,157,102,1,4,9,48,175,1,22,0,0,0,0,0,0,260,0,0,0,1,0,0,0,0,0,0,1,L,0,0,0,0,0,0
2652,Shaquil Barrett,448,-0.10023983035714286,24,7,9,1,55,0,0,2,261,182,0,0,0,0,0,1,0,0,0,0,1,5,441,0,0,448,0,0,1,0,0,0,1,0,0,L,0,0,1,0,0,0
2666,Nate Orchard,110,0.07096161818181818,9,5,1,0,5,1,0,0,22,86,0,0,0,0,0,0,3,2,1,37,27,2,38,0,110,0,1,0,0,1,0,0,0,0,0,R,0,0,0,0,0,0
2701,Rodney Gunter,207,0.0314789806763285,9,3,2,1,14,0,0,0,70,137,0,6,2,9,109,8,47,22,0,4,0,0,0,207,0,0,0,1,0,0,0,0,0,1,0,R,0,0,0,0,0,0
2702,Kareem Martin,39,0.016381948717948718,2,2,0,0,3,0,0,0,28,11,0,0,0,0,0,0,0,9,1,6,13,0,10,0,39,0,1,0,0,0,1,0,0,0,0,L,0,0,0,0,0,0
2703,Josh Mauro,82,0.11572218292682927,3,7,0,0,3,0,0,0,81,1,0,0,0,0,1,7,2,10,31,21,4,0,6,0,82,0,1,0,0,0,1,0,0,0,0,L,1,0,0,0,0,0
2722,Dan McCullers,64,-0.144628265625,2,4,0,0,0,0,0,0,23,11,30,28,0,4,2,0,0,0,0,0,0,0,0,64,0,0,0,1,0,0,0,0,0,0,1,L,0,0,0,0,1,0
2739,Trey Flowers,362,0.1344430773480663,18,8,4,0,38,0,0,0,31,321,9,2,1,2,61,1,37,52,12,19,147,1,18,0,362,0,1,0,0,1,0,0,0,0,0,R,0,0,0,0,0,0
2743,Malcom Brown,220,-0.08387905909090909,7,8,0,0,4,1,0,0,102,86,31,93,4,52,39,0,0,0,0,0,0,1,0,220,0,0,0,1,0,0,0,0,0,0,1,L,0,0,0,0,1,0
2750,Dee Ford,68,0.07382145588235295,5,0,2,0,5,0,0,0,53,9,0,0,0,0,0,0,0,0,6,17,22,6,17,0,68,0,1,0,0,0,1,0,0,0,0,L,0,0,0,0,0,0
2758,Dontari Poe,123,0.07557934146341463,4,2,2,0,4,0,0,0,49,64,10,88,0,5,8,3,9,0,0,0,0,0,0,123,0,0,0,1,0,0,0,0,0,1,0,R,0,0,0,0,1,0
2762,Nick Williams,291,-0.10587604467353952,9,13,2,0,8,0,0,0,196,43,50,50,44,36,83,9,8,5,0,1,0,2,3,291,0,0,0,1,0,0,0,0,0,0,1,L,0,0,0,0,0,1
2763,Rakeem Nunez-Roches,146,-0.09396602739726027,1,3,0,0,3,0,0,0,50,78,18,24,3,13,59,13,9,4,0,2,1,0,0,146,0,0,0,1,0,0,0,0,0,1,0,R,0,0,0,0,0,0
2765,Grady Jarrett,357,-0.052180258426966296,14,10,4,1,28,0,0,0,173,163,21,37,4,23,214,14,42,0,0,0,2,0,0,357,0,0,0,1,0,0,0,0,0,0,1,L,0,0,0,0,0,1
2786,Henry Anderson,287,-0.05657640418118467,13,7,1,0,16,0,0,0,262,25,0,3,8,10,39,29,63,13,10,11,74,0,27,0,287,0,1,0,0,0,1,0,0,0,0,L,0,1,0,0,0,0
2796,Kyle Love,212,0.07001851886792453,3,2,0,0,4,1,0,0,52,150,10,117,0,2,63,1,14,1,0,3,1,0,0,212,0,0,0,1,0,0,0,0,0,1,0,R,0,0,0,0,0,1
2802,Brandon Copeland,74,-0.19693410810810813,4,4,0,1,5,0,0,0,64,10,0,0,0,0,0,0,0,0,0,0,1,0,73,0,0,74,0,0,1,0,0,0,1,0,0,L,0,0,1,0,0,0
2816,Caraun Reid,124,-0.016685201612903225,1,3,0,0,5,0,0,0,46,71,7,1,0,2,65,6,28,11,0,4,0,0,0,124,0,0,0,1,0,0,0,0,0,1,0,R,0,0,0,0,0,0
2876,Abry Jones,263,0.160249463878327,7,6,0,1,5,0,0,0,127,124,11,147,4,71,23,1,5,0,0,0,0,1,0,263,0,0,0,1,0,0,0,0,0,0,1,L,0,0,0,0,1,0
2879,Tyson Alualu,251,-0.314749984063745,8,19,0,0,6,1,0,1,169,78,1,26,5,25,86,53,29,15,2,5,0,3,1,0,251,0,1,0,0,0,1,0,0,0,0,L,0,0,0,0,0,0
2900,Jordan Phillips,319,-0.09501280877742946,10,7,4,1,12,0,0,0,180,136,3,32,0,14,198,22,44,5,1,0,0,0,0,319,0,0,0,1,0,0,0,0,0,0,1,L,0,0,0,0,1,0
2910,Stacy McGee,90,0.06244216666666667,0,3,0,1,2,0,0,0,48,34,7,60,0,1,21,0,0,0,0,0,0,1,0,90,0,0,0,1,0,0,0,0,0,0,1,L,0,0,0,0,0,0
2911,Benson Mayowa,147,-0.028512530612244902,1,3,0,1,13,0,0,0,145,1,0,0,0,0,1,0,2,17,15,7,103,1,1,0,147,0,1,0,0,0,1,0,0,0,0,L,1,0,0,0,0,0
2937,Christian Covington,225,-0.05714771111111111,12,6,1,0,7,0,0,0,95,127,1,15,17,145,22,1,22,0,0,0,0,2,0,0,225,0,1,0,0,1,0,0,0,0,0,R,0,0,0,0,1,0
2971,Angelo Blackson,189,0.03825480423280423,2,8,0,0,3,0,0,0,92,96,1,9,8,21,83,3,45,6,5,2,6,0,0,0,189,0,1,0,0,1,0,0,0,0,0,R,0,0,0,0,0,0
2975,Jordan Hicks,29,0.3463447931034483,0,0,0,0,1,0,0,0,17,12,0,0,0,0,0,0,0,0,0,0,0,0,29,0,0,29,0,0,1,0,0,0,1,0,0,L,0,0,0,0,0,0
2985,Mike Pennel,121,0.04727513223140496,10,10,1,0,6,0,0,0,61,56,4,57,1,12,43,0,4,0,0,0,0,0,0,121,0,0,0,1,0,0,0,0,0,0,1,L,0,0,0,0,1,0
3000,Lawrence Guy,289,-0.023211948096885815,14,20,2,0,10,0,0,0,192,85,11,17,6,8,105,28,13,98,1,0,1,1,0,0,289,0,1,0,0,0,1,0,0,0,0,L,0,0,0,0,0,0
3002,Carl Davis,35,-0.36261614285714283,1,0,0,0,0,0,0,0,15,19,1,19,3,9,3,0,0,0,0,0,0,0,0,35,0,0,0,1,0,0,0,0,0,1,0,R,0,0,0,0,0,0
3007,Preston Smith,394,-0.10267867512690355,15,12,4,2,21,1,0,0,241,143,0,0,0,0,1,0,0,3,1,6,9,10,364,0,0,394,0,0,1,0,0,0,1,0,0,L,0,0,0,1,0,0
3009,Za'Darius Smith,418,-0.08672966267942583,19,11,4,3,47,0,0,1,138,220,0,0,0,0,10,11,12,10,9,12,43,60,251,0,0,418,0,0,1,0,0,1,0,0,0,R,0,0,0,0,0,0
3026,Brent Urban,176,-0.0708535,10,7,0,0,4,3,0,0,97,78,1,1,7,19,56,43,19,25,4,0,1,0,0,0,176,0,1,0,0,0,1,0,0,0,0,L,0,1,0,0,0,0
3053,Dante Fowler Jr.,378,-0.030491492063492064,17,8,4,2,23,4,0,1,160,217,0,0,0,0,0,0,0,0,0,22,83,1,272,0,0,378,0,0,1,0,0,1,0,0,0,R,0,0,0,0,0,0
3129,Damion Square,162,-0.028653617283950623,6,10,0,0,2,0,0,0,81,79,2,93,0,12,50,2,2,1,0,0,0,0,0,162,0,0,0,1,0,0,0,0,0,0,1,L,0,0,0,0,1,0
3131,Whitney Mercilus,417,0.10974687050359712,15,4,2,0,22,1,1,0,60,350,0,0,0,0,0,0,0,0,0,0,2,7,408,0,0,417,0,0,1,0,0,1,0,0,0,R,0,0,0,0,0,0
3168,Joe Thomas,36,-0.05029013888888889,1,3,0,0,1,0,0,0,18,18,0,0,0,0,0,0,0,0,0,0,0,0,36,0,0,36,0,0,1,0,0,0,0,0,0,L,0,0,0,0,0,0
3214,Kerry Hyder,197,-0.12818626903553298,4,4,1,0,10,0,0,0,118,78,0,1,0,3,79,2,66,7,9,3,26,1,0,0,197,0,1,0,0,0,1,0,0,0,0,L,0,0,0,0,0,0
3242,Shelby Harris,315,-0.017153685714285712,11,12,5,0,18,3,0,1,8,296,11,5,12,89,115,10,55,16,0,2,0,0,0,315,0,0,0,1,0,0,0,0,0,1,0,R,0,0,0,0,0,0
3250,Shaq Thompson,28,-0.010896642857142865,1,0,0,0,0,0,0,0,18,10,0,0,0,0,0,0,0,0,0,0,0,0,28,0,0,28,0,0,1,0,0,0,1,0,0,L,0,0,0,0,0,0
3275,Anthony Chickillo,90,-0.12424614444444444,5,3,0,0,0,0,0,0,32,56,0,0,0,0,0,0,0,6,5,8,7,2,62,0,0,90,0,0,1,0,0,1,0,0,0,R,0,0,0,0,0,0
3375,Anthony Zettel,42,0.31026964285714287,0,3,0,0,2,0,0,0,19,23,0,0,1,1,1,0,0,4,8,7,12,0,8,0,42,0,1,0,0,1,0,0,0,0,0,R,0,1,0,0,0,0
3376,A'Shawn Robinson,215,0.0051731488372093,15,5,1,0,5,2,0,0,113,86,16,8,7,8,116,3,15,25,1,15,1,0,0,215,0,0,0,1,0,0,0,0,0,0,1,L,0,0,0,0,0,0
3382,Miles Killebrew,49,-0.14539242857142856,3,0,0,0,1,0,0,0,16,33,0,0,0,0,0,0,0,0,0,0,0,0,49,0,0,0,0,0,0,0,0,0,0,0,0,R,0,0,0,0,0,0
3391,Morgan Fox,185,-0.07914231351351353,5,4,2,0,8,0,0,0,96,71,15,26,4,5,23,62,14,11,16,5,1,3,0,0,185,0,1,0,0,0,1,0,0,0,0,L,0,0,0,0,0,0
3427,Javon Hargrave,412,-0.16838272330097087,18,25,2,0,22,0,0,1,326,19,61,49,34,66,161,4,27,2,0,0,0,6,2,412,0,0,0,1,0,0,0,0,0,0,1,L,0,0,0,0,0,1
3457,Jonathan Bullard,100,0.14542428999999998,4,1,0,1,4,0,0,0,89,11,0,0,0,3,64,3,11,11,0,8,0,0,0,0,100,0,1,0,0,0,1,0,0,0,0,L,0,0,0,0,0,0
3462,Leonard Floyd,430,-0.054277874418604655,12,9,1,0,22,2,0,0,208,205,0,0,1,0,0,0,0,6,0,4,39,17,363,0,0,430,0,0,1,0,0,0,1,0,0,L,0,0,0,1,0,0
3473,Roy Robertson-Harris,274,0.025839540145985395,9,6,0,0,11,1,0,0,108,142,18,16,18,29,82,31,34,29,0,6,1,6,4,0,274,0,1,0,0,1,0,0,0,0,0,R,0,0,0,0,0,0
3505,Austin Johnson,206,-0.07981200970873786,7,10,0,0,5,1,0,0,90,114,1,35,5,12,106,14,18,13,1,0,0,1,0,206,0,0,0,1,0,0,0,0,0,1,0,R,0,0,0,0,0,0
3512,Shilique Calhoun,93,-0.13375641935483873,2,1,0,0,6,0,0,1,19,63,0,0,0,0,6,5,3,9,1,0,24,11,34,0,0,93,0,0,1,0,0,1,0,0,0,R,0,0,0,0,0,0
3515,Jihad Ward,276,-0.3406150289855073,2,2,1,0,17,0,0,0,122,126,1,1,4,2,72,5,44,8,6,3,4,27,99,0,276,0,1,0,0,1,0,0,0,0,0,R,0,0,0,0,0,0
3520,Andrew Billings,335,0.03896925970149254,9,12,1,0,5,1,0,0,189,136,10,119,8,162,36,0,0,0,0,0,0,0,0,335,0,0,0,1,0,0,0,0,0,0,1,L,0,0,0,0,1,1
3534,Kenny Clark,413,-0.09584384261501211,18,18,4,1,24,1,0,0,184,167,60,88,12,134,77,5,33,1,0,1,0,2,0,413,0,0,0,1,0,0,0,0,0,0,1,L,0,0,0,0,1,0
3538,Kyler Fackrell,216,-0.06047441203703704,5,4,0,1,16,0,0,0,66,130,0,0,0,0,0,0,0,1,0,0,0,20,195,0,0,216,0,0,1,0,0,1,0,0,0,R,0,0,0,0,0,0
3540,Reggie Gilbert,86,0.11745101162790697,4,2,0,0,4,1,0,0,58,27,0,0,0,0,3,1,1,5,0,0,0,1,75,0,0,86,0,0,1,0,0,0,1,0,0,L,0,0,0,0,0,0
3547,Dean Lowry,275,-0.06878107272727273,10,12,0,0,3,2,1,0,147,126,0,3,3,12,155,27,41,15,8,8,1,2,0,0,275,0,1,0,0,0,1,0,0,0,0,L,0,1,0,0,0,0
3584,Kamalei Correa,254,0.010017822834645671,7,10,4,0,12,0,0,0,149,72,0,0,0,0,3,0,3,3,3,1,7,33,201,0,0,254,0,0,1,0,0,0,1,0,0,L,0,0,0,1,0,0
3590,Matt Judon,383,-0.1969531906005222,22,8,5,1,32,0,0,4,149,152,0,0,0,0,0,2,0,3,2,0,20,82,274,0,0,383,0,0,1,0,0,1,0,0,0,R,0,0,0,1,0,0
3613,Emmanuel Ogbah,74,-0.030440810810810816,1,3,1,0,4,0,0,0,64,10,0,0,0,0,0,1,0,3,19,9,37,0,5,0,74,0,1,0,0,0,1,0,0,0,0,L,0,0,0,0,0,0
3623,Carl Nassib,206,-0.17072679611650485,8,3,3,0,12,0,0,1,168,33,0,1,0,4,12,0,1,6,3,13,22,5,139,0,0,206,0,0,1,0,0,0,1,0,0,L,0,0,0,0,0,0
3644,Reggie Ragland,50,-0.06427780000000001,2,3,0,0,0,0,0,0,28,22,0,0,0,0,0,0,0,0,0,0,0,0,50,0,0,50,0,0,1,0,0,0,1,0,0,L,0,0,0,0,0,0
3648,Justin Zimmer,30,-0.10811483333333333,2,3,0,0,0,0,0,0,7,23,0,24,0,3,3,0,0,0,0,0,0,0,0,30,0,0,0,1,0,0,0,0,0,1,0,R,0,0,0,0,0,0
3661,Shaq Lawson,267,-0.2555586741573034,13,8,4,1,25,0,0,1,145,121,0,0,2,1,10,10,4,69,55,40,75,1,0,0,267,0,1,0,0,0,1,0,0,0,0,L,1,0,0,0,0,0
3699,Trevon Coley,62,-0.06432214516129033,2,4,0,0,2,0,0,0,29,32,1,7,11,41,2,0,0,0,0,0,0,0,0,62,0,0,0,1,0,0,0,0,0,1,0,R,0,0,0,0,0,0
3700,Michael Pierce,202,-0.097041,4,10,0,1,7,0,0,0,65,99,35,64,20,56,18,0,6,0,0,0,0,3,0,202,0,0,0,1,0,0,0,0,0,1,0,R,0,0,0,0,1,0
3753,David Onyemata,285,-0.1404712245614035,8,7,1,0,10,0,0,0,96,151,38,55,2,4,180,1,4,1,0,0,0,0,0,285,0,0,0,1,0,0,0,0,0,1,0,R,0,0,0,0,0,1
3757,Sheldon Rankins,151,0.02530170860927152,3,1,1,0,9,0,0,0,72,58,3,40,3,1,84,0,2,0,0,0,0,18,0,151,0,0,0,1,0,0,0,0,0,0,1,L,0,0,0,0,0,0
3782,Efe Obada,154,0.10354536363636364,6,5,0,0,5,0,0,0,50,103,1,3,0,0,45,0,4,38,29,21,13,0,0,0,154,0,1,0,0,1,0,0,0,0,0,R,0,1,0,0,0,0
3783,De'Vondre Campbell,121,0.1512332479338843,3,6,1,0,3,1,0,0,70,51,0,0,0,0,0,0,0,0,0,0,0,0,121,0,0,121,0,0,1,0,0,0,1,0,0,L,0,0,1,0,0,0
3786,Jordan Jenkins,350,-0.04768049428571429,15,7,6,0,19,2,0,1,41,301,0,0,0,0,3,16,8,16,15,13,71,8,200,0,0,350,0,0,1,0,0,1,0,0,0,R,0,0,0,0,0,0
3792,Romeo Okwara,278,0.05192600359712231,7,6,1,0,15,0,0,0,52,219,5,2,4,3,81,8,29,31,4,12,77,2,20,0,0,278,0,0,1,0,0,1,0,0,0,R,1,0,0,0,0,0
3808,Antwaun Woods,181,-0.019758082872928177,7,12,0,0,0,0,0,0,69,105,7,11,12,139,4,0,8,0,0,0,0,0,0,181,0,0,0,1,0,0,0,0,0,1,0,R,0,0,0,0,1,0
3855,Jarran Reed,356,0.03254759269662921,9,16,1,2,15,1,0,1,228,115,12,59,12,11,188,18,49,4,1,1,0,1,0,356,0,0,0,1,0,0,0,0,0,0,1,L,0,0,0,0,0,0
3857,Brandin Bryant,40,0.155057975,0,3,0,0,1,0,0,0,20,18,2,21,0,11,5,0,0,1,0,0,0,0,0,40,0,0,0,1,0,0,0,0,0,0,1,L,0,0,0,0,1,0
3860,Quinton Jefferson,276,-0.049508159420289855,6,3,1,1,6,0,0,0,111,160,1,11,2,3,86,22,49,46,5,34,9,4,4,276,0,0,0,1,0,0,0,0,0,1,0,R,1,0,0,0,0,0
3871,Branden Jackson,202,-0.09632696534653466,3,6,0,0,3,2,0,0,80,119,0,2,1,1,31,11,37,45,5,51,11,3,4,0,202,0,1,0,0,1,0,0,0,0,0,R,1,0,0,0,0,0
3923,Vernon Butler,294,0.1858558231292517,12,8,3,0,12,0,0,0,259,24,11,79,0,2,121,5,26,31,7,9,3,0,0,294,0,0,0,1,0,0,0,0,0,0,1,L,0,0,0,0,0,0
3941,Chris Jones,354,-0.11871272316384181,13,10,7,0,32,2,0,1,179,157,17,17,9,16,128,19,75,6,22,6,34,1,4,354,0,0,0,1,0,0,0,0,0,0,1,L,0,0,0,0,0,0
3979,Adam Gotsis,117,-0.026600752136752132,4,7,0,0,0,2,0,0,49,64,4,6,12,14,35,7,32,7,0,0,0,0,0,0,117,0,1,0,0,1,0,0,0,0,0,R,0,0,0,0,0,0
4048,Brennan Scarlett,295,0.08856906440677967,15,13,2,0,10,1,0,1,202,52,0,0,0,0,2,1,1,2,10,9,30,41,199,0,0,295,0,0,1,0,0,0,1,0,0,L,0,0,0,0,0,0
4051,Joel Heath,33,-0.04406918181818183,0,0,0,0,1,0,0,0,20,13,0,0,1,1,9,6,10,3,2,0,1,0,0,0,33,0,1,0,0,0,1,0,0,0,0,L,0,0,0,0,0,0
4054,D.J. Reader,281,-0.05035125978647687,12,15,0,0,17,0,0,0,124,154,3,50,20,51,93,20,38,3,1,2,0,0,0,281,0,0,0,1,0,0,0,0,0,1,0,R,0,0,0,0,0,0
4141,Matt Ioannidis,364,0.11810911538461538,16,7,4,0,19,1,0,0,343,6,11,10,82,15,55,106,51,20,2,4,0,4,4,0,364,0,1,0,0,0,1,0,0,0,0,L,0,0,0,0,0,0
4182,Stephen Weatherly,250,-0.057538728000000004,12,8,3,0,18,0,0,1,175,28,0,9,3,9,4,24,14,17,46,35,39,47,3,0,250,0,1,0,0,0,1,0,0,0,0,L,0,0,0,0,0,0
4245,Maliek Collins,398,-0.04417927386934673,7,3,2,0,21,0,0,0,212,179,7,29,11,38,213,8,90,1,1,0,0,0,0,398,0,0,0,1,0,0,0,0,0,0,1,L,0,0,0,0,1,1
4247,Ronald Blair III,30,0.11834633333333332,2,0,0,0,0,0,0,0,8,22,0,0,0,0,0,0,0,1,4,18,6,0,1,0,30,0,1,0,0,1,0,0,0,0,0,R,0,0,0,0,0,0
4248,DeForest Buckner,464,-0.03481467672413794,16,15,4,1,25,1,0,0,189,268,7,18,6,23,345,8,40,4,4,1,6,0,2,464,0,0,0,1,0,0,0,0,0,1,0,R,0,0,0,0,0,1
4251,Yannick Ngakoue,393,0.10615166157760814,20,3,4,0,23,3,0,3,151,231,0,0,0,0,0,1,0,5,30,11,101,11,234,0,393,0,1,0,0,1,0,0,0,0,0,R,0,0,0,1,0,0
4252,Sheldon Day,200,0.017667109999999993,6,3,1,0,5,0,0,0,108,80,12,14,10,95,63,1,1,0,1,0,3,0,0,200,0,0,0,1,0,0,0,0,0,0,1,L,0,0,0,0,0,0
4284,Joey Bosa,376,-0.00972228191489362,17,8,4,1,36,0,0,0,175,201,0,0,0,0,16,21,14,175,23,10,109,0,8,0,376,0,1,0,0,1,0,0,0,0,0,R,0,1,0,0,0,0
4310,James Burgess,71,-0.14504035211267605,8,0,0,0,1,3,0,1,35,36,0,0,0,0,0,0,0,0,0,0,0,0,71,0,0,71,0,0,1,0,0,1,0,0,0,R,0,0,0,0,0,0
4391,Nathan Gerry,43,-0.5639956046511628,1,1,0,1,3,0,0,0,25,18,0,0,0,0,0,0,0,0,0,0,0,0,43,0,0,43,0,0,1,0,0,0,1,0,0,L,0,0,0,0,0,0
4399,Derek Barnett,268,-0.11034651119402986,12,0,3,0,18,0,0,0,13,252,0,0,0,0,0,2,6,14,21,13,100,3,109,0,268,0,1,0,0,1,0,0,0,0,0,R,0,0,0,0,0,0
4423,Avery Moss,139,0.10794459712230216,4,5,0,0,2,0,0,1,112,22,0,0,0,0,15,6,0,43,19,9,5,5,37,0,0,139,0,0,1,0,0,0,1,0,0,L,1,0,0,0,0,0
4424,Dalvin Tomlinson,296,-0.018796239864864867,8,22,2,0,11,0,0,1,93,192,11,170,5,6,101,0,2,1,0,0,0,0,0,296,0,0,0,1,0,0,0,0,0,1,0,R,0,0,0,0,0,1
4445,Joey Ivie,85,-0.014362788235294124,0,1,0,0,2,0,0,0,53,28,3,13,2,10,33,0,23,0,0,0,0,1,0,85,0,0,0,1,0,0,0,0,0,0,1,L,0,0,0,0,0,0
4448,Taco Charlton,170,-0.10469528235294119,3,1,1,0,9,0,0,1,155,12,0,1,0,0,5,4,0,8,7,16,40,3,86,0,170,0,1,0,0,0,1,0,0,0,0,L,0,0,0,0,0,0
4461,Ryan Anderson,313,-0.009529939297124597,15,9,4,0,16,0,0,3,219,83,0,0,0,0,1,0,3,1,1,12,50,11,234,0,0,313,0,0,1,0,0,0,1,0,0,L,0,0,0,1,0,0
4469,Jonathan Allen,401,0.06093821197007482,25,15,1,2,18,0,0,0,6,373,12,14,101,32,44,119,50,13,0,4,0,10,2,0,401,0,1,0,0,1,0,0,0,0,0,R,0,0,0,0,0,0
4475,Isaiah Irving,45,0.2111874,2,2,0,0,1,0,0,0,20,25,0,0,0,0,0,0,0,1,2,4,7,0,31,0,0,45,0,0,1,0,0,1,0,0,0,R,0,0,0,0,0,0
4512,Jeremiah Valoaga,42,0.08995333333333333,1,1,0,0,1,1,0,0,11,31,0,0,0,0,0,0,2,2,7,6,25,0,0,0,42,0,1,0,0,1,0,0,0,0,0,R,0,1,0,0,0,0
4517,Montravius Adams,66,0.009761318181818164,1,7,0,0,3,1,0,0,36,29,0,5,4,6,38,5,5,2,0,0,0,1,0,66,0,0,0,1,0,0,0,0,0,0,1,L,0,0,0,0,0,0
4521,Vince Biegel,406,-0.026724066502463062,15,20,0,1,12,1,1,0,38,344,0,0,0,0,0,10,0,4,7,3,0,24,358,0,0,406,0,0,1,0,0,1,0,0,0,R,0,0,1,0,0,0
4578,Jaleel Johnson,231,0.003888974025974022,11,10,3,0,5,0,0,0,113,106,12,74,29,21,90,2,3,0,0,0,0,0,0,231,0,0,0,1,0,0,0,0,0,0,1,L,0,0,0,0,0,1
4594,Ifeadi Odenigbo,234,-0.041616047008547014,11,6,5,0,20,0,0,1,19,189,24,9,14,3,34,12,16,31,31,40,18,2,0,0,234,0,1,0,0,1,0,0,0,0,0,R,0,0,0,0,0,0
4609,Eric Wilson,34,-0.21937794117647058,4,4,0,0,0,0,0,0,23,11,0,0,0,0,0,0,0,0,0,0,0,0,34,0,0,34,0,0,1,0,0,0,1,0,0,L,0,0,0,0,0,0
4634,Isaac Rochell,113,-0.003540539823008847,1,3,0,0,3,1,0,0,47,59,7,5,2,0,8,4,5,32,6,3,37,0,4,0,113,0,1,0,0,1,0,0,0,0,0,R,0,1,0,0,0,0
4644,Nicholas Morrow,51,0.23570549019607845,3,1,0,0,1,0,0,0,26,25,0,0,0,0,0,0,0,0,0,0,0,0,51,0,0,51,0,0,1,0,0,0,1,0,0,L,0,0,0,0,0,0
4652,T.J. Watt,462,-0.1825933528138528,18,15,7,3,46,3,0,4,419,15,0,0,0,0,0,1,0,0,4,12,143,28,274,0,0,462,0,0,1,0,0,0,1,0,0,L,0,0,1,0,0,0
4666,Treyvon Hester,76,-0.16469943421052632,1,4,0,0,3,0,0,0,32,38,6,13,7,2,18,14,4,10,0,0,0,0,2,76,0,0,0,1,0,0,0,0,0,1,0,R,0,0,0,0,0,0
4667,Eddie Vanderdoes,73,0.07659453424657534,5,3,0,0,0,0,0,0,50,22,1,14,0,4,27,2,18,4,0,3,0,0,0,73,0,0,0,1,0,0,0,0,0,0,1,L,0,0,0,0,0,0
4689,Takkarist McKinley,145,-0.16213213793103448,6,4,3,0,10,0,0,0,109,31,0,0,0,0,4,3,10,3,3,13,47,5,57,0,145,0,1,0,0,0,1,0,0,0,0,L,0,0,0,0,0,0
4694,Chris Odom,44,0.20685688636363636,3,1,1,0,1,0,0,0,33,10,0,0,0,0,0,0,0,0,1,10,8,1,24,0,44,0,1,0,0,0,1,0,0,0,0,L,0,0,0,0,0,0
4700,Carl Lawson,275,0.01701699272727273,12,4,4,0,26,0,0,0,32,235,0,0,1,0,4,3,1,51,17,36,78,8,76,0,275,0,1,0,0,1,0,0,0,0,0,R,0,0,0,0,0,0
4707,Josh Tupou,222,-0.022686409909909912,10,6,0,0,2,0,0,1,107,115,0,14,5,36,73,11,28,51,0,4,0,0,0,222,0,0,0,1,0,0,0,0,0,1,0,R,0,0,0,0,0,0
4710,Jamal Adams,50,0.1267209,5,1,3,0,8,0,0,1,27,23,0,0,0,0,0,0,0,0,0,0,0,0,50,0,0,0,0,0,0,0,0,0,0,0,0,L,0,0,0,0,0,0
4739,Bryan Cox Jr,198,0.07420954545454544,9,4,0,1,6,0,0,0,63,132,0,0,0,0,1,2,3,46,30,14,56,3,43,0,198,0,1,0,0,1,0,0,0,0,0,R,1,0,0,0,0,0
4754,Davon Godchaux,373,-0.006976935656836464,19,26,1,2,9,0,0,0,17,284,61,67,14,55,134,2,26,0,0,0,0,11,3,373,0,0,0,1,0,0,0,0,0,1,0,R,0,0,0,0,0,1
4756,Charles Harris,118,-0.0416956186440678,3,8,0,1,6,0,0,0,105,12,1,0,0,0,7,1,2,8,7,9,24,0,59,0,118,0,1,0,0,0,1,0,0,0,0,L,0,0,0,0,0,0
4764,Raekwon McMillan,33,-0.3028030303030303,1,3,0,0,1,0,0,0,24,9,0,0,0,0,0,0,0,0,0,0,0,0,33,0,0,33,0,0,1,0,0,0,1,0,0,L,0,0,0,0,0,0
4785,Vincent Taylor,46,-0.2851415434782609,2,4,0,0,2,1,0,0,26,20,0,32,4,1,9,0,0,0,0,0,0,0,0,46,0,0,0,1,0,0,0,0,0,0,1,L,0,0,0,0,1,0
4787,Haason Reddick,190,0.046972352631578944,8,10,0,0,11,2,0,0,67,39,0,0,0,0,0,0,0,0,0,0,0,84,106,0,0,190,0,0,1,0,0,0,1,0,0,L,0,0,1,0,0,0
4810,Jordan Willis,62,0.12212448387096775,0,3,0,0,2,0,0,0,1,59,0,0,0,0,5,3,7,2,4,0,18,2,21,0,62,0,1,0,0,1,0,0,0,0,0,R,0,0,0,0,0,0
4825,Larry Ogunjobi,385,-0.011821851948051949,18,10,2,1,16,1,0,0,120,251,14,199,20,82,54,2,10,4,0,0,0,0,0,385,0,0,0,1,0,0,0,0,0,1,0,R,0,0,0,0,0,1
4827,Adam Butler,218,-0.03561319266055046,6,6,1,1,9,3,0,0,70,87,56,35,10,15,46,19,16,14,1,0,1,5,0,218,0,0,0,1,0,0,0,0,0,1,0,R,0,0,0,0,0,0
4847,Samson Ebukam,191,-0.12854603664921466,13,9,4,0,10,1,0,0,52,136,0,0,0,0,0,0,0,0,0,2,0,3,186,0,0,191,0,0,1,0,0,1,0,0,0,R,0,0,0,1,0,0
4849,Carlos Watkins,165,0.17599583030303032,7,11,1,0,8,0,0,0,68,89,8,7,4,11,38,3,76,9,2,3,2,0,2,0,165,0,1,0,0,1,0,0,0,0,0,R,0,0,0,0,0,0
4859,Eli Ankou,168,-0.04279017261904762,5,2,0,0,2,0,0,0,107,60,1,16,5,5,127,1,11,2,0,0,0,0,0,168,0,0,0,1,0,0,0,0,0,0,1,L,0,0,0,0,0,0
4888,Tanzel Smart,71,-0.039501197183098594,1,1,0,0,0,0,0,0,33,37,1,2,5,2,48,2,6,0,4,1,0,0,0,71,0,0,0,1,0,0,0,0,0,1,0,R,0,0,0,0,0,0
4905,Deatrich Wise Jr,106,-0.003217320754716978,9,5,1,0,7,0,0,0,27,79,0,3,0,2,27,32,8,24,4,4,2,0,0,0,106,0,1,0,0,1,0,0,0,0,0,R,0,1,0,0,0,0
4921,D.J. Jones,129,0.06819708527131783,5,5,1,0,4,0,0,1,38,69,22,52,0,48,5,0,1,0,0,1,0,0,0,129,0,0,0,1,0,0,0,0,0,1,0,R,0,0,0,0,1,0
4933,Solomon Thomas,258,0.0035283875968992223,4,4,0,0,5,0,0,0,118,131,8,17,5,58,35,9,8,5,12,12,82,1,6,0,258,0,1,0,0,1,0,0,0,0,0,R,0,0,0,0,0,0
4939,Dawuane Smoot,174,0.09482969540229885,5,2,2,0,10,0,0,0,98,75,1,1,1,1,58,7,18,32,15,23,13,0,4,0,174,0,1,0,0,0,1,0,0,0,0,L,1,0,0,0,0,0
4953,Matt Milano,46,-0.10696013043478261,1,3,0,0,2,0,0,0,34,12,0,0,0,0,0,0,0,0,0,0,0,0,46,0,0,46,0,0,1,0,0,0,1,0,0,L,0,0,0,0,0,0
4978,Myles Garrett,140,-0.23236805,3,2,0,0,13,0,0,0,36,103,0,0,0,0,2,1,2,22,15,19,52,1,26,0,140,0,1,0,0,1,0,0,0,0,0,R,0,0,0,0,0,0
4986,Chuck Clark,46,-0.2842831739130435,2,0,1,0,6,2,0,1,30,16,0,0,0,0,0,0,0,0,0,0,0,0,46,0,0,0,0,0,0,0,0,0,0,0,0,L,0,0,0,0,0,0
4993,Tyus Bowser,236,-0.28635149576271185,9,3,3,0,22,2,0,1,95,87,0,0,0,0,0,0,0,0,0,0,0,54,182,0,0,236,0,0,1,0,0,0,1,0,0,L,0,0,1,0,0,0
5017,Patrick Ricard,29,-0.3861606206896552,3,1,1,0,1,0,0,1,10,6,13,0,10,3,2,0,1,0,0,0,0,0,0,0,0,0,0,0,0,0,0,0,0,0,0,L,0,0,0,0,0,0
5018,Chris Wormley,248,-0.14118414919354838,13,14,1,1,5,1,0,0,156,91,0,0,7,7,121,26,45,22,17,1,1,1,0,0,248,0,1,0,0,0,1,0,0,0,0,L,0,1,0,0,0,0
5022,Tarell Basham,287,-0.15507875958188153,6,6,1,0,15,5,1,0,135,139,0,0,0,0,4,1,3,1,4,7,10,13,244,0,287,0,1,0,0,1,0,0,0,0,0,R,0,0,0,0,0,0
5025,Grover Stewart,369,-0.02603437398373984,8,12,1,0,13,1,0,0,141,228,0,6,23,280,54,2,4,0,0,0,0,0,0,369,0,0,0,1,0,0,0,0,0,1,0,R,0,0,0,0,0,0
5073,Tanoh Kpassagnon,359,-0.12493187186629527,6,8,1,0,17,2,0,0,167,179,4,8,8,8,28,14,12,23,43,25,142,9,35,0,359,0,1,0,0,1,0,0,0,0,0,R,0,0,0,0,0,0
5127,DeMarcus Walker,50,-0.08548262,1,2,0,0,1,0,0,0,19,27,4,1,3,4,21,2,10,4,0,0,1,0,0,0,50,0,1,0,0,1,0,0,0,0,0,R,0,0,0,0,0,0
5138,Trey Hendrickson,235,-0.10581152340425531,4,7,1,1,22,0,0,0,34,199,0,0,0,0,2,2,2,72,14,25,90,2,26,0,235,0,1,0,0,1,0,0,0,0,0,R,1,0,0,0,0,0
5143,Al-Quadin Muhammad,228,-0.04250720614035088,4,10,2,0,17,0,0,0,10,218,0,0,0,0,0,1,0,9,39,87,90,0,2,0,228,0,1,0,0,1,0,0,0,0,0,R,1,0,0,0,0,0
5153,Devaroe Lawrence,75,-0.23026953333333333,1,1,0,0,1,0,0,0,41,34,0,11,12,9,34,0,4,0,2,1,2,0,0,75,0,0,0,1,0,0,0,0,0,0,1,L,0,0,0,0,0,0
5194,Daeshon Hall,30,0.6409045666666667,1,0,0,0,0,0,0,0,27,1,0,3,0,0,6,0,2,0,1,3,10,2,3,0,30,0,1,0,0,0,1,0,0,0,0,L,0,0,0,0,0,0
5219,Marcus Davenport,155,0.11276076774193548,6,3,3,0,12,0,0,2,20,132,0,1,0,0,2,3,0,33,4,12,3,3,94,0,155,0,1,0,0,1,0,0,0,0,0,R,0,0,0,0,0,0
5221,Vita Vea,409,-0.13641015647921761,12,6,2,0,20,3,0,0,80,228,98,133,13,54,85,4,18,0,0,0,1,3,0,409,0,0,0,1,0,0,0,0,0,1,0,R,0,0,0,0,0,1
6234,Taven Bryan,293,0.03974696245733789,13,10,1,0,11,0,0,1,150,141,2,6,1,1,256,3,19,1,0,0,0,0,4,293,0,0,0,1,0,0,0,0,0,0,1,L,0,0,0,0,0,0
6236,Derwin James,66,0.1889020909090909,8,3,0,0,1,1,0,0,38,28,0,0,0,0,0,0,0,0,0,0,0,0,66,0,0,0,0,0,0,0,0,0,0,0,0,L,0,0,1,0,0,0
6261,Nathan Shepherd,213,-0.23128053990610328,7,5,2,0,13,0,0,0,76,127,10,22,13,30,53,29,45,5,2,0,4,0,0,213,0,0,0,1,0,0,0,0,0,1,0,R,0,0,0,0,0,0
6264,Folorunso Fatukasi,226,-0.1595273318584071,6,6,1,0,3,1,0,0,92,107,27,21,34,26,55,21,42,0,0,0,0,0,0,226,0,0,0,1,0,0,0,0,0,1,0,R,0,0,0,0,0,0
6275,Jerome Baker,67,-0.12519431343283582,2,1,0,0,0,1,0,1,22,45,0,0,0,0,0,0,0,0,0,0,0,0,67,0,0,67,0,0,1,0,0,1,0,0,0,R,0,0,0,0,0,0
6291,Derrick Nnadi,243,-0.024118283950617287,3,13,0,0,7,1,1,0,126,112,5,104,5,31,87,0,9,1,0,0,1,0,0,243,0,0,0,1,0,0,0,0,0,0,1,L,0,0,0,0,0,0
6296,Uchenna Nwosu,107,0.004386317757009342,2,0,1,0,8,0,0,0,55,49,0,0,0,0,0,0,0,2,0,0,31,3,71,0,0,107,0,0,1,0,0,0,1,0,0,L,0,0,0,0,0,0
6297,Justin Jones,238,0.024125260504201676,8,2,0,0,9,0,0,0,124,99,14,14,0,7,182,5,7,5,0,1,2,1,0,238,0,0,0,1,0,0,0,0,0,0,1,L,0,0,0,0,0,1
6298,Kyzir White,116,-0.08075774137931034,6,10,0,0,0,0,0,0,42,23,0,0,0,0,0,0,0,0,0,0,0,51,65,0,0,116,0,0,1,0,0,0,1,0,0,L,0,0,0,0,0,0
6303,PJ Hall,278,0.046483600719424464,6,5,1,0,10,0,0,0,135,140,3,37,18,19,188,2,11,0,0,0,0,0,0,278,0,0,0,1,0,0,0,0,0,1,0,R,0,0,0,0,0,1
6307,Maurice Hurst,279,-0.014146387096774194,5,3,1,1,19,2,1,0,160,99,20,25,48,19,149,4,14,0,0,0,0,0,0,279,0,0,0,1,0,0,0,0,0,0,1,L,0,0,0,0,1,0
6326,Kylie Fitts,33,0.15303939393939395,0,1,0,0,2,0,0,0,16,15,0,0,0,0,0,1,0,0,0,0,0,2,30,0,0,33,0,0,1,0,0,0,1,0,0,L,0,0,0,0,0,0
6329,Bilal Nichols,307,-0.01911244625407166,9,12,0,0,2,1,0,0,100,190,16,15,29,33,119,33,35,24,0,1,0,1,1,307,0,0,0,1,0,0,0,0,0,1,0,R,0,0,0,0,0,0
6340,Da'Shawn Hand,66,0.22767448484848485,0,2,0,0,0,0,0,0,55,8,3,6,9,4,30,1,2,10,0,0,1,0,0,0,66,0,1,0,0,0,1,0,0,0,0,L,0,0,0,0,0,1
6344,John Atkins,303,0.03456183498349835,10,8,0,0,5,0,0,0,77,163,63,22,29,18,151,2,15,2,1,0,0,0,0,303,0,0,0,1,0,0,0,0,0,1,0,R,0,0,0,0,0,1
6366,Jalyn Holmes,59,-0.22763406779661016,2,2,0,0,0,0,0,0,33,26,0,2,8,0,41,1,0,2,1,3,1,0,0,59,0,0,0,1,0,0,0,0,0,0,1,L,0,0,0,0,0,0
6368,Jullian Taylor,63,-0.049177587301587306,6,2,0,0,2,0,0,0,33,25,5,15,6,17,19,0,1,0,0,0,0,0,0,63,0,0,0,1,0,0,0,0,0,0,1,L,0,0,0,0,1,0
6378,Josh Sweat,185,-0.045377848648648654,5,3,2,2,18,0,0,0,93,92,0,0,0,0,1,1,2,5,7,21,132,0,16,0,185,0,1,0,0,0,1,0,0,0,0,L,1,0,0,0,0,0
6380,Sam Hubbard,360,0.018795677777777783,19,12,5,1,25,1,0,0,241,102,2,4,21,1,50,2,5,43,26,26,52,15,113,0,360,0,1,0,0,0,1,0,0,0,0,L,0,0,0,0,0,0
6387,Taylor Stallworth,67,-0.028763656716417917,4,3,0,0,0,1,0,0,30,36,1,2,3,3,58,0,0,0,0,0,0,0,0,67,0,0,0,1,0,0,0,0,0,1,0,R,0,0,0,0,0,0
6392,Matt Dickerson,27,0.2651828148148148,0,1,0,0,0,0,0,0,15,10,2,13,3,3,5,0,0,1,0,0,0,0,0,0,27,0,1,0,0,0,1,0,0,0,0,L,0,0,0,0,1,0
6393,Sharif Finch,61,-0.12358280327868854,2,1,1,0,5,0,0,0,46,13,0,0,0,0,0,0,0,0,0,2,5,2,52,0,0,61,0,0,1,0,0,0,1,0,0,L,0,0,0,0,0,0
6394,Harold Landry,458,0.03556253493449782,12,20,4,0,35,1,1,0,116,333,0,0,0,0,1,3,0,9,7,16,14,9,399,0,0,458,0,0,1,0,0,1,0,0,0,R,0,0,0,0,0,0
6399,Poona Ford,244,-0.011691176229508195,11,6,0,1,9,1,0,0,98,122,24,189,2,19,8,1,1,0,0,0,0,0,0,244,0,0,0,1,0,0,0,0,0,1,0,R,0,0,0,0,1,0
6400,Rasheem Green,240,0.070345,9,10,2,0,6,1,0,2,144,96,0,3,0,2,8,11,15,55,18,95,28,0,5,0,240,0,1,0,0,0,1,0,0,0,0,L,1,0,0,0,0,0
6401,Shaquem Griffin,93,-0.11711289247311828,2,0,0,0,10,1,0,0,70,6,0,0,0,0,0,0,0,0,0,0,0,17,76,0,0,93,0,0,1,0,0,0,1,0,0,L,0,0,0,0,0,0
6402,Jacob Martin,125,0.131634256,4,4,3,1,11,0,0,1,98,23,2,0,0,0,0,3,0,4,14,21,29,2,50,0,0,125,0,0,1,0,0,0,1,0,0,L,0,0,0,0,0,0
6418,Jordan Whitehead,26,-0.38085453846153844,1,1,0,0,1,0,0,0,13,13,0,0,0,0,0,0,0,0,0,0,0,0,26,0,0,0,0,0,0,0,0,0,0,0,0,L,0,0,0,0,0,0
6420,Daron Payne,292,0.11915213698630138,15,5,1,0,4,1,0,0,116,65,102,56,30,12,43,12,15,8,0,1,2,9,2,292,0,0,0,1,0,0,0,0,0,0,1,L,0,0,0,0,0,0
6426,Marquis Haynes,50,0.14518744,1,1,1,0,2,0,0,0,38,11,0,0,0,0,1,0,1,2,3,7,20,1,15,0,50,0,1,0,0,0,1,0,0,0,0,L,0,0,0,0,0,0
6429,Tim Settle,117,-0.09950635042735043,3,5,0,0,6,0,0,0,52,45,17,21,10,10,7,30,14,3,0,1,1,3,0,117,0,0,0,1,0,0,0,0,0,0,1,L,0,0,0,0,0,0
6433,Dorance Armstrong,126,-0.04586097619047619,5,3,1,0,4,0,0,1,3,123,0,0,0,0,0,1,4,1,45,21,54,0,0,0,126,0,1,0,0,1,0,0,0,0,0,R,0,1,0,0,0,0
6440,Chad Thomas,328,0.04810324085365854,13,4,3,0,12,1,0,0,297,27,1,0,0,0,4,5,0,83,67,40,35,3,90,0,328,0,1,0,0,0,1,0,0,0,0,L,0,0,0,0,0,0
6443,Genard Avery,33,-0.12041733333333335,1,1,0,1,1,1,0,0,18,11,0,0,0,0,0,0,0,0,0,0,0,4,29,0,33,0,1,0,0,0,1,0,0,0,0,L,0,0,0,0,0,0
6462,Zach Sieler,91,-0.025185472527472535,3,5,1,0,6,2,0,0,26,53,12,6,4,6,54,3,4,2,0,0,0,0,0,0,91,0,1,0,0,1,0,0,0,0,0,R,0,0,0,0,0,0
6466,Lorenzo Carter,339,2.321917404129781e-4,9,11,2,0,17,2,0,0,54,248,0,1,0,0,6,2,0,39,12,17,69,37,156,0,0,339,0,0,1,0,0,1,0,0,0,R,0,0,0,0,0,0
6476,BJ Hill,173,0.0301747225433526,5,6,1,0,4,0,0,0,166,3,4,42,3,6,83,0,20,11,0,1,3,0,0,173,0,0,0,1,0,0,0,0,0,0,1,L,0,0,0,0,0,0
6504,Leon Jacobs,193,0.08924666839378238,16,8,1,0,4,0,0,0,59,73,0,0,0,0,0,0,0,0,0,0,0,61,132,0,0,193,0,0,1,0,0,1,0,0,0,R,0,0,0,0,0,0
6511,Ogbonnia Okoronkwo,56,0.031899910714285724,1,1,0,0,2,0,0,0,15,40,0,0,0,0,0,0,0,1,0,1,20,1,33,0,0,56,0,0,1,0,0,1,0,0,0,R,0,0,0,0,0,0
6515,Sebastian Joseph-Day,246,-0.10687815447154472,12,12,1,0,9,1,0,0,109,103,34,139,7,8,26,5,4,4,5,8,6,0,0,246,0,0,0,1,0,0,0,0,0,0,1,L,0,0,0,0,0,0
6542,Tyquan Lewis,178,-0.09349013483146068,2,3,0,0,6,0,0,0,138,39,1,1,10,4,2,33,22,0,38,29,38,0,0,0,178,0,1,0,0,0,1,0,0,0,0,L,0,1,0,0,0,0
6556,Andrew Brown,45,0.1734976888888889,1,1,0,0,3,0,0,0,21,20,1,1,2,0,20,1,0,3,2,3,0,3,9,45,0,0,0,1,0,0,0,0,0,0,1,L,0,0,0,0,0,0
6569,Demone Harris,115,-0.11925043478260869,3,1,0,0,5,0,0,0,69,42,0,0,0,0,0,0,1,4,19,7,36,4,44,0,0,115,0,0,1,0,0,0,1,0,0,L,0,0,0,0,0,0
6577,Jacob Tuioti-Mariner,178,-0.12347949999999999,7,7,0,0,6,0,0,1,118,59,0,0,0,0,6,6,3,14,22,46,61,1,19,178,0,0,0,1,0,0,0,0,0,0,1,L,1,0,0,0,0,0
6583,RJ McIntosh,33,0.05766063636363635,0,3,0,0,0,0,0,0,0,33,0,11,1,0,18,0,0,3,0,0,0,0,0,33,0,0,0,1,0,0,0,0,0,1,0,R,0,0,0,0,0,0
6605,Frank Herron,99,0.23700064646464647,1,5,0,0,4,0,0,0,72,20,7,4,9,4,57,1,10,5,0,1,1,0,0,99,0,0,0,1,0,0,0,0,0,0,1,L,0,0,0,0,0,0
6617,Marcell Harris,26,-0.20141969230769233,1,2,0,0,0,0,0,0,18,8,0,0,0,0,0,0,0,0,0,0,0,0,26,0,0,0,0,0,0,0,0,0,0,0,0,L,0,0,0,0,0,0
6618,Kentavius Street,34,0.020579647058823525,3,1,0,0,1,0,0,0,12,21,1,3,1,17,10,0,2,0,0,0,0,0,0,0,34,0,1,0,0,1,0,0,0,0,0,R,0,0,0,0,0,0
6676,Trent Harris,156,-0.017889679487179483,9,5,1,1,6,0,0,1,93,54,3,3,0,0,0,0,0,1,1,5,8,6,129,0,156,0,1,0,0,0,1,0,0,0,0,L,0,0,0,0,0,0
6699,Tyler Lancaster,169,0.02570163905325443,6,9,0,1,2,0,0,0,86,81,2,23,6,31,98,1,6,2,0,0,0,0,0,169,0,0,0,1,0,0,0,0,0,0,1,L,0,0,0,0,1,0
6781,Jonathan Harris,44,0.18910865909090907,1,6,0,0,0,0,0,0,34,10,0,0,0,4,12,9,6,13,0,0,0,0,0,44,0,0,0,1,0,0,0,0,0,0,1,L,0,0,0,0,0,0
6797,Jeffery Simmons,246,-0.07073091869918699,10,15,1,0,5,1,0,0,140,101,5,41,12,14,110,17,12,16,9,5,4,0,1,0,246,0,1,0,0,0,1,0,0,0,0,L,0,0,0,0,0,0
6805,Austin Bryant,126,-0.05893869047619047,4,4,0,0,1,0,0,0,63,60,0,0,0,0,3,0,0,2,3,4,31,3,80,0,126,0,1,0,0,0,1,0,0,0,0,L,0,0,0,0,0,0
6821,Josh Allen,256,0.12922834765625,14,6,3,1,20,0,0,0,141,114,0,0,0,0,7,6,8,27,32,31,41,1,103,0,0,256,0,0,1,0,0,0,1,0,0,L,0,0,0,0,0,0
6836,Jahlani Tavai,77,0.03861550649350649,3,1,1,0,3,0,0,0,5,72,0,0,0,0,0,0,0,0,0,0,0,0,77,0,0,77,0,0,1,0,0,1,0,0,0,R,0,0,0,0,0,0
6847,Rashan Gary,112,0.09304808928571429,9,2,1,0,5,0,0,0,67,44,0,0,0,0,5,1,6,1,5,2,27,1,64,0,0,112,0,0,1,0,0,0,1,0,0,L,0,0,0,0,0,0
6852,Justin Hollins,170,-0.025497794117647056,4,7,1,0,9,1,0,0,32,136,0,0,0,0,0,0,0,0,0,0,0,2,168,0,0,170,0,0,1,0,0,1,0,0,0,R,0,0,0,1,0,0
6855,Dre'Mont Jones,139,0.03962589208633094,9,3,3,1,9,1,1,0,76,41,22,4,12,12,38,19,26,3,0,2,1,0,0,0,139,0,1,0,0,0,1,0,0,0,0,L,0,0,0,0,0,0
6859,Malik Reed,183,0.11078971038251366,3,6,1,0,5,1,0,0,109,68,0,0,0,0,0,0,0,0,0,0,0,6,177,0,0,183,0,0,1,0,0,0,1,0,0,L,0,0,1,0,0,0
6860,Kingsley Keke,58,0.15894501724137933,2,5,0,0,0,0,0,0,23,34,1,0,2,10,40,1,2,1,0,1,0,0,0,58,0,0,0,1,0,0,0,0,0,1,0,R,0,0,0,0,0,0
6883,Charles Omenihu,268,0.19677457835820894,4,3,1,0,14,1,0,0,166,76,24,4,2,2,24,22,56,25,26,19,54,2,8,0,268,0,1,0,0,0,1,0,0,0,0,L,1,0,0,0,0,0
6909,Armon Watts,117,-0.11377317094017095,6,8,1,1,6,1,0,1,47,66,4,85,1,16,11,0,0,0,0,0,0,0,0,117,0,0,0,1,0,0,0,0,0,1,0,R,0,0,0,0,1,0
6916,Jaylon Ferguson,341,-0.15439769794721409,18,9,2,1,18,1,0,0,142,157,0,0,0,1,40,0,13,5,7,3,21,42,209,0,0,341,0,0,1,0,0,1,0,0,0,R,0,0,0,0,0,0
6940,Nick Bosa,469,-0.03631371002132197,14,12,2,0,45,1,0,0,129,336,0,0,2,1,0,16,4,6,69,36,304,4,27,0,469,0,1,0,0,1,0,0,0,0,0,R,0,0,0,0,0,0
6946,Darryl Johnson,82,-0.1799945243902439,2,2,0,0,5,0,0,0,7,75,0,0,0,0,0,0,0,6,22,44,9,0,1,0,82,0,1,0,0,1,0,0,0,0,0,R,0,1,0,0,0,0
6964,Ben Banogu,150,-0.03511974666666668,1,2,1,0,16,0,0,0,134,16,0,0,0,0,0,4,0,2,25,15,104,0,0,0,150,0,1,0,0,0,1,0,0,0,0,L,1,0,0,0,0,0
6976,Ed Oliver,260,-0.17988632307692307,12,13,4,0,11,1,0,1,118,141,1,23,5,7,192,7,24,1,0,0,0,0,0,260,0,0,0,1,0,0,0,0,0,1,0,R,0,0,0,0,0,1
6977,Khari Willis,36,-0.14027030555555556,5,1,0,0,0,0,0,0,22,14,0,0,0,0,0,0,0,0,0,0,0,0,36,0,0,0,0,0,0,0,0,0,0,0,0,L,0,0,0,0,0,0
6987,Renell Wren,65,-0.2615972153846154,1,3,0,0,0,0,0,0,41,24,0,0,0,2,18,2,17,22,0,3,1,0,0,65,0,0,0,1,0,0,0,0,0,0,1,L,0,0,0,0,0,0
7027,Sione Takitaki,43,-0.15076000000000003,4,2,0,0,1,0,0,0,28,15,0,0,0,0,0,0,0,0,0,1,1,0,41,0,0,43,0,0,1,0,0,0,1,0,0,L,0,0,0,0,0,0
7034,Mack Wilson,70,-0.049669371428571425,1,3,0,0,3,0,0,1,33,37,0,0,0,0,0,0,0,0,0,0,1,0,69,0,0,70,0,0,1,0,0,1,0,0,0,R,0,0,0,0,0,0
7049,Isaiah Buggs,54,-0.1328849074074074,2,1,0,0,1,0,0,0,17,36,1,1,4,10,29,1,5,2,0,0,0,0,1,0,54,0,1,0,0,1,0,0,0,0,0,R,0,0,0,0,0,0
7078,Andrew Van Ginkel,177,0.010077192090395481,9,3,1,0,4,0,0,0,51,125,0,0,0,0,0,0,0,0,0,0,0,1,176,0,0,177,0,0,1,0,0,1,0,0,0,R,0,0,0,0,0,0
7086,Christian Wilkins,415,-0.004753342168674701,13,19,2,0,20,1,0,0,293,43,78,31,23,37,153,4,32,34,0,14,1,1,7,415,0,0,0,1,0,0,0,0,0,0,1,L,0,0,0,0,0,0
7096,Dexter Lawrence,356,0.015339991573033706,10,6,0,0,11,1,0,0,291,58,7,106,10,16,178,0,24,15,0,0,0,0,0,356,0,0,0,1,0,0,0,0,0,0,1,L,0,0,0,0,0,1
7105,Oshane Ximines,199,0.17626911557788943,4,3,2,0,13,0,0,0,42,152,1,0,0,0,0,1,1,16,3,19,33,4,121,0,0,199,0,0,1,0,0,1,0,0,0,R,0,0,0,0,0,0
7113,Kyle Phillips,273,-0.09161910622710623,8,6,1,0,9,0,0,0,203,70,0,0,2,5,14,21,34,16,15,14,63,0,89,0,273,0,1,0,0,0,1,0,0,0,0,L,0,0,0,0,0,0
7126,Quinnen Williams,289,-0.12408334602076124,8,3,2,0,15,0,0,0,49,235,5,59,18,41,76,22,60,1,2,1,4,0,0,289,0,0,0,1,0,0,0,0,0,1,0,R,0,0,0,0,0,0
7143,Montez Sweat,320,0.1493977,11,6,5,1,17,1,0,2,75,242,0,0,0,0,1,0,0,6,5,45,101,3,159,0,0,320,0,0,1,0,0,1,0,0,0,R,0,0,0,0,0,0
7147,Jerry Tillery,134,0.024933074626865673,5,3,0,1,3,0,0,0,79,54,1,2,0,2,124,0,0,1,3,1,0,0,0,134,0,0,0,1,0,0,0,0,0,0,1,L,0,0,0,0,0,0
7187,Trysten Hill,34,0.17212441176470586,3,1,0,0,2,0,0,0,18,16,0,8,0,25,1,0,0,0,0,0,0,0,0,34,0,0,0,1,0,0,0,0,0,0,1,L,0,0,0,0,0,0
7196,Chase Winovich,123,0.019284056910569104,6,3,1,0,13,0,0,0,17,83,0,0,0,0,0,0,0,0,0,0,0,23,100,0,123,0,1,0,0,1,0,0,0,0,0,R,0,0,0,0,0,0
7204,Khalen Saunders,136,0.026913294117647056,5,8,0,0,2,1,0,0,38,95,3,56,1,10,62,1,3,0,0,0,0,0,0,136,0,0,0,1,0,0,0,0,0,1,0,R,0,0,0,0,0,1
7217,Dre Greenlaw,61,0.03524221311475409,2,3,1,0,3,0,0,0,24,37,0,0,0,0,0,0,0,0,0,0,0,0,61,0,0,61,0,0,1,0,0,1,0,0,0,R,0,0,0,0,0,0
7236,Maxx Crosby,425,-0.001388505882352942,19,10,7,2,34,1,0,2,285,139,0,0,0,0,10,13,6,66,75,64,190,1,0,0,425,0,1,0,0,0,1,0,0,0,0,L,0,1,0,0,0,0
7239,Clelin Ferrell,314,-0.032176471337579615,13,14,2,1,14,2,0,0,2,312,0,0,0,2,7,6,19,73,52,77,75,0,3,0,314,0,1,0,0,1,0,0,0,0,0,R,0,1,0,0,0,0
7286,John Cominsky,31,-0.30268453333333334,1,4,0,1,5,1,0,0,28,3,0,0,0,0,6,1,4,2,6,2,10,0,0,0,31,0,1,0,0,0,1,0,0,0,0,L,0,0,0,0,0,0
7309,Miles Brown,90,-0.07920722222222222,1,0,0,0,1,1,0,0,33,51,6,9,4,51,15,1,3,1,0,0,0,0,0,90,0,0,0,1,0,0,0,0,0,1,0,R,0,0,0,0,0,0
7312,Michael Dogbe,68,0.04023566176470588,4,1,0,0,0,0,0,0,28,40,0,1,0,1,33,2,21,5,1,4,0,0,0,0,68,0,1,0,0,1,0,0,0,0,0,R,0,0,0,0,0,0
7332,Brian Burns,187,0.15448789304812835,4,2,2,0,13,0,0,0,33,150,0,0,0,0,2,0,2,12,14,18,65,4,70,0,0,187,0,0,1,0,0,1,0,0,0,R,0,0,0,0,0,0
7347,Chauncey Gardner-Johnson,38,0.0728659210526316,3,1,0,0,1,0,0,0,26,12,0,0,0,0,0,0,0,0,0,0,0,0,38,0,0,0,0,0,0,0,0,0,0,0,0,L,0,0,0,0,0,0
7348,Carl Granderson,78,-0.1382504487179487,4,4,0,0,4,0,0,0,43,35,0,0,0,0,1,1,1,3,11,20,27,0,14,0,78,0,1,0,0,0,1,0,0,0,0,L,0,1,0,0,0,0
7350,Porter Gustin,213,0.01820214553990611,8,4,1,0,7,0,0,0,82,130,0,0,0,0,10,5,12,51,52,30,43,1,9,0,213,0,1,0,0,1,0,0,0,0,0,R,0,0,0,0,0,0
7363,Shy Tuttle,184,-0.016559961956521742,5,7,1,0,6,1,0,0,85,82,17,70,9,59,28,0,0,1,0,0,0,0,0,184,0,0,0,1,0,0,0,0,0,0,1,L,0,0,0,0,1,0
7375,Greg Gaines,130,0.09713877692307693,4,3,0,0,3,0,0,0,61,65,4,121,1,3,1,0,0,0,0,0,0,0,0,130,0,0,0,1,0,0,0,0,0,1,0,R,0,0,0,0,1,0
7395,Cody Barton,126,0.1627906904761905,2,12,0,0,1,1,0,0,28,61,0,0,0,0,0,0,0,0,0,0,0,37,89,0,0,126,0,0,1,0,0,1,0,0,0,R,0,0,0,1,0,0
7399,L.J. Collier,84,0.0028188214285714223,0,1,0,0,1,0,0,0,40,43,1,0,0,0,14,3,6,30,1,26,2,0,1,0,84,0,1,0,0,1,0,0,0,0,0,R,0,0,0,0,0,0
7424,Anthony Rush,123,0.03466323577235773,6,3,0,0,2,2,0,0,36,81,6,22,5,36,46,2,6,0,0,0,0,0,0,123,0,0,0,1,0,0,0,0,0,1,0,R,0,0,0,0,1,0
7438,Sam Eguavoen,93,-0.11489934408602151,1,4,1,0,8,0,0,0,54,39,0,0,0,0,0,0,0,0,0,0,0,0,93,0,0,93,0,0,1,0,0,0,1,0,0,L,0,0,0,1,0,0
7512,Albert Huggins,30,-0.07884790000000001,0,2,0,0,1,0,0,0,6,23,1,0,3,8,14,0,4,0,0,0,0,0,0,0,30,0,1,0,0,1,0,0,0,0,0,R,0,0,0,0,0,0
7542,Isaiah Mack,39,0.080536820512820545,0,3,0,0,0,0,0,0,11,27,1,8,4,4,17,1,4,0,0,0,0,0,0,39,0,0,0,1,0,0,0,0,0,1,0,R,0,0,0,0,0,0
7547,Derick Roberson,28,-0.2719935357142857,4,1,3,0,4,0,0,0,9,18,0,0,0,0,1,1,0,0,0,3,18,1,4,0,0,28,0,0,1,0,0,1,0,0,0,R,0,0,0,0,0,0
